SkillTargetID	ScheduleID	PeripheralID	EnterpriseName	PeripheralNumber	PeripheralName	AvailableHoldoffDelay	Priority	BaseSkillTargetID	Extension	SubGroupMaskType	SubSkillGroupMask	ConfigParam	Description	Deleted	MRDomainID	IPTA	DefaultEntry	UserDeletable	ServiceLevelThreshold	ServiceLevelType	BucketIntervalID	ChangeStamp
5000	NULL	5000	CCM_PG1.Cisco_Voice.defaul.73715	15043	000788957144	-1	0	5000	NULL	0	NULL	NULL	NULL	N	1	Y	1	Y	-1	0	NULL	0
5001	NULL	5001	CCM_PG2.Cisco_Voice.defaul.54351	22498	000364799706	-1	0	5001	NULL	0	NULL	NULL	NULL	N	1	Y	1	Y	-1	0	NULL	0
5002	NULL	5002	CCM_PG3.Cisco_Voice.defaul.06404	6144	000339723248	-1	0	5002	NULL	0	NULL	NULL	NULL	N	1	Y	1	Y	-1	0	NULL	0
5003	NULL	5003	CCM_PG4.Cisco_Voice.defaul.32491	19020	000981246610	-1	0	5003	NULL	0	NULL	NULL	NULL	N	1	Y	1	Y	-1	0	NULL	0
5004	NULL	5004	CCM_PG5.Cisco_Voice.defaul.65742	31903	000945018956	-1	0	5004	NULL	0	NULL	NULL	NULL	N	1	Y	1	Y	-1	0	NULL	0
5006	NULL	5000	CCM_PG1.Test_Skill_99991	99991	Test_Skill_99991	-1	0	5006	99991	0	NNNNNNNNNNNNNNNNNNNNNNNNNNNNNNNNNNNNNNNNNNNNNNNN	NULL	NULL	N	1	Y	0	Y	-1	0	NULL	4
5010	NULL	5004	CCM_PG5.Test_Skill_9999	9999	Test_Skill_9999	-1	0	5010	5002	0	NNNNNNNNNNNNNNNNNNNNNNNNNNNNNNNNNNNNNNNNNNNNNNNN	NULL	NULL	N	1	Y	0	Y	-1	0	NULL	0
5013	NULL	5000	CCM_PG1.Test_Skill_99992	99992	Test_Skill_99992	-1	0	5013	NULL	0	NNNNNNNNNNNNNNNNNNNNNNNNNNNNNNNNNNNNNNNNNNNNNNNN	NULL	NULL	N	1	Y	0	Y	-1	0	NULL	0
5014	NULL	5000	CCM_PG1.Test_Skill_99993	99993	Test_Skill_99993	-1	0	5014	NULL	0	NNNNNNNNNNNNNNNNNNNNNNNNNNNNNNNNNNNNNNNNNNNNNNNN	NULL	NULL	N	1	Y	0	Y	-1	0	NULL	0
5015	NULL	5000	CCM_PG1.Test_Skill_99994	99994	Test_Skill_99994	-1	0	5015	NULL	0	NNNNNNNNNNNNNNNNNNNNNNNNNNNNNNNNNNNNNNNNNNNNNNNN	NULL	NULL	N	1	Y	0	Y	-1	0	NULL	0
5016	NULL	5000	CCM_PG1.Test_Skill_99995	99995	Test_Skill_99995	-1	0	5016	NULL	0	NNNNNNNNNNNNNNNNNNNNNNNNNNNNNNNNNNNNNNNNNNNNNNNN	NULL	NULL	N	1	Y	0	Y	-1	0	NULL	0
5017	NULL	5000	CCM_PG1.Test_Skill_99996	99996	Test_Skill_99996	-1	0	5017	NULL	0	NNNNNNNNNNNNNNNNNNNNNNNNNNNNNNNNNNNNNNNNNNNNNNNN	NULL	NULL	N	1	Y	0	Y	-1	0	NULL	0
5182	NULL	5000	CCM_PG1.230_EB_ENG_NSTAR	230	230_EB_ENG_NSTAR	-1	0	5182	230	0	NNNNNNNNNNNNNNNNNNNNNNNNNNNNNNNNNNNNNNNNNNNNNNNN	NULL	NULL	N	1	Y	0	Y	-1	0	NULL	1
5183	NULL	5000	CCM_PG1.200_EB_EN	200	200_EB_EN	-1	0	5183	200	1	NNNNNNNNNNNNNNNNNNNNNNNNNNNNNNNNNNNNNNNNNNNNNNNN	NULL	NULL	N	1	Y	0	Y	-1	0	NULL	3
5184	NULL	5000	CCM_PG1.210_EB_ENG_STARPLUS	210	210_EB_ENG_STARPLUS	-1	0	5184	210	0	NNNNNNNNNNNNNNNNNNNNNNNNNNNNNNNNNNNNNNNNNNNNNNNN	NULL	NULL	N	1	Y	0	Y	-1	0	NULL	1
5185	NULL	5000	CCM_PG1.220_EB_ENG_TP40	220	220_EB_ENG_TP40	-1	0	5185	220	1	NNNNNNNNNNNNNNNNNNNNNNNNNNNNNNNNNNNNNNNNNNNNNNNN	NULL	NULL	N	1	Y	0	Y	-1	0	NULL	2
5186	NULL	5000	CCM_PG1.245_EB_OUTREACH	245	245_EB_OUTREACH	-1	0	5186	245	0	NNNNNNNNNNNNNNNNNNNNNNNNNNNNNNNNNNNNNNNNNNNNNNNN	NULL	NULL	N	1	Y	0	Y	-1	0	NULL	1
5187	NULL	5000	CCM_PG1.254_EB_PD_OUTREACH	254	254_EB_PD_OUTREACH	-1	0	5187	254	1	NNNNNNNNNNNNNNNNNNNNNNNNNNNNNNNNNNNNNNNNNNNNNNNN	NULL	NULL	N	1	Y	0	Y	-1	0	NULL	2
5188	NULL	5000	CCM_PG1.252_EB_PD_STARPLUS	252	252_EB_PD_STARPLUS	-1	0	5188	252	1	NNNNNNNNNNNNNNNNNNNNNNNNNNNNNNNNNNNNNNNNNNNNNNNN	NULL	NULL	N	1	Y	0	Y	-1	0	NULL	2
5189	NULL	5000	CCM_PG1.250_EB_PD_STAR	250	250_EB_PD_STAR	-1	0	5189	250	1	NNNNNNNNNNNNNNNNNNNNNNNNNNNNNNNNNNNNNNNNNNNNNNNN	NULL	NULL	N	1	Y	0	Y	-1	0	NULL	3
5190	NULL	5000	CCM_PG1.240_EB_PROVIDER	240	240_EB_PROVIDER	-1	0	5190	240	0	NNNNNNNNNNNNNNNNNNNNNNNNNNNNNNNNNNNNNNNNNNNNNNNN	NULL	NULL	N	1	Y	0	Y	-1	0	NULL	1
5192	NULL	5000	CCM_PG1.231_EB_SPN_NSTAR	231	231_EB_SPN_NSTAR	-1	0	5192	231	1	NNNNNNNNNNNNNNNNNNNNNNNNNNNNNNNNNNNNNNNNNNNNNNNN	NULL	NULL	N	1	Y	0	Y	-1	0	NULL	2
5193	NULL	5000	CCM_PG1.201_EB_SP	201	201_EB_SP	-1	0	5193	201	0	NNNNNNNNNNNNNNNNNNNNNNNNNNNNNNNNNNNNNNNNNNNNNNNN	NULL	NULL	N	1	Y	0	Y	-1	0	NULL	2
5194	NULL	5000	CCM_PG1.211_EB_SPN_STARPLUS	211	211_EB_SPN_STARPLUS	-1	0	5194	211	0	NNNNNNNNNNNNNNNNNNNNNNNNNNNNNNNNNNNNNNNNNNNNNNNN	NULL	NULL	N	1	Y	0	Y	-1	0	NULL	1
5195	NULL	5000	CCM_PG1.221_EB_SPN_TP40	221	221_EB_SPN_TP40	-1	0	5195	221	1	NNNNNNNNNNNNNNNNNNNNNNNNNNNNNNNNNNNNNNNNNNNNNNNN	NULL	NULL	N	1	Y	0	Y	-1	0	NULL	2
5196	NULL	5000	CCM_PG1.100_THS_EN	100	100_THS_EN	-1	0	5196	100	1	NNNNNNNNNNNNNNNNNNNNNNNNNNNNNNNNNNNNNNNNNNNNNNNN	NULL	NULL	N	1	Y	0	Y	-1	0	NULL	4
5197	NULL	5000	CCM_PG1.110_THS_EN_APPT	110	110_THS_EN_APPT	-1	0	5197	110	0	NNNNNNNNNNNNNNNNNNNNNNNNNNNNNNNNNNNNNNNNNNNNNNNN	NULL	NULL	N	1	Y	0	Y	-1	0	NULL	3
5198	NULL	5000	CCM_PG1.120_THS_EN_CMI_SRU	120	120_THS_EN_CMI_SRU	-1	0	5198	120	0	NNNNNNNNNNNNNNNNNNNNNNNNNNNNNNNNNNNNNNNNNNNNNNNN	NULL	NULL	N	1	Y	0	Y	-1	0	NULL	3
5199	NULL	5000	CCM_PG1.115_THS_OUTREACH	115	115_THS_OUTREACH	-1	0	5199	115	0	NNNNNNNNNNNNNNNNNNNNNNNNNNNNNNNNNNNNNNNNNNNNNNNN	NULL	NULL	N	1	Y	0	Y	-1	0	NULL	2
5200	NULL	5000	CCM_PG1.136_THS_PD_CMI	136	136_THS_PD_CMI	-1	0	5200	136	0	NNNNNNNNNNNNNNNNNNNNNNNNNNNNNNNNNNNNNNNNNNNNNNNN	NULL	NULL	N	1	Y	0	Y	-1	0	NULL	2
5201	NULL	5000	CCM_PG1.132_THS_PD_HCO	132	132_THS_PD_HCO	-1	0	5201	132	0	NNNNNNNNNNNNNNNNNNNNNNNNNNNNNNNNNNNNNNNNNNNNNNNN	NULL	NULL	N	1	Y	0	Y	-1	0	NULL	2
5202	NULL	5000	CCM_PG1.130_THS_PD_NC	130	130_THS_PD_NC	-1	0	5202	130	0	NNNNNNNNNNNNNNNNNNNNNNNNNNNNNNNNNNNNNNNNNNNNNNNN	NULL	NULL	N	1	Y	0	Y	-1	0	NULL	2
5203	NULL	5000	CCM_PG1.134_THS_PD_NP	134	134_THS_PD_NP	-1	0	5203	134	0	NNNNNNNNNNNNNNNNNNNNNNNNNNNNNNNNNNNNNNNNNNNNNNNN	NULL	NULL	N	1	Y	0	Y	-1	0	NULL	2
5204	NULL	5000	CCM_PG1.101_THS_SP	101	101_THS_SP	-1	0	5204	101	0	NNNNNNNNNNNNNNNNNNNNNNNNNNNNNNNNNNNNNNNNNNNNNNNN	NULL	NULL	N	1	Y	0	Y	-1	0	NULL	3
5205	NULL	5000	CCM_PG1.111_THS_SP_APPT	111	111_THS_SP_APPT	-1	0	5205	111	0	NNNNNNNNNNNNNNNNNNNNNNNNNNNNNNNNNNNNNNNNNNNNNNNN	NULL	NULL	N	1	Y	0	Y	-1	0	NULL	3
5206	NULL	5000	CCM_PG1.121_THS_SP_CMI_SRU	121	121_THS_SP_CMI_SRU	-1	0	5206	121	0	NNNNNNNNNNNNNNNNNNNNNNNNNNNNNNNNNNNNNNNNNNNNNNNN	NULL	NULL	N	1	Y	0	Y	-1	0	NULL	3
5207	NULL	5000	CCM_PG1.695_THS_SUPERVISOR	695	695_THS_SUPERVISOR	-1	0	5207	695	0	NNNNNNNNNNNNNNNNNNNNNNNNNNNNNNNNNNNNNNNNNNNNNNNN	NULL	NULL	N	1	Y	0	Y	-1	0	NULL	5
5237	NULL	5000	CCM_PG1.998_Empirix_Test_1	998	998_Empirix_Test_1	-1	0	5237	998	0	NNNNNNNNNNNNNNNNNNNNNNNNNNNNNNNNNNNNNNNNNNNNNNNN	NULL	NULL	N	1	Y	0	Y	-1	0	NULL	0
5238	NULL	5000	CCM_PG1.999_Empirix_Test_2	999	999_Empirix_Test_2	-1	0	5238	999	0	NNNNNNNNNNNNNNNNNNNNNNNNNNNNNNNNNNNNNNNNNNNNNNNN	NULL	NULL	N	1	Y	0	Y	-1	0	NULL	0
5249	NULL	5000	CCM_PG1.850_WEATHER_Austin	850	850_WEATHER_Austin	-1	0	5249	850	0	NNNNNNNNNNNNNNNNNNNNNNNNNNNNNNNNNNNNNNNNNNNNNNNN	NULL	NULL	N	1	Y	0	Y	-1	0	NULL	1
5250	NULL	5000	CCM_PG1.800_EMERG_Austin	800	800_EMERG_Austin	-1	0	5250	800	0	NNNNNNNNNNNNNNNNNNNNNNNNNNNNNNNNNNNNNNNNNNNNNNNN	NULL	NULL	N	1	Y	0	Y	-1	0	NULL	1
5254	NULL	5000	CCM_PG1.851_WEATHER_Midland	851	851_WEATHER_Midland	-1	0	5254	851	0	NNNNNNNNNNNNNNNNNNNNNNNNNNNNNNNNNNNNNNNNNNNNNNNN	NULL	NULL	N	1	Y	0	Y	-1	0	NULL	0
5257	NULL	5000	CCM_PG1.699_EB_SUPERVISOR	699	699_EB_SUPERVISOR	-1	0	5257	699	0	NNNNNNNNNNNNNNNNNNNNNNNNNNNNNNNNNNNNNNNNNNNNNNNN	NULL	NULL	N	1	Y	0	Y	-1	0	NULL	2
5265	NULL	5000	CCM_PG1.400_TXH_ENG_TXHEART	400	400_TXH_ENG_TXHEART	-1	0	5265	400	1	NNNNNNNNNNNNNNNNNNNNNNNNNNNNNNNNNNNNNNNNNNNNNNNN	NULL	NULL	N	1	Y	0	Y	-1	0	NULL	3
5266	NULL	5000	CCM_PG1.401_TXH_SPN_TXHEART	401	401_TXH_SPN_TXHEART	-1	0	5266	401	1	NNNNNNNNNNNNNNNNNNNNNNNNNNNNNNNNNNNNNNNNNNNNNNNN	NULL	NULL	N	1	Y	0	Y	-1	0	NULL	1
5267	NULL	5000	CCM_PG1.405_TXH_ENG_1_TXHEART	405	405_TXH_ENG_1_TXHEART	-1	0	5267	405	0	NNNNNNNNNNNNNNNNNNNNNNNNNNNNNNNNNNNNNNNNNNNNNNNN	405_TXH_ENG_1_TXHEART	NULL	N	1	Y	0	Y	-1	0	NULL	0
5268	NULL	5000	CCM_PG1.410_TXH_SPN_1_TXHEART	410	410_TXH_SPN_1_TXHEART	-1	0	5268	410	0	NNNNNNNNNNNNNNNNNNNNNNNNNNNNNNNNNNNNNNNNNNNNNNNN	NULL	NULL	N	1	Y	0	Y	-1	0	NULL	1
5313	NULL	5000	CCM_PG1.500_CHIP_EN_ENROLL	500	500_CHIP_EN_ENROLL	-1	0	5313	500	0	NNNNNNNNNNNNNNNNNNNNNNNNNNNNNNNNNNNNNNNNNNNNNNNN	NULL	NULL	N	1	Y	0	Y	-1	0	NULL	0
5314	NULL	5000	CCM_PG1.501_CHIP_SP_ENROLL	501	501_CHIP_SP_ENROLL	-1	0	5314	501	1	NNNNNNNNNNNNNNNNNNNNNNNNNNNNNNNNNNNNNNNNNNNNNNNN	NULL	NULL	N	1	Y	0	Y	-1	0	NULL	1
5315	NULL	5000	CCM_PG1.510_CHIP_EN_ELIGIBILITY	510	510_CHIP_EN_ELIGIBILITY	-1	0	5315	NULL	1	NNNNNNNNNNNNNNNNNNNNNNNNNNNNNNNNNNNNNNNNNNNNNNNN	NULL	NULL	N	1	Y	0	Y	-1	0	NULL	1
5316	NULL	5000	CCM_PG1.511_CHIP_SP_ELIGIBILITY	511	511_CHIP_SP_ELIGIBILITY	-1	0	5316	NULL	1	NNNNNNNNNNNNNNNNNNNNNNNNNNNNNNNNNNNNNNNNNNNNNNNN	NULL	NULL	N	1	Y	0	Y	-1	0	NULL	1
5317	NULL	5001	CCM_PG2.500_CHIP_EN_ENROLL	500	500_CHIP_EN_ENROLL	-1	0	5317	500	0	NNNNNNNNNNNNNNNNNNNNNNNNNNNNNNNNNNNNNNNNNNNNNNNN	NULL	NULL	N	1	Y	0	Y	-1	0	NULL	1
5318	NULL	5001	CCM_PG2.501_CHIP_SP_ENROLL	501	501_CHIP_SP_ENROLL	-1	0	5318	501	0	NNNNNNNNNNNNNNNNNNNNNNNNNNNNNNNNNNNNNNNNNNNNNNNN	NULL	NULL	N	1	Y	0	Y	-1	0	NULL	0
5319	NULL	5001	CCM_PG2.510_CHIP_EN_ELIGIBILITY	510	510_CHIP_EN_ELIGIBILITY	-1	0	5319	510	0	NNNNNNNNNNNNNNNNNNNNNNNNNNNNNNNNNNNNNNNNNNNNNNNN	NULL	NULL	N	1	Y	0	Y	-1	0	NULL	0
5320	NULL	5001	CCM_PG2.511_CHIP_SP_ELIGIBILITY	511	511_CHIP_SP_ELIGIBILITY	-1	0	5320	511	0	NNNNNNNNNNNNNNNNNNNNNNNNNNNNNNNNNNNNNNNNNNNNNNNN	NULL	NULL	N	1	Y	0	Y	-1	0	NULL	0
5436	NULL	5000	CCM_PG1.520_CHIP_PROVIDER	520	520_CHIP_PROVIDER	-1	0	5436	520	1	NNNNNNNNNNNNNNNNNNNNNNNNNNNNNNNNNNNNNNNNNNNNNNNN	NULL	NULL	N	1	Y	0	Y	-1	0	NULL	1
5440	NULL	5000	CCM_PG1.5300_PROGRAM_TECH	5300	5300_PROGRAM_TECH	-1	0	5440	NULL	1	NNNNNNNNNNNNNNNNNNNNNNNNNNNNNNNNNNNNNNNNNNNNNNNN	NULL	NULL	N	1	Y	0	Y	-1	0	NULL	1
5441	NULL	5000	CCM_PG1.540_PROGRAM_ANALYSIS	540	540_PROGRAM_ANALYSIS	-1	0	5441	NULL	0	NNNNNNNNNNNNNNNNNNNNNNNNNNNNNNNNNNNNNNNNNNNNNNNN	NULL	NULL	N	1	Y	0	Y	-1	0	NULL	0
5442	NULL	5000	CCM_PG1.550_CHIP_RESEARCH	550	550_CHIP_RESEARCH	-1	0	5442	NULL	0	NNNNNNNNNNNNNNNNNNNNNNNNNNNNNNNNNNNNNNNNNNNNNNNN	NULL	NULL	N	1	Y	0	Y	-1	0	NULL	1
5443	NULL	5000	CCM_PG1.560_IMAGE_ASSEMBLY	560	560_IMAGE_ASSEMBLY	-1	0	5443	NULL	0	NNNNNNNNNNNNNNNNNNNNNNNNNNNNNNNNNNNNNNNNNNNNNNNN	NULL	NULL	N	1	Y	0	Y	-1	0	NULL	1
5481	NULL	5001	CCM_PG2.800_EMERG_Midland	800	801_EMERG_Midland	-1	0	5481	NULL	0	NNNNNNNNNNNNNNNNNNNNNNNNNNNNNNNNNNNNNNNNNNNNNNNN	NULL	NULL	N	1	Y	0	Y	-1	0	NULL	0
5482	NULL	5002	CCM_PG3.800_EMERG_SanAntonio	800	800_EMERG_SanAntonio	-1	0	5482	NULL	1	NNNNNNNNNNNNNNNNNNNNNNNNNNNNNNNNNNNNNNNNNNNNNNNN	NULL	NULL	N	1	Y	0	Y	-1	0	NULL	2
5483	NULL	5003	CCM_PG4.800_EMERG_EastTX	800	800_EMERG_EastTX	-1	0	5483	NULL	0	NNNNNNNNNNNNNNNNNNNNNNNNNNNNNNNNNNNNNNNNNNNNNNNN	NULL	NULL	N	1	Y	0	Y	-1	0	NULL	1
5579	NULL	5002	CCM_PG3.300_IEE_EN	300	300_IEE_EN	-1	0	5579	NULL	1	NNNNNNNNNNNNNNNNNNNNNNNNNNNNNNNNNNNNNNNNNNNNNNNN	NULL	NULL	N	1	Y	0	Y	-1	0	NULL	4
5580	NULL	5002	CCM_PG3.301_IEE_SP	301	301_IEE_SP	-1	0	5580	NULL	1	NNNNNNNNNNNNNNNNNNNNNNNNNNNNNNNNNNNNNNNNNNNNNNNN	NULL	NULL	N	1	Y	0	Y	-1	0	NULL	3
5592	NULL	5000	CCM_PG1.9999_Austin_Test_SG	9999	9999_Austin_Test_SG	-1	0	5592	NULL	0	NNNNNNNNNNNNNNNNNNNNNNNNNNNNNNNNNNNNNNNNNNNNNNNN	NULL	NULL	N	1	Y	0	Y	-1	0	NULL	0
5593	NULL	5001	CCM_PG2.9999_Midland_Test_SG	9999	9999_Midland_Test_SG	-1	0	5593	NULL	0	NNNNNNNNNNNNNNNNNNNNNNNNNNNNNNNNNNNNNNNNNNNNNNNN	NULL	NULL	N	1	Y	0	Y	-1	0	NULL	0
5994	NULL	5001	CCM_PG2.300_IEE_EN	300	300_IEE_EN	-1	0	5994	NULL	0	NNNNNNNNNNNNNNNNNNNNNNNNNNNNNNNNNNNNNNNNNNNNNNNN	NULL	NULL	N	1	Y	0	Y	-1	0	NULL	3
5995	NULL	5001	CCM_PG2.301_IEE_SP	301	301_IEE_SP	-1	0	5995	NULL	0	NNNNNNNNNNNNNNNNNNNNNNNNNNNNNNNNNNNNNNNNNNNNNNNN	NULL	NULL	N	1	Y	0	Y	-1	0	NULL	2
6037	NULL	5001	CCM_PG2.310_IEE_EN_EXP_BEN	310	310_IEE_EN_EXP_BEN	-1	0	6037	NULL	0	NNNNNNNNNNNNNNNNNNNNNNNNNNNNNNNNNNNNNNNNNNNNNNNN	NULL	NULL	N	1	Y	0	Y	-1	0	NULL	0
6038	NULL	5001	CCM_PG2.320_IEE_EN_FOOD_STAMPS	320	320_IEE_EN_FOOD_STAMPS	-1	0	6038	NULL	0	NNNNNNNNNNNNNNNNNNNNNNNNNNNNNNNNNNNNNNNNNNNNNNNN	NULL	NULL	N	1	Y	0	Y	-1	0	NULL	0
6039	NULL	5001	CCM_PG2.330_IEE_EN_TANF	330	330_IEE_EN_TANF	-1	0	6039	NULL	0	NNNNNNNNNNNNNNNNNNNNNNNNNNNNNNNNNNNNNNNNNNNNNNNN	NULL	NULL	N	1	Y	0	Y	-1	0	NULL	0
6040	NULL	5001	CCM_PG2.340_IEE_EN_MEDICAID_ELIG	340	340_IEE_EN_MEDICAID_ELIG	-1	0	6040	NULL	0	NNNNNNNNNNNNNNNNNNNNNNNNNNNNNNNNNNNNNNNNNNNNNNNN	NULL	NULL	N	1	Y	0	Y	-1	0	NULL	0
6041	NULL	5001	CCM_PG2.350_IEE_EN_MEDICARE_SAV	350	350_IEE_EN_MEDICARE_SAV	-1	0	6041	NULL	0	NNNNNNNNNNNNNNNNNNNNNNNNNNNNNNNNNNNNNNNNNNNNNNNN	NULL	NULL	N	1	Y	0	Y	-1	0	NULL	0
6042	NULL	5001	CCM_PG2.360_IEE_EN_LTC	360	360_IEE_EN_LTC	-1	0	6042	NULL	0	NNNNNNNNNNNNNNNNNNNNNNNNNNNNNNNNNNNNNNNNNNNNNNNN	NULL	NULL	N	1	Y	0	Y	-1	0	NULL	0
6044	NULL	5001	CCM_PG2.311_IEE_SP_EXP_BEN	311	311_IEE_SP_EXP_BEN	-1	0	6044	NULL	0	NNNNNNNNNNNNNNNNNNNNNNNNNNNNNNNNNNNNNNNNNNNNNNNN	NULL	NULL	N	1	Y	0	Y	-1	0	NULL	0
6045	NULL	5001	CCM_PG2.321_IEE_SP_FOOD_STAMPS	321	321_IEE_SP_FOOD_STAMPS	-1	0	6045	NULL	0	NNNNNNNNNNNNNNNNNNNNNNNNNNNNNNNNNNNNNNNNNNNNNNNN	NULL	NULL	N	1	Y	0	Y	-1	0	NULL	0
6046	NULL	5001	CCM_PG2.331_IEE_SP_TANF	331	331_IEE_SP_TANF	-1	0	6046	NULL	0	NNNNNNNNNNNNNNNNNNNNNNNNNNNNNNNNNNNNNNNNNNNNNNNN	NULL	NULL	N	1	Y	0	Y	-1	0	NULL	0
6047	NULL	5001	CCM_PG2.341_IEE_SP_MEDICAID_ELIG	341	341_IEE_SP_MEDICAID_ELIG	-1	0	6047	NULL	0	NNNNNNNNNNNNNNNNNNNNNNNNNNNNNNNNNNNNNNNNNNNNNNNN	NULL	NULL	N	1	Y	0	Y	-1	0	NULL	0
6048	NULL	5001	CCM_PG2.351_IEE_SP_MEDICARE_SAV	351	351_IEE_SP_MEDICARE_SAV	-1	0	6048	NULL	0	NNNNNNNNNNNNNNNNNNNNNNNNNNNNNNNNNNNNNNNNNNNNNNNN	NULL	NULL	N	1	Y	0	Y	-1	0	NULL	0
6049	NULL	5001	CCM_PG2.361_IEE_SP_LTC	361	361_IEE_SP_LTC	-1	0	6049	NULL	0	NNNNNNNNNNNNNNNNNNNNNNNNNNNNNNNNNNNNNNNNNNNNNNNN	NULL	NULL	N	1	Y	0	Y	-1	0	NULL	0
6062	NULL	5002	CCM_PG3.310_IEE_EN_EXP_BEN	310	310_IEE_EN_EXP_BEN	-1	0	6062	NULL	0	NNNNNNNNNNNNNNNNNNNNNNNNNNNNNNNNNNNNNNNNNNNNNNNN	NULL	NULL	N	1	Y	0	Y	-1	0	NULL	0
6063	NULL	5002	CCM_PG3.311_IEE_SP_EXP_BEN	311	311_IEE_SP_EXP_BEN	-1	0	6063	NULL	0	NNNNNNNNNNNNNNNNNNNNNNNNNNNNNNNNNNNNNNNNNNNNNNNN	NULL	NULL	N	1	Y	0	Y	-1	0	NULL	0
6064	NULL	5002	CCM_PG3.320_IEE_EN_FOOD_STAMPS	320	320_IEE_EN_FOOD_STAMPS	-1	0	6064	NULL	0	NNNNNNNNNNNNNNNNNNNNNNNNNNNNNNNNNNNNNNNNNNNNNNNN	NULL	NULL	N	1	Y	0	Y	-1	0	NULL	0
6065	NULL	5002	CCM_PG3.321_IEE_SP_FOOD_STAMPS	321	321_IEE_SP_FOOD_STAMPS	-1	0	6065	NULL	0	NNNNNNNNNNNNNNNNNNNNNNNNNNNNNNNNNNNNNNNNNNNNNNNN	NULL	NULL	N	1	Y	0	Y	-1	0	NULL	0
6066	NULL	5002	CCM_PG3.330_IEE_EN_TANF	330	330_IEE_EN_TANF	-1	0	6066	NULL	0	NNNNNNNNNNNNNNNNNNNNNNNNNNNNNNNNNNNNNNNNNNNNNNNN	NULL	NULL	N	1	Y	0	Y	-1	0	NULL	0
6067	NULL	5002	CCM_PG3.331_IEE_SP_TANF	331	331_IEE_SP_TANF	-1	0	6067	NULL	1	NNNNNNNNNNNNNNNNNNNNNNNNNNNNNNNNNNNNNNNNNNNNNNNN	NULL	NULL	N	1	Y	0	Y	-1	0	NULL	1
6068	NULL	5002	CCM_PG3.340_IEE_EN_MEDICAID_ELIG	340	340_IEE_EN_MEDICAID_ELIG	-1	0	6068	NULL	0	NNNNNNNNNNNNNNNNNNNNNNNNNNNNNNNNNNNNNNNNNNNNNNNN	NULL	NULL	N	1	Y	0	Y	-1	0	NULL	0
6069	NULL	5002	CCM_PG3.341_IEE_SP_MEDICAID_ELIG	341	341_IEE_SP_MEDICAID_ELIG	-1	0	6069	NULL	0	NNNNNNNNNNNNNNNNNNNNNNNNNNNNNNNNNNNNNNNNNNNNNNNN	NULL	NULL	N	1	Y	0	Y	-1	0	NULL	0
6070	NULL	5002	CCM_PG3.350_IEE_EN_MEDICARE_SAV	350	350_IEE_EN_MEDICARE_SAV	-1	0	6070	NULL	0	NNNNNNNNNNNNNNNNNNNNNNNNNNNNNNNNNNNNNNNNNNNNNNNN	NULL	NULL	N	1	Y	0	Y	-1	0	NULL	0
6071	NULL	5002	CCM_PG3.351_IEE_SP_MEDICARE_SAV	351	351_IEE_SP_MEDICARE_SAV	-1	0	6071	NULL	0	NNNNNNNNNNNNNNNNNNNNNNNNNNNNNNNNNNNNNNNNNNNNNNNN	NULL	NULL	N	1	Y	0	Y	-1	0	NULL	0
6072	NULL	5002	CCM_PG3.360_IEE_EN_LTC	360	360_IEE_EN_LTC	-1	0	6072	NULL	0	NNNNNNNNNNNNNNNNNNNNNNNNNNNNNNNNNNNNNNNNNNNNNNNN	NULL	NULL	N	1	Y	0	Y	-1	0	NULL	0
6073	NULL	5002	CCM_PG3.361_IEE_SP_LTC	361	361_IEE_SP_LTC	-1	0	6073	NULL	0	NNNNNNNNNNNNNNNNNNNNNNNNNNNNNNNNNNNNNNNNNNNNNNNN	NULL	NULL	N	1	Y	0	Y	-1	0	NULL	0
6146	NULL	5004	CCM_PG5.600_STATE_TW_SR	600	600_STATE_TW_SR	-1	0	6146	NULL	0	NNNNNNNNNNNNNNNNNNNNNNNNNNNNNNNNNNNNNNNNNNNNNNNN	NULL	NULL	N	1	Y	0	Y	-1	0	NULL	0
6147	NULL	5004	CCM_PG5.601_STATE_TW	601	601_STATE_TW	-1	0	6147	NULL	0	NNNNNNNNNNNNNNNNNNNNNNNNNNNNNNNNNNNNNNNNNNNNNNNN	NULL	NULL	N	1	Y	0	Y	-1	0	NULL	0
6148	NULL	5004	CCM_PG5.610_STATE_MEPD_CCC_EN	610	610_STATE_MEPD_CCC_EN	-1	0	6148	NULL	1	NNNNNNNNNNNNNNNNNNNNNNNNNNNNNNNNNNNNNNNNNNNNNNNN	NULL	State - MEPD CCC Skill English	N	1	Y	0	Y	-1	0	NULL	3
6149	NULL	5004	CCM_PG5.611_STATE_MEPD_CCC_SP	611	611_STATE_MEPD_CCC_SP	-1	0	6149	NULL	1	NNNNNNNNNNNNNNNNNNNNNNNNNNNNNNNNNNNNNNNNNNNNNNNN	NULL	State - MEPD CCC Skill Spanish	N	1	Y	0	Y	-1	0	NULL	1
6150	NULL	5004	CCM_PG5.620_STATE_REFUGEE	620	620_STATE_REFUGEE	-1	0	6150	NULL	0	NNNNNNNNNNNNNNNNNNNNNNNNNNNNNNNNNNNNNNNNNNNNNNNN	NULL	NULL	N	1	Y	0	Y	-1	0	NULL	0
6163	NULL	5001	CCM_PG2.380_IEE_PD_EXP_FS_EN	380	380_IEE_PD_EXP_FS_EN	-1	0	6163	380	0	NNNNNNNNNNNNNNNNNNNNNNNNNNNNNNNNNNNNNNNNNNNNNNNN	NULL	NULL	N	1	Y	0	Y	-1	0	NULL	1
6164	NULL	5001	CCM_PG2.381_IEE_PD_EXP_FS_SP	381	381_IEE_PD_EXP_FS_SP	-1	0	6164	381	0	NNNNNNNNNNNNNNNNNNNNNNNNNNNNNNNNNNNNNNNNNNNNNNNN	NULL	NULL	N	1	Y	0	Y	-1	0	NULL	1
6249	NULL	5002	CCM_PG3.9999_SanAntonio_Test_SG	9999	9999_SanAntonio_Test_SG	-1	0	6249	NULL	1	NNNNNNNNNNNNNNNNNNNNNNNNNNNNNNNNNNNNNNNNNNNNNNNN	NULL	NULL	N	1	Y	0	Y	-1	0	NULL	4
6383	NULL	5003	CCM_PG4.44444_MAXE_TEST	44444	44444_MAXE_TEST	-1	0	6383	NULL	0	NNNNNNNNNNNNNNNNNNNNNNNNNNNNNNNNNNNNNNNNNNNNNNNN	NULL	NULL	N	1	Y	0	Y	-1	0	NULL	0
6700	NULL	5001	CCM_PG2.390_IEE_EN_SEU	390	390_IEE_EN_SEU	-1	0	6700	NULL	0	NNNNNNNNNNNNNNNNNNNNNNNNNNNNNNNNNNNNNNNNNNNNNNNN	NULL	NULL	N	1	Y	0	Y	-1	0	NULL	1
6701	NULL	5001	CCM_PG2.391_IEE_SP_SEU	391	391_IEE_SP_SEU	-1	0	6701	NULL	0	NNNNNNNNNNNNNNNNNNNNNNNNNNNNNNNNNNNNNNNNNNNNNNNN	NULL	NULL	N	1	Y	0	Y	-1	0	NULL	1
6702	NULL	5002	CCM_PG3.390_IEE_EN_SEU	390	390_IEE_EN_SEU	-1	0	6702	NULL	0	NNNNNNNNNNNNNNNNNNNNNNNNNNNNNNNNNNNNNNNNNNNNNNNN	NULL	NULL	N	1	Y	0	Y	-1	0	NULL	1
6703	NULL	5002	CCM_PG3.391_IEE_SP_SEU	391	391_IEE_SP_SEU	-1	0	6703	NULL	0	NNNNNNNNNNNNNNNNNNNNNNNNNNNNNNNNNNNNNNNNNNNNNNNN	NULL	NULL	N	1	Y	0	Y	-1	0	NULL	1
6865	NULL	5004	CCM_PG5.630_STATE_ARTS	630	630_STATE_ARTS	-1	0	6865	NULL	1	NNNNNNNNNNNNNNNNNNNNNNNNNNNNNNNNNNNNNNNNNNNNNNNN	NULL	State Assistance Respose Team (ART)	N	1	Y	0	Y	-1	0	NULL	2
6868	NULL	5000	CCM_PG1.570_IEE_RESEARCH	570	570_IEE_RESEARCH	-1	0	6868	NULL	0	NNNNNNNNNNNNNNNNNNNNNNNNNNNNNNNNNNNNNNNNNNNNNNNN	NULL	NULL	N	1	Y	0	Y	-1	0	NULL	0
6933	NULL	5003	CCM_PG4.9998_Athens_Training_SG	9998	9998_Athens_Training_SG	-1	0	6933	NULL	0	NNNNNNNNNNNNNNNNNNNNNNNNNNNNNNNNNNNNNNNNNNNNNNNN	NULL	NULL	N	1	Y	0	Y	-1	0	NULL	1
6934	NULL	5001	CCM_PG2.9998_Midland_Training_C2	9998	9998_Midland_Training_C2	-1	0	6934	NULL	0	NNNNNNNNNNNNNNNNNNNNNNNNNNNNNNNNNNNNNNNNNNNNNNNN	NULL	Midland Training Class 2	N	1	Y	0	Y	-1	0	NULL	1
7284	NULL	5003	CCM_PG4.200_EB_EN	200	200_EB_EN	-1	0	7284	NULL	0	NNNNNNNNNNNNNNNNNNNNNNNNNNNNNNNNNNNNNNNNNNNNNNNN	NULL	NULL	N	1	Y	0	Y	-1	0	NULL	1
7285	NULL	5003	CCM_PG4.201_EB_SP	201	201_EB_SP	-1	0	7285	NULL	0	NNNNNNNNNNNNNNNNNNNNNNNNNNNNNNNNNNNNNNNNNNNNNNNN	NULL	NULL	N	1	Y	0	Y	-1	0	NULL	1
7286	NULL	5003	CCM_PG4.210_EB_ENG_STARPLUS	210	210_EB_ENG_STARPLUS	-1	0	7286	NULL	0	NNNNNNNNNNNNNNNNNNNNNNNNNNNNNNNNNNNNNNNNNNNNNNNN	NULL	NULL	N	1	Y	0	Y	-1	0	NULL	0
7287	NULL	5003	CCM_PG4.211_EB_SPN_STARPLUS	211	211_EB_SPN_STARPLUS	-1	0	7287	NULL	0	NNNNNNNNNNNNNNNNNNNNNNNNNNNNNNNNNNNNNNNNNNNNNNNN	NULL	NULL	N	1	Y	0	Y	-1	0	NULL	1
7288	NULL	5003	CCM_PG4.220_EB_ENG_TP40	220	220_EB_ENG_TP40	-1	0	7288	NULL	0	NNNNNNNNNNNNNNNNNNNNNNNNNNNNNNNNNNNNNNNNNNNNNNNN	NULL	NULL	N	1	Y	0	Y	-1	0	NULL	0
7289	NULL	5003	CCM_PG4.221_EB_SPN_TP40	221	221_EB_SPN_TP40	-1	0	7289	NULL	0	NNNNNNNNNNNNNNNNNNNNNNNNNNNNNNNNNNNNNNNNNNNNNNNN	NULL	NULL	N	1	Y	0	Y	-1	0	NULL	0
7290	NULL	5003	CCM_PG4.230_EB_ENG_NSTAR	230	230_EB_ENG_NSTAR	-1	0	7290	NULL	0	NNNNNNNNNNNNNNNNNNNNNNNNNNNNNNNNNNNNNNNNNNNNNNNN	NULL	NULL	N	1	Y	0	Y	-1	0	NULL	0
7291	NULL	5003	CCM_PG4.231_EB_SPN_NSTAR	231	231_EB_SPN_NSTAR	-1	0	7291	NULL	0	NNNNNNNNNNNNNNNNNNNNNNNNNNNNNNNNNNNNNNNNNNNNNNNN	NULL	NULL	N	1	Y	0	Y	-1	0	NULL	0
7478	NULL	5001	CCM_PG2.810_WFM_Midland	810	810_WFM_Midland	-1	0	7478	NULL	0	NNNNNNNNNNNNNNNNNNNNNNNNNNNNNNNNNNNNNNNNNNNNNNNN	NULL	NULL	N	1	Y	0	Y	-1	0	NULL	0
7558	NULL	5000	CCM_PG1.810_WFM_Austin	810	810_WFM_Austin	-1	0	7558	NULL	0	NNNNNNNNNNNNNNNNNNNNNNNNNNNNNNNNNNNNNNNNNNNNNNNN	NULL	NULL	N	1	Y	0	Y	-1	0	NULL	0
7568	NULL	5003	CCM_PG4.254_EB_PD_OUTREACH	254	254_EB_PD_OUTREACH	-1	0	7568	254	0	NNNNNNNNNNNNNNNNNNNNNNNNNNNNNNNNNNNNNNNNNNNNNNNN	NULL	NULL	N	1	Y	0	Y	-1	0	NULL	0
7605	NULL	5003	CCM_PG4.9999_Athens_Test_SG	9999	9999_Athens_Test_SG	-1	0	7605	NULL	0	NNNNNNNNNNNNNNNNNNNNNNNNNNNNNNNNNNNNNNNNNNNNNNNN	NULL	NULL	N	1	Y	0	Y	-1	0	NULL	0
7606	NULL	5000	CCM_PG1.503_CHIP_PD_ENROLL	503	503_CHIP_PD_ENROLL	-1	0	7606	503	1	NNNNNNNNNNNNNNNNNNNNNNNNNNNNNNNNNNNNNNNNNNNNNNNN	NULL	NULL	N	1	Y	0	Y	-1	0	NULL	1
7609	NULL	5003	CCM_PG4.100_THS_EN	100	100_THS_EN	-1	0	7609	100	0	NNNNNNNNNNNNNNNNNNNNNNNNNNNNNNNNNNNNNNNNNNNNNNNN	NULL	NULL	N	1	Y	0	Y	-1	0	NULL	3
7610	NULL	5003	CCM_PG4.101_THS_SP	101	101_THS_SP	-1	0	7610	101	0	NNNNNNNNNNNNNNNNNNNNNNNNNNNNNNNNNNNNNNNNNNNNNNNN	NULL	NULL	N	1	Y	0	Y	-1	0	NULL	4
7611	NULL	5003	CCM_PG4.300_IEE_EN	300	300_IEES_EN	-1	0	7611	300	0	NNNNNNNNNNNNNNNNNNNNNNNNNNNNNNNNNNNNNNNNNNNNNNNN	NULL	NULL	N	1	Y	0	Y	-1	0	NULL	4
7612	NULL	5003	CCM_PG4.301_IEE_SP	301	301_IEES_SP	-1	0	7612	301	0	NNNNNNNNNNNNNNNNNNNNNNNNNNNNNNNNNNNNNNNNNNNNNNNN	NULL	NULL	N	1	Y	0	Y	-1	0	NULL	3
7614	NULL	5003	CCM_PG4.310_IEE_EN_EXP_BEN	310	310_IEE_EN_EXP_BEN	-1	0	7614	NULL	0	NNNNNNNNNNNNNNNNNNNNNNNNNNNNNNNNNNNNNNNNNNNNNNNN	NULL	NULL	N	1	Y	0	Y	-1	0	NULL	0
7615	NULL	5003	CCM_PG4.311_IEE_SP_EXP_BEN	311	311_IEE_SP_EXP_BEN	-1	0	7615	NULL	0	NNNNNNNNNNNNNNNNNNNNNNNNNNNNNNNNNNNNNNNNNNNNNNNN	NULL	NULL	N	1	Y	0	Y	-1	0	NULL	0
7616	NULL	5003	CCM_PG4.320_IEE_EN_FOOD_STAMPS	320	320_IEE_EN_FOOD_STAMPS	-1	0	7616	NULL	0	NNNNNNNNNNNNNNNNNNNNNNNNNNNNNNNNNNNNNNNNNNNNNNNN	NULL	NULL	N	1	Y	0	Y	-1	0	NULL	0
7617	NULL	5003	CCM_PG4.321_IEE_SP_FOOD_STAMPS	321	321_IEE_SP_FOOD_STAMPS	-1	0	7617	NULL	0	NNNNNNNNNNNNNNNNNNNNNNNNNNNNNNNNNNNNNNNNNNNNNNNN	NULL	NULL	N	1	Y	0	Y	-1	0	NULL	0
7618	NULL	5003	CCM_PG4.330_IEE_EN_TANF	330	330_IEE_EN_TANF	-1	0	7618	NULL	0	NNNNNNNNNNNNNNNNNNNNNNNNNNNNNNNNNNNNNNNNNNNNNNNN	NULL	NULL	N	1	Y	0	Y	-1	0	NULL	0
7619	NULL	5003	CCM_PG4.331_IEE_SP_TANF	331	331_IEE_SP_TANF	-1	0	7619	NULL	0	NNNNNNNNNNNNNNNNNNNNNNNNNNNNNNNNNNNNNNNNNNNNNNNN	NULL	NULL	N	1	Y	0	Y	-1	0	NULL	0
7620	NULL	5003	CCM_PG4.340_IEE_EN_MEDICAID_ELIG	340	340_IEE_EN_MEDICAID_ELIG	-1	0	7620	NULL	0	NNNNNNNNNNNNNNNNNNNNNNNNNNNNNNNNNNNNNNNNNNNNNNNN	NULL	NULL	N	1	Y	0	Y	-1	0	NULL	0
7621	NULL	5003	CCM_PG4.341_IEE_SP_MEDICAID_ELIG	341	341_IEE_SP_MEDICAID_ELIG	-1	0	7621	NULL	0	NNNNNNNNNNNNNNNNNNNNNNNNNNNNNNNNNNNNNNNNNNNNNNNN	NULL	NULL	N	1	Y	0	Y	-1	0	NULL	0
7622	NULL	5003	CCM_PG4.350_IEE_EN_MEDICARE_SAV	350	350_IEE_EN_MEDICARE_SAV	-1	0	7622	NULL	0	NNNNNNNNNNNNNNNNNNNNNNNNNNNNNNNNNNNNNNNNNNNNNNNN	NULL	NULL	N	1	Y	0	Y	-1	0	NULL	0
7623	NULL	5003	CCM_PG4.351_IEE_SP_MEDICARE_SAV	351	351_IEE_SP_MEDICARE_SAV	-1	0	7623	NULL	0	NNNNNNNNNNNNNNNNNNNNNNNNNNNNNNNNNNNNNNNNNNNNNNNN	NULL	NULL	N	1	Y	0	Y	-1	0	NULL	0
7624	NULL	5003	CCM_PG4.360_IEE_EN_LTC	360	360_IEE_EN_LTC	-1	0	7624	NULL	0	NNNNNNNNNNNNNNNNNNNNNNNNNNNNNNNNNNNNNNNNNNNNNNNN	NULL	NULL	N	1	Y	0	Y	-1	0	NULL	0
7625	NULL	5003	CCM_PG4.361_IEE_SP_LTC	361	361_IEE_SP_LTC	-1	0	7625	NULL	0	NNNNNNNNNNNNNNNNNNNNNNNNNNNNNNNNNNNNNNNNNNNNNNNN	NULL	NULL	N	1	Y	0	Y	-1	0	NULL	0
8220	NULL	5001	CCM_PG2.503_CHIP_EN_SEU	503	503_CHIP_EN_SEU	-1	0	8220	503	0	NNNNNNNNNNNNNNNNNNNNNNNNNNNNNNNNNNNNNNNNNNNNNNNN	NULL	NULL	N	1	Y	0	Y	-1	0	NULL	0
8221	NULL	5001	CCM_PG2.513_CHIP_SP_SEU	513	513_CHIP_SP_SEU	-1	0	8221	513	0	NNNNNNNNNNNNNNNNNNNNNNNNNNNNNNNNNNNNNNNNNNNNNNNN	NULL	NULL	N	1	Y	0	Y	-1	0	NULL	0
8242	NULL	5000	CCM_PG1.515_CHIP_EN_SKIP	515	515_CHIP_EN_SKIP	-1	0	8242	NULL	0	NNNNNNNNNNNNNNNNNNNNNNNNNNNNNNNNNNNNNNNNNNNNNNNN	NULL	NULL	N	1	Y	0	Y	-1	0	NULL	0
8243	NULL	5000	CCM_PG1.517_CHIP_SP_SKIP	517	517_CHIP_SP_SKIP	-1	0	8243	NULL	0	NNNNNNNNNNNNNNNNNNNNNNNNNNNNNNNNNNNNNNNNNNNNNNNN	NULL	NULL	N	1	Y	0	Y	-1	0	NULL	1
8244	NULL	5001	CCM_PG2.515_CHIP_EN_SKIP	515	515_CHIP_EN_SKIP	-1	0	8244	NULL	0	NNNNNNNNNNNNNNNNNNNNNNNNNNNNNNNNNNNNNNNNNNNNNNNN	NULL	NULL	N	1	Y	0	Y	-1	0	NULL	0
8245	NULL	5001	CCM_PG2.517_CHIP_SP_SKIP	517	517_CHIP_SP_SKIP	-1	0	8245	NULL	0	NNNNNNNNNNNNNNNNNNNNNNNNNNNNNNNNNNNNNNNNNNNNNNNN	NULL	NULL	N	1	Y	0	Y	-1	0	NULL	1
8250	NULL	5001	CCM_PG2.521_CHIP_EN_OPS	521	521_CHIP_EN_OPS	-1	0	8250	NULL	0	NNNNNNNNNNNNNNNNNNNNNNNNNNNNNNNNNNNNNNNNNNNNNNNN	NULL	CHIP OPS English Phone Queue	N	1	Y	0	Y	-1	0	NULL	0
8251	NULL	5001	CCM_PG2.523_CHIP_SP_OPS	523	523_CHIP_SP_OPS	-1	0	8251	NULL	0	NNNNNNNNNNNNNNNNNNNNNNNNNNNNNNNNNNNNNNNNNNNNNNNN	NULL	NULL	N	1	Y	0	Y	-1	0	NULL	0
8282	NULL	5000	CCM_PG1.521_CHIP_EN_OPS	521	521_CHIP_EN_OPS	-1	0	8282	NULL	1	NNNNNNNNNNNNNNNNNNNNNNNNNNNNNNNNNNNNNNNNNNNNNNNN	NULL	NULL	N	1	Y	0	Y	-1	0	NULL	2
8283	NULL	5000	CCM_PG1.523_CHIP_SP_OPS	523	CCM_PG1.523_CHIP_SP_OPS	-1	0	8283	NULL	0	NNNNNNNNNNNNNNNNNNNNNNNNNNNNNNNNNNNNNNNNNNNNNNNN	NULL	NULL	N	1	Y	0	Y	-1	0	NULL	1
8329	NULL	5001	CCM_PG2.530_CHIP_EN_PERINATAL	530	530_CHIP_EN_PERINATAL	-1	0	8329	NULL	0	NNNNNNNNNNNNNNNNNNNNNNNNNNNNNNNNNNNNNNNNNNNNNNNN	NULL	NULL	N	1	Y	0	Y	-1	0	NULL	0
8330	NULL	5001	CCM_PG2.531_CHIP_SP_PERINATAL	531	531_CHIP_SP_PERINATAL	-1	0	8330	NULL	0	NNNNNNNNNNNNNNNNNNNNNNNNNNNNNNNNNNNNNNNNNNNNNNNN	NULL	NULL	N	1	Y	0	Y	-1	0	NULL	0
8406	NULL	5003	CCM_PG4.500_CHIP_EN_ENROLL	500	500_CHIP_EN_ENROLL	-1	0	8406	500	0	NNNNNNNNNNNNNNNNNNNNNNNNNNNNNNNNNNNNNNNNNNNNNNNN	NULL	NULL	N	1	Y	0	Y	-1	0	NULL	0
8407	NULL	5003	CCM_PG4.501_CHIP_SP_ENROLL	501	501_CHIP_SP_ENROLL	-1	0	8407	NULL	0	NNNNNNNNNNNNNNNNNNNNNNNNNNNNNNNNNNNNNNNNNNNNNNNN	NULL	NULL	N	1	Y	0	Y	-1	0	NULL	0
8408	NULL	5003	CCM_PG4.510_CHIP_EN_ELIGIBILITY	510	510_CHIP_EN_ELIGIBILITY	-1	0	8408	NULL	0	NNNNNNNNNNNNNNNNNNNNNNNNNNNNNNNNNNNNNNNNNNNNNNNN	NULL	NULL	N	1	Y	0	Y	-1	0	NULL	0
8409	NULL	5003	CCM_PG4.511_CHIP_SP_ELIGIBILITY	511	511_CHIP_SP_ELIGIBILITY	-1	0	8409	NULL	0	NNNNNNNNNNNNNNNNNNNNNNNNNNNNNNNNNNNNNNNNNNNNNNNN	NULL	NULL	N	1	Y	0	Y	-1	0	NULL	0
8410	NULL	5003	CCM_PG4.515_CHIP_EN_SKIP	515	515_CHIP_EN_SKIP	-1	0	8410	NULL	0	NNNNNNNNNNNNNNNNNNNNNNNNNNNNNNNNNNNNNNNNNNNNNNNN	NULL	NULL	N	1	Y	0	Y	-1	0	NULL	0
8411	NULL	5003	CCM_PG4.517_CHIP_SP_SKIP	517	517_CHIP_SP_SKIP	-1	0	8411	NULL	0	NNNNNNNNNNNNNNNNNNNNNNNNNNNNNNNNNNNNNNNNNNNNNNNN	NULL	NULL	N	1	Y	0	Y	-1	0	NULL	0
8412	NULL	5003	CCM_PG4.530_CHIP_EN_PERINATAL	530	530_CHIP_EN_PERINATAL	-1	0	8412	NULL	0	NNNNNNNNNNNNNNNNNNNNNNNNNNNNNNNNNNNNNNNNNNNNNNNN	NULL	NULL	N	1	Y	0	Y	-1	0	NULL	0
8413	NULL	5003	CCM_PG4.531_CHIP_SP_PERINATAL	531	531_CHIP_SP_PERINATAL	-1	0	8413	NULL	0	NNNNNNNNNNNNNNNNNNNNNNNNNNNNNNNNNNNNNNNNNNNNNNNN	NULL	NULL	N	1	Y	0	Y	-1	0	NULL	0
8436	NULL	5003	CCM_PG4.115_THS_OUTREACH	115	115_THS_OUTREACH	-1	0	8436	NULL	0	NNNNNNNNNNNNNNNNNNNNNNNNNNNNNNNNNNNNNNNNNNNNNNNN	NULL	NULL	N	1	Y	0	Y	-1	0	NULL	0
8602	NULL	5001	CCM_PG2.370_IEE_CALLBACK	370	370_IEE_CALLBACK	-1	0	8602	NULL	0	NNNNNNNNNNNNNNNNNNNNNNNNNNNNNNNNNNNNNNNNNNNNNNNN	NULL	NULL	N	1	Y	0	Y	-1	0	NULL	0
8607	NULL	5001	CCM_PG2.505_CHIP_PD_ENROLL	505	505_CHIP_PD_ENROLL	-1	0	8607	NULL	0	NNNNNNNNNNNNNNNNNNNNNNNNNNNNNNNNNNNNNNNNNNNNNNNN	NULL	NULL	N	1	Y	0	Y	-1	0	NULL	0
8832	NULL	5003	CCM_PG4.810_Athens_WFM_SG	810	Athens_WFM	-1	0	8832	NULL	0	NNNNNNNNNNNNNNNNNNNNNNNNNNNNNNNNNNNNNNNNNNNNNNNN	NULL	NULL	N	1	Y	0	Y	-1	0	NULL	0
8912	NULL	5002	CCM_PG3.900_Callback_Pilot	900	900_Callback_Pilot	-1	0	8912	NULL	0	NNNNNNNNNNNNNNNNNNNNNNNNNNNNNNNNNNNNNNNNNNNNNNNN	NULL	NULL	N	1	Y	0	Y	-1	0	NULL	0
8913	NULL	5001	CCM_PG2.540_CHIP_PD_REMINDER	540	540_CHIP_PD_REMINDER	-1	0	8913	NULL	0	NNNNNNNNNNNNNNNNNNNNNNNNNNNNNNNNNNNNNNNNNNNNNNNN	NULL	NULL	N	1	Y	0	Y	-1	0	NULL	0
9026	NULL	5001	CCM_PG2.9997_IEE_EN_TEST	9997	9997_IEE_EN_TEST	-1	0	9026	NULL	0	NNNNNNNNNNNNNNNNNNNNNNNNNNNNNNNNNNNNNNNNNNNNNNNN	NULL	NULL	N	1	Y	0	Y	-1	0	NULL	1
9071	NULL	5000	CCM_PG1.860_DISASTER_OVERFLOW_EN	860	860_DISASTER_OVERFLOW_EN	-1	0	9071	NULL	1	NNNNNNNNNNNNNNNNNNNNNNNNNNNNNNNNNNNNNNNNNNNNNNNN	NULL	NULL	N	1	Y	0	Y	-1	0	NULL	2
9072	NULL	5000	CCM_PG1.861_DISASTER_OVERFLOW_SP	861	861_DISASTER_OVERFLOW_SP	-1	0	9072	NULL	1	NNNNNNNNNNNNNNNNNNNNNNNNNNNNNNNNNNNNNNNNNNNNNNNN	NULL	NULL	N	1	Y	0	Y	-1	0	NULL	2
9100	NULL	5000	CCM_PG1.580_CHIP_PD_PhoneMI_EN	580	580_CHIP_PD_PhoneMI_EN	-1	0	9100	580	0	NNNNNNNNNNNNNNNNNNNNNNNNNNNNNNNNNNNNNNNNNNNNNNNN	NULL	NULL	Y	1	Y	0	Y	-1	0	NULL	1
9101	NULL	5000	CCM_PG1.581_CHIP_PD_PhoneMI_SP	581	581_CHIP_PD_PhoneMI_SP	-1	0	9101	NULL	0	NNNNNNNNNNNNNNNNNNNNNNNNNNNNNNNNNNNNNNNNNNNNNNNN	NULL	NULL	Y	1	Y	0	Y	-1	0	NULL	0
9282	NULL	5001	CCM_PG2.580_CHIP_PD_MI_EN	580	580_CHIP_PD_MI_EN	-1	0	9282	580	0	NNNNNNNNNNNNNNNNNNNNNNNNNNNNNNNNNNNNNNNNNNNNNNNN	NULL	NULL	Y	1	Y	0	Y	-1	0	NULL	1
9283	NULL	5001	CCM_PG2.581_CHIP_PD_MI_SP	581	581_CHIP_PD_MI_SP	-1	0	9283	NULL	0	NNNNNNNNNNNNNNNNNNNNNNNNNNNNNNNNNNNNNNNNNNNNNNNN	NULL	NULL	Y	1	Y	0	Y	-1	0	NULL	1
9284	NULL	5001	CCM_PG2.582_CHIP_PD_IVA_EN	582	582_CHIP_PD_IVA_EN	-1	0	9284	NULL	0	NNNNNNNNNNNNNNNNNNNNNNNNNNNNNNNNNNNNNNNNNNNNNNNN	NULL	NULL	Y	1	Y	0	Y	-1	0	NULL	1
9285	NULL	5001	CCM_PG2.583_CHIP_PD_IVA_SP	583	583_CHIP_PD_IVA_SP	-1	0	9285	NULL	0	NNNNNNNNNNNNNNNNNNNNNNNNNNNNNNNNNNNNNNNNNNNNNNNN	NULL	NULL	Y	1	Y	0	Y	-1	0	NULL	1
9286	NULL	5001	CCM_PG2.584_CHIP_PD_Enrl_EN	584	584_CHIP_PD_Enrl_EN	-1	0	9286	NULL	0	NNNNNNNNNNNNNNNNNNNNNNNNNNNNNNNNNNNNNNNNNNNNNNNN	NULL	NULL	Y	1	Y	0	Y	-1	0	NULL	1
9287	NULL	5001	CCM_PG2.585_CHIP_PD_EnrlI_SP	585	585_CHIP_PD_Enrl_SP	-1	0	9287	NULL	0	NNNNNNNNNNNNNNNNNNNNNNNNNNNNNNNNNNNNNNNNNNNNNNNN	NULL	NULL	Y	1	Y	0	Y	-1	0	NULL	1
9827	NULL	5000	CCM_PG1.586_CHIP_PT_PD_MI_EN	586	586_CHIP_PT_PD_MI_EN	-1	0	9827	NULL	1	NNNNNNNNNNNNNNNNNNNNNNNNNNNNNNNNNNNNNNNNNNNNNNNN	NULL	NULL	N	1	Y	0	Y	-1	0	NULL	2
9828	NULL	5000	CCM_PG1.588_CHIP_PT_PD_IVA_EN	588	588_CHIP_PT_PD_IVA_EN	-1	0	9828	NULL	1	NNNNNNNNNNNNNNNNNNNNNNNNNNNNNNNNNNNNNNNNNNNNNNNN	NULL	NULL	N	1	Y	0	Y	-1	0	NULL	3
9829	NULL	5000	CCM_PG1.589_CHIP_PT_PD_IVA_SP	589	589_CHIP_PT_PD_IVA_SP	-1	0	9829	NULL	1	NNNNNNNNNNNNNNNNNNNNNNNNNNNNNNNNNNNNNNNNNNNNNNNN	NULL	NULL	N	1	Y	0	Y	-1	0	NULL	2
9830	NULL	5000	CCM_PG1.587_CHIP_PT_PD_MI_SP	587	587_CHIP_PT_PD_MI_SP	-1	0	9830	NULL	0	NNNNNNNNNNNNNNNNNNNNNNNNNNNNNNNNNNNNNNNNNNNNNNNN	NULL	NULL	N	1	Y	0	Y	-1	0	NULL	1
9831	NULL	5000	CCM_PG1.5800_CHIP_PT_PD_Enrl_EN	5800	5800_CHIP_PT_PD_Enrollment_EN	-1	0	9831	NULL	0	NNNNNNNNNNNNNNNNNNNNNNNNNNNNNNNNNNNNNNNNNNNNNNNN	NULL	NULL	N	1	Y	0	Y	-1	0	NULL	1
9832	NULL	5000	CCM_PG1.5801_CHIP_PT_PD_Enrl_SP	5801	5801_CHIP_PT_PD_Enrollment_SP	-1	0	9832	NULL	0	NNNNNNNNNNNNNNNNNNNNNNNNNNNNNNNNNNNNNNNNNNNNNNNN	NULL	NULL	N	1	Y	0	Y	-1	0	NULL	1
9833	NULL	5001	CCM_PG2.5800_CHIP_PT_PD_MailMI_E	5800	5800_CHIP_PT_PD_MailMI_EN	-1	0	9833	NULL	0	NNNNNNNNNNNNNNNNNNNNNNNNNNNNNNNNNNNNNNNNNNNNNNNN	NULL	NULL	Y	1	Y	0	Y	-1	0	NULL	0
9834	NULL	5001	CCM_PG2.5801_CHIP_PT_PD_MailMI_S	5801	5801_CHIP_PT_PD_MailMI_SP	-1	0	9834	NULL	0	NNNNNNNNNNNNNNNNNNNNNNNNNNNNNNNNNNNNNNNNNNNNNNNN	NULL	NULL	Y	1	Y	0	Y	-1	0	NULL	0
9835	NULL	5001	CCM_PG2.586_CHIP_PT_PD_PhoneMI_E	586	586_CHIP_PT_PD_PhoneMI_EN	-1	0	9835	NULL	0	NNNNNNNNNNNNNNNNNNNNNNNNNNNNNNNNNNNNNNNNNNNNNNNN	NULL	NULL	Y	1	Y	0	Y	-1	0	NULL	0
9836	NULL	5001	CCM_PG2.587_CHIP_PT_PD_PhoneMI_S	587	587_CHIP_PT_PD_PhoneMI_SP	-1	0	9836	NULL	0	NNNNNNNNNNNNNNNNNNNNNNNNNNNNNNNNNNNNNNNNNNNNNNNN	NULL	NULL	Y	1	Y	0	Y	-1	0	NULL	0
9837	NULL	5001	CCM_PG2.588_CHIP_PT_PD_MixedMI_E	588	588_CHIP_PT_PD_MixedMI_EN	-1	0	9837	NULL	0	NNNNNNNNNNNNNNNNNNNNNNNNNNNNNNNNNNNNNNNNNNNNNNNN	NULL	NULL	Y	1	Y	0	Y	-1	0	NULL	0
9838	NULL	5001	CCM_PG2.589_CHIP_PT_PD_MixedMI_S	589	589_CHIP_PT_PD_MixedMI_SP	-1	0	9838	NULL	0	NNNNNNNNNNNNNNNNNNNNNNNNNNNNNNNNNNNNNNNNNNNNNNNN	NULL	NULL	Y	1	Y	0	Y	-1	0	NULL	0
9839	NULL	5002	CCM_PG3.5800_CHIP_PT_PD_MailMI_E	5800	5800_CHIP_PT_PD_MailMI_EN	-1	0	9839	NULL	0	NNNNNNNNNNNNNNNNNNNNNNNNNNNNNNNNNNNNNNNNNNNNNNNN	NULL	NULL	Y	1	Y	0	Y	-1	0	NULL	0
9840	NULL	5002	CCM_PG3.5801_CHIP_PT_PD_MailMI_S	5801	5801_CHIP_PT_PD_MailMI_SP	-1	0	9840	NULL	0	NNNNNNNNNNNNNNNNNNNNNNNNNNNNNNNNNNNNNNNNNNNNNNNN	NULL	NULL	Y	1	Y	0	Y	-1	0	NULL	0
9841	NULL	5002	CCM_PG3.580_CHIP_PD_PhoneMI_EN	580	580_CHIP_PD_PhoneMI_EN	-1	0	9841	NULL	0	NNNNNNNNNNNNNNNNNNNNNNNNNNNNNNNNNNNNNNNNNNNNNNNN	NULL	NULL	Y	1	Y	0	Y	-1	0	NULL	0
9842	NULL	5002	CCM_PG3.581_CHIP_PD_PhoneMI_SP	581	581_CHIP_PD_PhoneMI_SP	-1	0	9842	NULL	0	NNNNNNNNNNNNNNNNNNNNNNNNNNNNNNNNNNNNNNNNNNNNNNNN	NULL	NULL	Y	1	Y	0	Y	-1	0	NULL	0
9843	NULL	5002	CCM_PG3.582_CHIP_PD_MixedMI_EN	582	582_CHIP_PD_MixedMI_EN	-1	0	9843	NULL	0	NNNNNNNNNNNNNNNNNNNNNNNNNNNNNNNNNNNNNNNNNNNNNNNN	NULL	NULL	Y	1	Y	0	Y	-1	0	NULL	0
9844	NULL	5002	CCM_PG3.583_CHIP_PD_MixedMI_SP	583	583_CHIP_PD_MixedMI_SP	-1	0	9844	NULL	0	NNNNNNNNNNNNNNNNNNNNNNNNNNNNNNNNNNNNNNNNNNNNNNNN	NULL	NULL	Y	1	Y	0	Y	-1	0	NULL	0
9845	NULL	5002	CCM_PG3.584_CHIP_PD_MailMI_EN	584	584_CHIP_PD_MailMI_EN	-1	0	9845	NULL	0	NNNNNNNNNNNNNNNNNNNNNNNNNNNNNNNNNNNNNNNNNNNNNNNN	NULL	NULL	Y	1	Y	0	Y	-1	0	NULL	0
9846	NULL	5002	CCM_PG3.585_CHIP_PD_MailMI_SP	596	585_CHIP_PD_MailMI_SP	-1	0	9846	NULL	0	NNNNNNNNNNNNNNNNNNNNNNNNNNNNNNNNNNNNNNNNNNNNNNNN	NULL	NULL	Y	1	Y	0	Y	-1	0	NULL	0
9847	NULL	5002	CCM_PG3.586_CHIP_PT_PD_PhoneMI_E	586	586_CHIP_PT_PD_PhoneMI_EN	-1	0	9847	NULL	0	NNNNNNNNNNNNNNNNNNNNNNNNNNNNNNNNNNNNNNNNNNNNNNNN	NULL	NULL	Y	1	Y	0	Y	-1	0	NULL	0
9848	NULL	5002	CCM_PG3.587_CHIP_PT_PD_PhoneMI_S	587	587_CHIP_PT_PD_PhoneMI_SP	-1	0	9848	NULL	0	NNNNNNNNNNNNNNNNNNNNNNNNNNNNNNNNNNNNNNNNNNNNNNNN	NULL	NULL	Y	1	Y	0	Y	-1	0	NULL	0
9849	NULL	5002	CCM_PG3.588_CHIP_PT_PD_MixedMI_E	588	588_CHIP_PT_PD_MixedMI_EN	-1	0	9849	NULL	0	NNNNNNNNNNNNNNNNNNNNNNNNNNNNNNNNNNNNNNNNNNNNNNNN	NULL	NULL	Y	1	Y	0	Y	-1	0	NULL	0
9850	NULL	5002	CCM_PG3.589_CHIP_PT_PD_MixedMI_S	589	589_CHIP_PT_PD_MixedMI_SP	-1	0	9850	NULL	0	NNNNNNNNNNNNNNNNNNNNNNNNNNNNNNNNNNNNNNNNNNNNNNNN	NULL	NULL	Y	1	Y	0	Y	-1	0	NULL	0
9851	NULL	5003	CCM_PG4.5800_CHIP_PT_PD_MailMI_E	5800	5800_CHIP_PT_PD_MailMI_EN	-1	0	9851	NULL	0	NNNNNNNNNNNNNNNNNNNNNNNNNNNNNNNNNNNNNNNNNNNNNNNN	NULL	NULL	Y	1	Y	0	Y	-1	0	NULL	0
9852	NULL	5003	CCM_PG4.5801_CHIP_PT_PD_MailMI_S	5801	5801_CHIP_PT_PD_MailMI_SP	-1	0	9852	NULL	0	NNNNNNNNNNNNNNNNNNNNNNNNNNNNNNNNNNNNNNNNNNNNNNNN	NULL	NULL	Y	1	Y	0	Y	-1	0	NULL	0
9853	NULL	5003	CCM_PG4.580_CHIP_PD_MI_EN	580	580_CHIP_PD_MI_EN	-1	0	9853	NULL	0	NNNNNNNNNNNNNNNNNNNNNNNNNNNNNNNNNNNNNNNNNNNNNNNN	NULL	NULL	N	1	Y	0	Y	-1	0	NULL	1
9854	NULL	5003	CCM_PG4.581_CHIP_PD_MI_SP	581	581_CHIP_PD_MI_SP	-1	0	9854	NULL	1	NNNNNNNNNNNNNNNNNNNNNNNNNNNNNNNNNNNNNNNNNNNNNNNN	NULL	NULL	N	1	Y	0	Y	-1	0	NULL	2
9855	NULL	5003	CCM_PG4.582_CHIP_PD_IVA_EN	582	582_CHIP_PD_IVA_EN	-1	0	9855	NULL	0	NNNNNNNNNNNNNNNNNNNNNNNNNNNNNNNNNNNNNNNNNNNNNNNN	NULL	NULL	N	1	Y	0	Y	-1	0	NULL	1
9856	NULL	5003	CCM_PG4.583_CHIP_PD_IVA_SP	583	583_CHIP_PD_IVA_SP	-1	0	9856	NULL	0	NNNNNNNNNNNNNNNNNNNNNNNNNNNNNNNNNNNNNNNNNNNNNNNN	NULL	NULL	N	1	Y	0	Y	-1	0	NULL	1
9857	NULL	5003	CCM_PG4.584_CHIP_PD_Enrl_EN	584	584_CHIP_PD_Enrl_EN	-1	0	9857	NULL	0	NNNNNNNNNNNNNNNNNNNNNNNNNNNNNNNNNNNNNNNNNNNNNNNN	NULL	NULL	N	1	Y	0	Y	-1	0	NULL	1
9858	NULL	5003	CCM_PG4.585_CHIP_PD_Enrl_SP	596	585_CHIP_PD_Enrl_SP	-1	0	9858	NULL	0	NNNNNNNNNNNNNNNNNNNNNNNNNNNNNNNNNNNNNNNNNNNNNNNN	NULL	NULL	N	1	Y	0	Y	-1	0	NULL	1
9859	NULL	5003	CCM_PG4.586_CHIP_PT_PD_PhoneMI_E	586	586_CHIP_PT_PD_PhoneMI_EN	-1	0	9859	NULL	0	NNNNNNNNNNNNNNNNNNNNNNNNNNNNNNNNNNNNNNNNNNNNNNNN	NULL	NULL	Y	1	Y	0	Y	-1	0	NULL	0
9860	NULL	5003	CCM_PG4.587_CHIP_PT_PD_PhoneMI_S	587	587_CHIP_PT_PD_PhoneMI_SP	-1	0	9860	NULL	0	NNNNNNNNNNNNNNNNNNNNNNNNNNNNNNNNNNNNNNNNNNNNNNNN	NULL	NULL	Y	1	Y	0	Y	-1	0	NULL	0
9861	NULL	5003	CCM_PG4.588_CHIP_PT_PD_MixedMI_E	588	588_CHIP_PT_PD_MixedMI_EN	-1	0	9861	NULL	0	NNNNNNNNNNNNNNNNNNNNNNNNNNNNNNNNNNNNNNNNNNNNNNNN	NULL	NULL	Y	1	Y	0	Y	-1	0	NULL	0
9862	NULL	5003	CCM_PG4.589_CHIP_PT_PD_MixedMI_S	589	589_CHIP_PT_PD_MixedMI_SP	-1	0	9862	NULL	0	NNNNNNNNNNNNNNNNNNNNNNNNNNNNNNNNNNNNNNNNNNNNNNNN	NULL	NULL	Y	1	Y	0	Y	-1	0	NULL	0
9863	NULL	5004	CCM_PG5.5800_CHIP_PT_PD_MailMI_E	5800	5800_CHIP_PT_PD_MailMI_EN	-1	0	9863	NULL	0	NNNNNNNNNNNNNNNNNNNNNNNNNNNNNNNNNNNNNNNNNNNNNNNN	NULL	NULL	Y	1	Y	0	Y	-1	0	NULL	0
9864	NULL	5004	CCM_PG5.5801_CHIP_PT_PD_MailMI_S	5801	5801_CHIP_PT_PD_MailMI_SP	-1	0	9864	NULL	0	NNNNNNNNNNNNNNNNNNNNNNNNNNNNNNNNNNNNNNNNNNNNNNNN	NULL	NULL	Y	1	Y	0	Y	-1	0	NULL	0
9865	NULL	5004	CCM_PG5.580_CHIP_PD_PhoneMI_EN	580	580_CHIP_PD_PhoneMI_EN	-1	0	9865	NULL	0	NNNNNNNNNNNNNNNNNNNNNNNNNNNNNNNNNNNNNNNNNNNNNNNN	NULL	NULL	Y	1	Y	0	Y	-1	0	NULL	0
9866	NULL	5004	CCM_PG5.581_CHIP_PD_PhoneMI_SP	581	581_CHIP_PD_PhoneMI_SP	-1	0	9866	NULL	0	NNNNNNNNNNNNNNNNNNNNNNNNNNNNNNNNNNNNNNNNNNNNNNNN	NULL	NULL	Y	1	Y	0	Y	-1	0	NULL	0
9867	NULL	5004	CCM_PG5.582_CHIP_PD_MixedMI_EN	582	582_CHIP_PD_MixedMI_EN	-1	0	9867	NULL	0	NNNNNNNNNNNNNNNNNNNNNNNNNNNNNNNNNNNNNNNNNNNNNNNN	NULL	NULL	Y	1	Y	0	Y	-1	0	NULL	0
9868	NULL	5004	CCM_PG5.583_CHIP_PD_MixedMI_SP	583	583_CHIP_PD_MixedMI_SP	-1	0	9868	NULL	0	NNNNNNNNNNNNNNNNNNNNNNNNNNNNNNNNNNNNNNNNNNNNNNNN	NULL	NULL	Y	1	Y	0	Y	-1	0	NULL	0
9869	NULL	5004	CCM_PG5.584_CHIP_PD_MailMI_EN	584	584_CHIP_PD_MailMI_EN	-1	0	9869	NULL	0	NNNNNNNNNNNNNNNNNNNNNNNNNNNNNNNNNNNNNNNNNNNNNNNN	NULL	NULL	Y	1	Y	0	Y	-1	0	NULL	0
9870	NULL	5004	CCM_PG5.585_CHIP_PD_MailMI_SP	596	585_CHIP_PD_MailMI_SP	-1	0	9870	NULL	0	NNNNNNNNNNNNNNNNNNNNNNNNNNNNNNNNNNNNNNNNNNNNNNNN	NULL	NULL	Y	1	Y	0	Y	-1	0	NULL	0
9871	NULL	5004	CCM_PG5.586_CHIP_PT_PD_PhoneMI_E	586	586_CHIP_PT_PD_PhoneMI_EN	-1	0	9871	NULL	0	NNNNNNNNNNNNNNNNNNNNNNNNNNNNNNNNNNNNNNNNNNNNNNNN	NULL	NULL	Y	1	Y	0	Y	-1	0	NULL	0
9872	NULL	5004	CCM_PG5.587_CHIP_PT_PD_PhoneMI_S	587	587_CHIP_PT_PD_PhoneMI_SP	-1	0	9872	NULL	0	NNNNNNNNNNNNNNNNNNNNNNNNNNNNNNNNNNNNNNNNNNNNNNNN	NULL	NULL	Y	1	Y	0	Y	-1	0	NULL	0
9873	NULL	5004	CCM_PG5.588_CHIP_PT_PD_MixedMI_E	588	588_CHIP_PT_PD_MixedMI_EN	-1	0	9873	NULL	0	NNNNNNNNNNNNNNNNNNNNNNNNNNNNNNNNNNNNNNNNNNNNNNNN	NULL	NULL	Y	1	Y	0	Y	-1	0	NULL	0
9874	NULL	5004	CCM_PG5.589_CHIP_PT_PD_MixedMI_S	589	589_CHIP_PT_PD_MixedMI_SP	-1	0	9874	NULL	0	NNNNNNNNNNNNNNNNNNNNNNNNNNNNNNNNNNNNNNNNNNNNNNNN	NULL	NULL	Y	1	Y	0	Y	-1	0	NULL	0
9876	NULL	5003	CCM_PG4.390_IEE_EN_SEU	390	390_IEE_EN_SEU	-1	0	9876	NULL	0	NNNNNNNNNNNNNNNNNNNNNNNNNNNNNNNNNNNNNNNNNNNNNNNN	NULL	NULL	N	1	Y	0	Y	-1	0	NULL	0
9877	NULL	5003	CCM_PG4.391_IEE_SP_SEU	391	391_IEE_SP_SEU	-1	0	9877	NULL	0	NNNNNNNNNNNNNNNNNNNNNNNNNNNNNNNNNNNNNNNNNNNNNNNN	NULL	NULL	N	1	Y	0	Y	-1	0	NULL	0
9896	NULL	5000	CCM_PG1.901_TSG_TIRN	901	901_TSG_TIRN	-1	0	9896	NULL	0	NNNNNNNNNNNNNNNNNNNNNNNNNNNNNNNNNNNNNNNNNNNNNNNN	NULL	Technical Solutions Group - TIRN Service Desk	N	1	Y	0	Y	-1	0	NULL	1
9897	NULL	5000	CCM_PG1.902_TSG_ESS	902	902_TSG_ESS	-1	0	9897	NULL	0	NNNNNNNNNNNNNNNNNNNNNNNNNNNNNNNNNNNNNNNNNNNNNNNN	NULL	Technical Solutions Group - IEE Service Desk	N	1	Y	0	Y	-1	0	NULL	1
9898	NULL	5001	CCM_PG2.901_TSG_TIRN	901	901_TSG_TIRN	-1	0	9898	NULL	0	NNNNNNNNNNNNNNNNNNNNNNNNNNNNNNNNNNNNNNNNNNNNNNNN	NULL	Technical Solutions Group - TIRN Service Desk	N	1	Y	0	Y	-1	0	NULL	1
9899	NULL	5001	CCM_PG2.902_TSG_ESS	902	902_TSG_ESS	-1	0	9899	NULL	0	NNNNNNNNNNNNNNNNNNNNNNNNNNNNNNNNNNNNNNNNNNNNNNNN	NULL	Technical Solutions Group - IEE Service Desk	N	1	Y	0	Y	-1	0	NULL	1
9900	NULL	5002	CCM_PG3.901_TSG_TIRN	901	901_TSG_TIRN	-1	0	9900	NULL	0	NNNNNNNNNNNNNNNNNNNNNNNNNNNNNNNNNNNNNNNNNNNNNNNN	NULL	Technical Solutions Group - TIRN Service Desk	N	1	Y	0	Y	-1	0	NULL	1
9901	NULL	5002	CCM_PG3.902_TSG_ESS	902	902_TSG_ESS	-1	0	9901	NULL	0	NNNNNNNNNNNNNNNNNNNNNNNNNNNNNNNNNNNNNNNNNNNNNNNN	NULL	Technical Solutions Group - IEE Service Desk	N	1	Y	0	Y	-1	0	NULL	1
9902	NULL	5003	CCM_PG4.901_TSG_TIRN	901	901_TSG_TIRN	-1	0	9902	NULL	0	NNNNNNNNNNNNNNNNNNNNNNNNNNNNNNNNNNNNNNNNNNNNNNNN	NULL	Technical Solutions Group - TIRN Service Desk	N	1	Y	0	Y	-1	0	NULL	1
9903	NULL	5003	CCM_PG4.902_TSG_ESS	902	902_TSG_ESS	-1	0	9903	NULL	0	NNNNNNNNNNNNNNNNNNNNNNNNNNNNNNNNNNNNNNNNNNNNNNNN	NULL	Technical Solutions Group - IEE Service Desk	N	1	Y	0	Y	-1	0	NULL	1
9904	NULL	5004	CCM_PG5.901_TSG_TIRN	901	901_TSG_TIRN	-1	0	9904	NULL	0	NNNNNNNNNNNNNNNNNNNNNNNNNNNNNNNNNNNNNNNNNNNNNNNN	NULL	Technical Solutions Group - TIRN Service Desk	N	1	Y	0	Y	-1	0	NULL	1
9905	NULL	5004	CCM_PG5.902_TSG_ESS	902	902_TSG_ESS	-1	0	9905	NULL	0	NNNNNNNNNNNNNNNNNNNNNNNNNNNNNNNNNNNNNNNNNNNNNNNN	NULL	Technical Solutions Group - IEE Service Desk	N	1	Y	0	Y	-1	0	NULL	1
9977	NULL	5004	CCM_PG5.640_STATE_WHP	640	640_STATE_WHP	-1	0	9977	NULL	0	NNNNNNNNNNNNNNNNNNNNNNNNNNNNNNNNNNNNNNNNNNNNNNNN	NULL	NULL	N	1	Y	0	Y	-1	0	NULL	0
10163	NULL	5003	CCM_PG4.590_CHIP_SUPERVISOR_EN	590	CHIP_SUPERVISOR_EN	-1	0	10163	NULL	0	NNNNNNNNNNNNNNNNNNNNNNNNNNNNNNNNNNNNNNNNNNNNNNNN	NULL	CHIP Supervisor English	N	1	Y	0	Y	-1	0	NULL	2
10538	NULL	5001	CCM_PG2.392_IEE_EN_SEU_TDD	392	392_IEE_EN_SEU_TDD	-1	0	10538	NULL	0	NNNNNNNNNNNNNNNNNNNNNNNNNNNNNNNNNNNNNNNNNNNNNNNN	NULL	NULL	N	1	Y	0	Y	-1	0	NULL	2
10539	NULL	5001	CCM_PG2.393_IEE_SP_SEU_TDD	393	393_IEE_SP_SEU_TDD	-1	0	10539	NULL	0	NNNNNNNNNNNNNNNNNNNNNNNNNNNNNNNNNNNNNNNNNNNNNNNN	NULL	NULL	N	1	Y	0	Y	-1	0	NULL	2
10540	NULL	5001	CCM_PG2.504_CHIP_EN_SEU_TDD	504	504_CHIP_EN_SEU_TDD	-1	0	10540	NULL	0	NNNNNNNNNNNNNNNNNNNNNNNNNNNNNNNNNNNNNNNNNNNNNNNN	NULL	NULL	N	1	Y	0	Y	-1	0	NULL	2
10541	NULL	5001	CCM_PG2.514_CHIP_SP_SEU_TDD	514	514_CHIP_SP_SEU_TDD	-1	0	10541	NULL	1	NNNNNNNNNNNNNNNNNNNNNNNNNNNNNNNNNNNNNNNNNNNNNNNN	NULL	NULL	N	1	Y	0	Y	-1	0	NULL	3
10542	NULL	5003	CCM_PG4.392_IEE_EN_SEU_TDD	392	392_IEE_EN_SEU_TDD	-1	0	10542	NULL	0	NNNNNNNNNNNNNNNNNNNNNNNNNNNNNNNNNNNNNNNNNNNNNNNN	NULL	NULL	N	1	Y	0	Y	-1	0	NULL	1
10543	NULL	5003	CCM_PG4.393_IEE_SP_SEU_TDD	393	393_IEE_SP_SEU_TDD	-1	0	10543	NULL	0	NNNNNNNNNNNNNNNNNNNNNNNNNNNNNNNNNNNNNNNNNNNNNNNN	NULL	NULL	N	1	Y	0	Y	-1	0	NULL	1
10544	NULL	5003	CCM_PG4.504_CHIP_EN_SEU_TDD	504	504_CHIP_EN_SEU_TDD	-1	0	10544	NULL	0	NNNNNNNNNNNNNNNNNNNNNNNNNNNNNNNNNNNNNNNNNNNNNNNN	NULL	NULL	N	1	Y	0	Y	-1	0	NULL	1
10545	NULL	5003	CCM_PG4.514_CHIP_SP_SEU_TDD	514	514_CHIP_SP_SEU_TDD	-1	0	10545	NULL	0	NNNNNNNNNNNNNNNNNNNNNNNNNNNNNNNNNNNNNNNNNNNNNNNN	NULL	NULL	N	1	Y	0	Y	-1	0	NULL	1
10546	NULL	5000	CCM_PG1.102_THS_EN_TDD	102	102_THS_EN_TDD	-1	0	10546	NULL	0	NNNNNNNNNNNNNNNNNNNNNNNNNNNNNNNNNNNNNNNNNNNNNNNN	NULL	NULL	N	1	Y	0	Y	-1	0	NULL	1
10547	NULL	5000	CCM_PG1.103_THS_SP_TDD	103	103_THS_SP_TDD	-1	0	10547	NULL	0	NNNNNNNNNNNNNNNNNNNNNNNNNNNNNNNNNNNNNNNNNNNNNNNN	NULL	NULL	N	1	Y	0	Y	-1	0	NULL	1
10548	NULL	5000	CCM_PG1.202_EB_EN_TDD	202	202_EB_EN_TDD	-1	0	10548	NULL	0	NNNNNNNNNNNNNNNNNNNNNNNNNNNNNNNNNNNNNNNNNNNNNNNN	NULL	NULL	N	1	Y	0	Y	-1	0	NULL	1
10549	NULL	5000	CCM_PG1.203_EB_SP_TDD	203	203_EB_SP_TDD	-1	0	10549	NULL	0	NNNNNNNNNNNNNNNNNNNNNNNNNNNNNNNNNNNNNNNNNNNNNNNN	NULL	NULL	N	1	Y	0	Y	-1	0	NULL	1
10550	NULL	5004	CCM_PG5.641_STATE_WHP_TDD	641	641_STATE_WHP_TDD	-1	0	10550	NULL	0	NNNNNNNNNNNNNNNNNNNNNNNNNNNNNNNNNNNNNNNNNNNNNNNN	NULL	NULL	N	1	Y	0	Y	-1	0	NULL	1
10720	NULL	5000	CCM_PG1.260_EB_EN_NPC	260	260_EB_EN_NPC	-1	0	10720	NULL	1	NNNNNNNNNNNNNNNNNNNNNNNNNNNNNNNNNNNNNNNNNNNNNNNN	NULL	NULL	N	1	Y	0	Y	-1	0	NULL	1
10721	NULL	5000	CCM_PG1.261_EB_SP_NPC	261	261_EB_SP_NPC	-1	0	10721	NULL	1	NNNNNNNNNNNNNNNNNNNNNNNNNNNNNNNNNNNNNNNNNNNNNNNN	NULL	NULL	N	1	Y	0	Y	-1	0	NULL	1
10882	NULL	5003	CCM_PG4.591_CHIP_SUPERVISOR_SP	591	CHIP_SUPERVISOR_SP	-1	0	10882	NULL	0	NNNNNNNNNNNNNNNNNNNNNNNNNNNNNNNNNNNNNNNNNNNNNNNN	NULL	CHIP Supervisor Spanish	N	1	Y	0	Y	-1	0	NULL	1
10981	NULL	5001	CCM_PG2.394_IEE_EN_MEPD	394	394_IEE_EN_MEPD	-1	0	10981	NULL	0	NNNNNNNNNNNNNNNNNNNNNNNNNNNNNNNNNNNNNNNNNNNNNNNN	NULL	NULL	N	1	Y	0	Y	-1	0	NULL	0
10982	NULL	5001	CCM_PG2.395_IEE_SP_MEPD	395	395_IEE_SP_MEPD	-1	0	10982	NULL	0	NNNNNNNNNNNNNNNNNNNNNNNNNNNNNNNNNNNNNNNNNNNNNNNN	NULL	NULL	N	1	Y	0	Y	-1	0	NULL	0
10983	NULL	5003	CCM_PG4.394_IEE_EN_MEPD	394	394_IEE_EN_MEPD	-1	0	10983	NULL	0	NNNNNNNNNNNNNNNNNNNNNNNNNNNNNNNNNNNNNNNNNNNNNNNN	NULL	NULL	N	1	Y	0	Y	-1	0	NULL	1
10984	NULL	5003	CCM_PG4.395_IEE_SP_MEPD	395	395_IEE_SP_MEPD	-1	0	10984	NULL	0	NNNNNNNNNNNNNNNNNNNNNNNNNNNNNNNNNNNNNNNNNNNNNNNN	NULL	NULL	N	1	Y	0	Y	-1	0	NULL	0
10988	NULL	5001	CCM_PG2.518_CHIP_OUTREACH_EN	518	518_CHIP_OUTREACH_EN	-1	0	10988	NULL	0	NNNNNNNNNNNNNNNNNNNNNNNNNNNNNNNNNNNNNNNNNNNNNNNN	NULL	NULL	N	1	Y	0	Y	-1	0	NULL	1
10989	NULL	5001	CCM_PG2.519_CHIP_OUTREACH_SP	519	519_CHIP_OUTREACH_SP	-1	0	10989	NULL	0	NNNNNNNNNNNNNNNNNNNNNNNNNNNNNNNNNNNNNNNNNNNNNNNN	NULL	NULL	N	1	Y	0	Y	-1	0	NULL	1
10990	NULL	5003	CCM_PG4.518_CHIP_OUTREACH_EN	518	518_CHIP_OUTREACH_EN	-1	0	10990	NULL	0	NNNNNNNNNNNNNNNNNNNNNNNNNNNNNNNNNNNNNNNNNNNNNNNN	NULL	NULL	N	1	Y	0	Y	-1	0	NULL	1
10991	NULL	5003	CCM_PG4.519_CHIP_OUTREACH_SP	519	519_CHIP_OUTREACH_SP	-1	0	10991	NULL	0	NNNNNNNNNNNNNNNNNNNNNNNNNNNNNNNNNNNNNNNNNNNNNNNN	NULL	NULL	N	1	Y	0	Y	-1	0	NULL	0
11021	NULL	5000	CCM_PG1.518_CHIP_OUTREACH_EN	518	518_CHIP_OUTREACH_EN	-1	0	11021	NULL	0	NNNNNNNNNNNNNNNNNNNNNNNNNNNNNNNNNNNNNNNNNNNNNNNN	NULL	NULL	N	1	Y	0	Y	-1	0	NULL	0
11022	NULL	5000	CCM_PG1.519_CHIP_OUTREACH_SP	519	519_CHIP_OUTREACH_SP	-1	0	11022	NULL	0	NNNNNNNNNNNNNNNNNNNNNNNNNNNNNNNNNNNNNNNNNNNNNNNN	NULL	NULL	N	1	Y	0	Y	-1	0	NULL	0
11086	NULL	5001	CCM_PG2.399_IEE_SUP_SP	399	399_IEE_SUP_SP	-1	0	11086	NULL	0	NNNNNNNNNNNNNNNNNNNNNNNNNNNNNNNNNNNNNNNNNNNNNNNN	NULL	IEE Midland Spanish Supervisor Queue	N	1	Y	0	Y	-1	0	NULL	1
11087	NULL	5003	CCM_PG4.399_IEE_SUP_SP	399	399_IEE_SUP_SP	-1	0	11087	NULL	0	NNNNNNNNNNNNNNNNNNNNNNNNNNNNNNNNNNNNNNNNNNNNNNNN	NULL	IEE Athens Spanish Supervisor Skill Group	N	1	Y	0	Y	-1	0	NULL	1
11088	NULL	5001	CCM_PG2.398_IEE_SUP_EN	398	398_IEE_SUP_EN	-1	0	11088	NULL	0	NNNNNNNNNNNNNNNNNNNNNNNNNNNNNNNNNNNNNNNNNNNNNNNN	NULL	IEE Midland English Supervisor Queue	N	1	Y	0	Y	-1	0	NULL	0
11089	NULL	5003	CCM_PG4.398_IEE_SUP_EN	398	398_IEE_SUP_EN	-1	0	11089	NULL	0	NNNNNNNNNNNNNNNNNNNNNNNNNNNNNNNNNNNNNNNNNNNNNNNN	NULL	IEE Athens English Supervisor Skill Group	N	1	Y	0	Y	-1	0	NULL	0
11090	NULL	5004	CCM_PG5.632_STATE_CCC_SSS	632	632_STATE_CCC_SSS	-1	0	11090	NULL	0	NNNNNNNNNNNNNNNNNNNNNNNNNNNNNNNNNNNNNNNNNNNNNNNN	NULL	CCC - State Support Staff	N	1	Y	0	Y	-1	0	NULL	2
11091	NULL	5004	CCM_PG5.634_STATE_ARTS_SSS_ATH	634	634_STATE_ARTS_SSS_ATH	-1	0	11091	NULL	1	NNNNNNNNNNNNNNNNNNNNNNNNNNNNNNNNNNNNNNNNNNNNNNNN	NULL	(NO LONGER IN USE) Assistance Response Team - State Support Staff Athens	N	1	Y	0	Y	-1	0	NULL	2
11229	NULL	5001	CCM_PG2.506_CHIP_EN_SEU_CALLIN	506	506_CHIP_EN_SEU_CALLIN	-1	0	11229	NULL	0	NNNNNNNNNNNNNNNNNNNNNNNNNNNNNNNNNNNNNNNNNNNNNNNN	NULL	CHIP English Special Escalations Unit Call In	N	1	Y	0	Y	-1	0	NULL	1
11230	NULL	5001	CCM_PG2.507_CHIP_SP_SEU_CALLIN	507	507_CHIP_SP_SEU_CALLIN	-1	0	11230	NULL	0	NNNNNNNNNNNNNNNNNNNNNNNNNNNNNNNNNNNNNNNNNNNNNNNN	NULL	CHIP Spanish Special Escalations Unit Call In	N	1	Y	0	Y	-1	0	NULL	0
11236	NULL	5000	CCM_PG1.528_CHIP_OR_Mail_EN	528	528_CHIP_OR_Mail_EN	-1	0	11236	NULL	0	NNNNNNNNNNNNNNNNNNNNNNNNNNNNNNNNNNNNNNNNNNNNNNNN	NULL	CHIP Outreach Mail English	N	1	Y	0	Y	-1	0	NULL	0
11237	NULL	5000	CCM_PG1.529_CHIP_OR_Mail_SP	529	529_CHIP_OR_Mail_SP	-1	0	11237	NULL	0	NNNNNNNNNNNNNNNNNNNNNNNNNNNNNNNNNNNNNNNNNNNNNNNN	NULL	CHIP Outreach Mail Spanish	N	1	Y	0	Y	-1	0	NULL	0
11238	NULL	5001	CCM_PG2.528_CHIP_OR_Mail_EN	528	528_CHIP_OR_Mail_EN	-1	0	11238	NULL	0	NNNNNNNNNNNNNNNNNNNNNNNNNNNNNNNNNNNNNNNNNNNNNNNN	NULL	CHIP Outreach Mail English	N	1	Y	0	Y	-1	0	NULL	0
11239	NULL	5001	CCM_PG2.529_CHIP_OR_Mail_SP	529	529_CHIP_OR_Mail_SP	-1	0	11239	NULL	0	NNNNNNNNNNNNNNNNNNNNNNNNNNNNNNNNNNNNNNNNNNNNNNNN	NULL	CHIP Outreach Mail Spanish	N	1	Y	0	Y	-1	0	NULL	0
11240	NULL	5003	CCM_PG4.528_CHIP_OR_Mail_EN	528	528_CHIP_OR_Mail_EN	-1	0	11240	NULL	0	NNNNNNNNNNNNNNNNNNNNNNNNNNNNNNNNNNNNNNNNNNNNNNNN	NULL	CHIP Outreach Mail English	N	1	Y	0	Y	-1	0	NULL	0
11241	NULL	5003	CCM_PG4.529_CHIP_OR_Mail_SP	529	529_CHIP_OR_Mail_SP	-1	0	11241	NULL	0	NNNNNNNNNNNNNNNNNNNNNNNNNNNNNNNNNNNNNNNNNNNNNNNN	NULL	CHIP Outreach Mail Spanish	N	1	Y	0	Y	-1	0	NULL	0
11500	NULL	5004	CCM_PG5.650_STATE_CMPLNTS_EN	650	650_STATE_CMPLNTS_EN	-1	0	11500	NULL	0	NNNNNNNNNNNNNNNNNNNNNNNNNNNNNNNNNNNNNNNNNNNNNNNN	NULL	State Complaints English	N	1	Y	0	Y	-1	0	NULL	0
11501	NULL	5004	CCM_PG5.651_STATE_CMPLNTS_SP	651	651_STATE_CMPLNS_SP	-1	0	11501	NULL	0	NNNNNNNNNNNNNNNNNNNNNNNNNNNNNNNNNNNNNNNNNNNNNNNN	NULL	State Complaints Spanish	N	1	Y	0	Y	-1	0	NULL	1
11523	NULL	5002	CCM_PG3.370_IEE_CMPLNTS_EN	370	370_IEE_CMPLNTS_EN	-1	0	11523	NULL	0	NNNNNNNNNNNNNNNNNNNNNNNNNNNNNNNNNNNNNNNNNNNNNNNN	NULL	ES Complaints English	N	1	Y	0	Y	-1	0	NULL	1
11524	NULL	5002	CCM_PG3.371_IEE_CMPLNTS_SP	371	371_IEE_CMPLNTS_SP	-1	0	11524	NULL	0	NNNNNNNNNNNNNNNNNNNNNNNNNNNNNNNNNNNNNNNNNNNNNNNN	NULL	ES Complaints Spanish	N	1	Y	0	Y	-1	0	NULL	1
11538	NULL	5003	CCM_PG4.503_CHIP_EN_SEU	503	503_CHIP_EN_SEU	-1	0	11538	NULL	0	NNNNNNNNNNNNNNNNNNNNNNNNNNNNNNNNNNNNNNNNNNNNNNNN	NULL	CHIP English Special Escalations Unit	N	1	Y	0	Y	-1	0	NULL	1
11539	NULL	5003	CCM_PG4.513_CHIP_SP_SEU	513	513_CHIP_SP_SEU	-1	0	11539	NULL	0	NNNNNNNNNNNNNNNNNNNNNNNNNNNNNNNNNNNNNNNNNNNNNNNN	NULL	CHIP Spanish Special Escalations Unit	N	1	Y	0	Y	-1	0	NULL	1
11563	NULL	5001	CCM_PG2.9996_Midland_Training_C1	9996	9996_Midland_Training_C1	-1	0	11563	NULL	0	NNNNNNNNNNNNNNNNNNNNNNNNNNNNNNNNNNNNNNNNNNNNNNNN	NULL	Midland Training Class 1	N	1	Y	0	Y	-1	0	NULL	0
11714	NULL	5003	CCM_PG4.506_CHIP_EN_SEU_CALLIN	506	506_CHIP_EN_SEU_CALLIN	-1	0	11714	NULL	0	NNNNNNNNNNNNNNNNNNNNNNNNNNNNNNNNNNNNNNNNNNNNNNNN	NULL	CHIP English Special Escalations Unit Call In	N	1	Y	0	Y	-1	0	NULL	0
11715	NULL	5003	CCM_PG4.507_CHIP_SP_SEU_CALLIN	507	507_CHIP_SP_SEU_CALLIN	-1	0	11715	NULL	0	NNNNNNNNNNNNNNNNNNNNNNNNNNNNNNNNNNNNNNNNNNNNNNNN	NULL	CHIP Spanish Special Escalations Unit Call In	N	1	Y	0	Y	-1	0	NULL	0
11759	NULL	5001	CCM_PG2.591_CHIP_SUPERVISOR_SP	591	CHIP_SUPERVISOR_SP	-1	0	11759	NULL	1	NNNNNNNNNNNNNNNNNNNNNNNNNNNNNNNNNNNNNNNNNNNNNNNN	NULL	CHIP Supervisor Spanish	N	1	Y	0	Y	-1	0	NULL	2
11760	NULL	5001	CCM_PG2.590_CHIP_SUPERVISOR_EN	590	CHIP_SUPERVISOR_EN	-1	0	11760	NULL	1	NNNNNNNNNNNNNNNNNNNNNNNNNNNNNNNNNNNNNNNNNNNNNNNN	NULL	CHIP Supervisor English	N	1	Y	0	Y	-1	0	NULL	1
12205	NULL	5003	CCM_PG4.382_IEE_PD_EN_APPT_RMDR	382	382_IEE_PD_EN_APPT_RMDR	-1	0	12205	NULL	0	NNNNNNNNNNNNNNNNNNNNNNNNNNNNNNNNNNNNNNNNNNNNNNNN	NULL	ES outbound appointment reminder	N	1	Y	0	Y	-1	0	NULL	0
12206	NULL	5003	CCM_PG4.383_IEE_PD_SP_APPT_RMDR	383	383_IEE_PD_SP_APPT_RMDR	-1	0	12206	NULL	0	NNNNNNNNNNNNNNNNNNNNNNNNNNNNNNNNNNNNNNNNNNNNNNNN	NULL	ES outbound appointment reminder	N	1	Y	0	Y	-1	0	NULL	0
12738	NULL	5000	CCM_PG1.Cisco_Voice.eei	0	eei	-1	0	12738	NULL	0	NNNNNNNNNNNNNNNNNNNNNNNNNNNNNNNNNNNNNNNNNNNNNNNN	NULL	NULL	Y	1	Y	0	Y	-1	0	NULL	0
12739	NULL	5000	CCM_PG1.262_EB_EN_MBIC	262	262_EB_EN_MBIC	-1	0	12739	NULL	1	NNNNNNNNNNNNNNNNNNNNNNNNNNNNNNNNNNNNNNNNNNNNNNNN	NULL	NULL	N	1	Y	0	Y	-1	0	NULL	3
12740	NULL	5000	CCM_PG1.263_EB_SP_MBIC	263	263_EB_SP_MBIC	-1	0	12740	NULL	1	NNNNNNNNNNNNNNNNNNNNNNNNNNNNNNNNNNNNNNNNNNNNNNNN	NULL	NULL	N	1	Y	0	Y	-1	0	NULL	2
13205	NULL	5001	CCM_PG2.396_IEE_EN_QC	396	396_IEE_EN_QC	-1	0	13205	NULL	0	NNNNNNNNNNNNNNNNNNNNNNNNNNNNNNNNNNNNNNNNNNNNNNNN	NULL	NULL	N	1	Y	0	Y	-1	0	NULL	0
13206	NULL	5001	CCM_PG2.397_IEE_SP_QC	397	397_IEE_SP_QC	-1	0	13206	NULL	0	NNNNNNNNNNNNNNNNNNNNNNNNNNNNNNNNNNNNNNNNNNNNNNNN	NULL	NULL	N	1	Y	0	Y	-1	0	NULL	3
13207	NULL	5003	CCM_PG4.396_IEE_EN_QC	396	396_IEE_EN_QC	-1	0	13207	NULL	0	NNNNNNNNNNNNNNNNNNNNNNNNNNNNNNNNNNNNNNNNNNNNNNNN	NULL	NULL	N	1	Y	0	Y	-1	0	NULL	0
13208	NULL	5003	CCM_PG4.397_IEE_SP_QC	397	397_IEE_SP_QC	-1	0	13208	NULL	0	NNNNNNNNNNNNNNNNNNNNNNNNNNNNNNNNNNNNNNNNNNNNNNNN	NULL	NULL	N	1	Y	0	Y	-1	0	NULL	0
13711	NULL	5000	CCM_PG1.255_EB_PD_EXP_STAR	255	255_EB_PD_EXP_STAR	-1	0	13711	NULL	1	NNNNNNNNNNNNNNNNNNNNNNNNNNNNNNNNNNNNNNNNNNNNNNNN	NULL	NULL	N	1	Y	0	Y	-1	0	NULL	0
13712	NULL	5000	CCM_PG1.256_EB_PD_EXP_STARPLUS	256	256_EB_PD_EXP_STARPLUS	-1	0	13712	NULL	1	NNNNNNNNNNNNNNNNNNNNNNNNNNNNNNNNNNNNNNNNNNNNNNNN	NULL	NULL	N	1	Y	0	Y	-1	0	NULL	0
13715	NULL	5002	CCM_PG3.394_IEE_EN_MEPD	394	394_IEE_EN_MEPD	-1	0	13715	NULL	1	NNNNNNNNNNNNNNNNNNNNNNNNNNNNNNNNNNNNNNNNNNNNNNNN	NULL	NULL	N	1	Y	0	Y	-1	0	NULL	0
13716	NULL	5002	CCM_PG3.395_IEE_SP_MEPD	395	395_IEE_SP_MEPD	-1	0	13716	NULL	1	NNNNNNNNNNNNNNNNNNNNNNNNNNNNNNNNNNNNNNNNNNNNNNNN	NULL	NULL	N	1	Y	0	Y	-1	0	NULL	0
13717	NULL	5000	CCM_PG1.530_CHIP_EN_PERINATAL	530	530_CHIP_EN_PERINATAL	-1	0	13717	NULL	1	NNNNNNNNNNNNNNNNNNNNNNNNNNNNNNNNNNNNNNNNNNNNNNNN	NULL	NULL	N	1	Y	0	Y	-1	0	NULL	0
13718	NULL	5000	CCM_PG1.531_CHIP_SP_PERINATAL	531	531_CHIP_SP_PERINATAL	-1	0	13718	NULL	1	NNNNNNNNNNNNNNNNNNNNNNNNNNNNNNNNNNNNNNNNNNNNNNNN	NULL	NULL	N	1	Y	0	Y	-1	0	NULL	1
13719	NULL	5000	CCM_PG1.503_CHIP_EN_SEU	5030	503_CHIP_EN_SEU	-1	0	13719	NULL	1	NNNNNNNNNNNNNNNNNNNNNNNNNNNNNNNNNNNNNNNNNNNNNNNN	NULL	NULL	N	1	Y	0	Y	-1	0	NULL	0
13720	NULL	5000	CCM_PG1.513_CHIP_SP_SEU	513	513_CHIP_SP_SEU	-1	0	13720	NULL	1	NNNNNNNNNNNNNNNNNNNNNNNNNNNNNNNNNNNNNNNNNNNNNNNN	NULL	NULL	N	1	Y	0	Y	-1	0	NULL	0
13958	NULL	5000	CCM_PG1.590_CHIP_SUPERVISOR_EN	590	CHIP_SUPERVISOR_EN	-1	0	13958	NULL	1	NNNNNNNNNNNNNNNNNNNNNNNNNNNNNNNNNNNNNNNNNNNNNNNN	NULL	CHIP Supervisor English	N	1	Y	0	Y	-1	0	NULL	0
13959	NULL	5000	CCM_PG1.591_CHIP_SUPERVISOR_SP	591	CHIP_SUPERVISOR_SP	-1	0	13959	NULL	1	NNNNNNNNNNNNNNNNNNNNNNNNNNNNNNNNNNNNNNNNNNNNNNNN	NULL	CHIP Supervisor Spanish	N	1	Y	0	Y	-1	0	NULL	0
13960	NULL	5000	CCM_PG1.506_CHIP_EN_SEU_ADD	506	CHIP_EN_SEU_ADD	-1	0	13960	NULL	1	NNNNNNNNNNNNNNNNNNNNNNNNNNNNNNNNNNNNNNNNNNNNNNNN	NULL	CHIP English Special Escalations Unit Call In	N	1	Y	0	Y	-1	0	NULL	1
13961	NULL	5000	CCM_PG1.507_CHIP_SP_SEU_ADD	507	CHIP_SP_SEU_ADD	-1	0	13961	NULL	1	NNNNNNNNNNNNNNNNNNNNNNNNNNNNNNNNNNNNNNNNNNNNNNNN	NULL	CHIP Spanish Special Escalations Unit Call In	N	1	Y	0	Y	-1	0	NULL	1
14012	NULL	5002	CCM_PG3.396_IEE_EN_QC	396	396_IEE_EN_QC	-1	0	14012	NULL	1	NNNNNNNNNNNNNNNNNNNNNNNNNNNNNNNNNNNNNNNNNNNNNNNN	NULL	NULL	N	1	Y	0	Y	-1	0	NULL	0
14013	NULL	5002	CCM_PG3.397_IEE_SP_QC	397	397_IEE_SP_QC	-1	0	14013	NULL	1	NNNNNNNNNNNNNNNNNNNNNNNNNNNNNNNNNNNNNNNNNNNNNNNN	NULL	NULL	N	1	Y	0	Y	-1	0	NULL	0
14014	NULL	5002	CCM_PG3.398_IEE_SUP_EN	398	398_IEE_SUP_EN	-1	0	14014	NULL	1	NNNNNNNNNNNNNNNNNNNNNNNNNNNNNNNNNNNNNNNNNNNNNNNN	NULL	IEE Midland English Supervisor Queue	N	1	Y	0	Y	-1	0	NULL	1
14015	NULL	5002	CCM_PG3.399_IEE_SUP_SP	399	399_IEE_SUP_SP	-1	0	14015	NULL	1	NNNNNNNNNNNNNNNNNNNNNNNNNNNNNNNNNNNNNNNNNNNNNNNN	NULL	IEE Midland Spanish Supervisor Queue	N	1	Y	0	Y	-1	0	NULL	1
14100	NULL	5000	CCM_PG1.582_CHIP_PD_IVA_EN	582	582_CHIP_PD_IVA_EN	-1	0	14100	NULL	1	NNNNNNNNNNNNNNNNNNNNNNNNNNNNNNNNNNNNNNNNNNNNNNNN	NULL	CHIP - Outbound IVA English	N	1	Y	0	Y	-1	0	NULL	0
14101	NULL	5000	CCM_PG1.583_CHIP_PD_IVA_SP	583	583_CHIP_PD_IVA_SP	-1	0	14101	NULL	1	NNNNNNNNNNNNNNNNNNNNNNNNNNNNNNNNNNNNNNNNNNNNNNNN	NULL	CHIP - Outbound IVA Spanish	N	1	Y	0	Y	-1	0	NULL	0
14102	NULL	5000	CCM_PG1.584_CHIP_PD_Enrl_EN	584	584_CHIP_PD_Enrl_EN	-1	0	14102	NULL	1	NNNNNNNNNNNNNNNNNNNNNNNNNNNNNNNNNNNNNNNNNNNNNNNN	NULL	CHIP - Outbound Enrollment English	N	1	Y	0	Y	-1	0	NULL	0
14103	NULL	5000	CCM_PG1.585_CHIP_PD_Enrl_SP	585	585_CHIP_PD_Enrl_SP	-1	0	14103	NULL	1	NNNNNNNNNNNNNNNNNNNNNNNNNNNNNNNNNNNNNNNNNNNNNNNN	NULL	CHIP - Outbound Enrollment Spanish	N	1	Y	0	Y	-1	0	NULL	0
14308	NULL	5002	CCM_PG3.9998_Edinburg_Training	9998	9998_Edinburg_Training_SG	-1	0	14308	NULL	1	NNNNNNNNNNNNNNNNNNNNNNNNNNNNNNNNNNNNNNNNNNNNNNNN	NULL	NULL	N	1	Y	0	Y	-1	0	NULL	0
14661	NULL	5002	CCM_PG3.392_IEE_EN_SEU_TDD	392	392_IEE_EN_SEU_TDD	-1	0	14661	NULL	1	NNNNNNNNNNNNNNNNNNNNNNNNNNNNNNNNNNNNNNNNNNNNNNNN	NULL	NULL	N	1	Y	0	Y	-1	0	NULL	0
14662	NULL	5002	CCM_PG3.393_IEE_SP_SEU_TDD	393	CCM_PG3.393_IEE_SP_SEU_TDD	-1	0	14662	NULL	1	NNNNNNNNNNNNNNNNNNNNNNNNNNNNNNNNNNNNNNNNNNNNNNNN	NULL	NULL	N	1	Y	0	Y	-1	0	NULL	0
14669	NULL	5004	CCM_PG5.660_STATE_MITIGATION	660	660_STATE_MITIGATION	-1	0	14669	NULL	1	NNNNNNNNNNNNNNNNNNNNNNNNNNNNNNNNNNNNNNNNNNNNNNNN	NULL	NULL	N	1	Y	0	Y	-1	0	NULL	0
14880	NULL	5002	CCM_PG3.801_EMERG_Edinburg	801	801_EMERG_Edinburg	-1	0	14880	NULL	1	NNNNNNNNNNNNNNNNNNNNNNNNNNNNNNNNNNNNNNNNNNNNNNNN	NULL	NULL	N	1	Y	0	Y	-1	0	NULL	0
15446	NULL	5000	CCM_PG1.257_EB_PD_EXP_DENT	257	257_EB_PD_EXP_DENT	-1	0	15446	NULL	1	NNNNNNNNNNNNNNNNNNNNNNNNNNNNNNNNNNNNNNNNNNNNNNNN	NULL	NULL	N	1	Y	0	Y	-1	0	NULL	1
15894	NULL	5000	CCM_PG1.204_EB_EN_FREW	204	204_EB_EN_FREW	-1	0	15894	NULL	1	NNNNNNNNNNNNNNNNNNNNNNNNNNNNNNNNNNNNNNNNNNNNNNNN	NULL	EB - English queue for FREW callers	N	1	Y	0	Y	-1	0	NULL	0
15895	NULL	5000	CCM_PG1.205_EB_SP_FREW	205	205_EB_SP_FREW	-1	0	15895	NULL	1	NNNNNNNNNNNNNNNNNNNNNNNNNNNNNNNNNNNNNNNNNNNNNNNN	NULL	EB - Spanish queue for FREW callers	N	1	Y	0	Y	-1	0	NULL	0
16181	NULL	5000	CCM_PG1.504_CHIP_EN_SEU_TDD	504	504_CHIP_EN_SEU_TDD	-1	0	16181	NULL	1	NNNNNNNNNNNNNNNNNNNNNNNNNNNNNNNNNNNNNNNNNNNNNNNN	NULL	NULL	N	1	Y	0	Y	-1	0	NULL	0
16182	NULL	5000	CCM_PG1.514_CHIP_SP_SEU_TDD	514	514_CHIP_SP_SEU_TDD	-1	0	16182	NULL	1	NNNNNNNNNNNNNNNNNNNNNNNNNNNNNNNNNNNNNNNNNNNNNNNN	NULL	NULL	N	1	Y	0	Y	-1	0	NULL	0
16257	NULL	5000	CCM_PG1.524_CHIP_EN_OPS_CIA	524	524_CHIP_EN_OPS_CIA	-1	0	16257	NULL	1	NNNNNNNNNNNNNNNNNNNNNNNNNNNNNNNNNNNNNNNNNNNNNNNN	NULL	NULL	N	1	Y	0	Y	-1	0	NULL	0
16258	NULL	5000	CCM_PG1.525_CHIP_SP_OPS_CIA	525	525_CHIP_SP_OPS_CIA	-1	0	16258	NULL	1	NNNNNNNNNNNNNNNNNNNNNNNNNNNNNNNNNNNNNNNNNNNNNNNN	NULL	NULL	N	1	Y	0	Y	-1	0	NULL	0
16849	NULL	5000	CCM_PG1.820_MAX_GLAD_EN	820	820_MAX_GLAD_EN	-1	0	16849	NULL	1	NNNNNNNNNNNNNNNNNNNNNNNNNNNNNNNNNNNNNNNNNNNNNNNN	NULL	Maximus Gladiator English Skill - Maximus Security Response	N	1	Y	0	Y	-1	0	NULL	0
16850	NULL	5000	CCM_PG1.821_MAX_GLAD_SP	821	821_MAX_GLAD_SP	-1	0	16850	NULL	1	NNNNNNNNNNNNNNNNNNNNNNNNNNNNNNNNNNNNNNNNNNNNNNNN	NULL	Maximus Gladiator English Skill - Maximus Security Response	N	1	Y	0	Y	-1	0	NULL	0
17021	NULL	5000	CCM_PG1.214_EB_EN_FREW_GRP2	214	214_EB_EN_FREW_GRP2	-1	0	17021	NULL	1	NNNNNNNNNNNNNNNNNNNNNNNNNNNNNNNNNNNNNNNNNNNNNNNN	NULL	EB - English queue for FREW callers Overflow Group2	N	1	Y	0	Y	-1	0	NULL	0
17022	NULL	5000	CCM_PG1.215_EB_SP_FREW_GRP2	215	215_EB_SP_FREW_GRP2	-1	0	17022	NULL	1	NNNNNNNNNNNNNNNNNNNNNNNNNNNNNNNNNNNNNNNNNNNNNNNN	NULL	EB - Spanish queue for FREW callers Overflow Group2	N	1	Y	0	Y	-1	0	NULL	0
17023	NULL	5000	CCM_PG1.216_EB_EN_FREW_GRP3	216	216_EB_EN_FREW_GRP3	-1	0	17023	NULL	1	NNNNNNNNNNNNNNNNNNNNNNNNNNNNNNNNNNNNNNNNNNNNNNNN	NULL	EB - English queue for FREW callers Overflow Group3	N	1	Y	0	Y	-1	0	NULL	0
17024	NULL	5000	CCM_PG1.217_EB_SP_FREW_GRP3	217	217_EB_SP_FREW_GRP3	-1	0	17024	NULL	1	NNNNNNNNNNNNNNNNNNNNNNNNNNNNNNNNNNNNNNNNNNNNNNNN	NULL	EB - Spanish queue for FREW callers Overflow Group3	N	1	Y	0	Y	-1	0	NULL	0
17025	NULL	5000	CCM_PG1.218_EB_EN_FREW_GRP4	218	218_EB_EN_FREW_GRP4	-1	0	17025	NULL	1	NNNNNNNNNNNNNNNNNNNNNNNNNNNNNNNNNNNNNNNNNNNNNNNN	NULL	EB - English queue for FREW callers Overflow Group4	N	1	Y	0	Y	-1	0	NULL	0
17026	NULL	5000	CCM_PG1.219_EB_SP_FREW_GRP4	219	219_EB_SP_FREW_GRP4	-1	0	17026	NULL	1	NNNNNNNNNNNNNNNNNNNNNNNNNNNNNNNNNNNNNNNNNNNNNNNN	NULL	EB - Spanish queue for FREW callers Overflow Group4	N	1	Y	0	Y	-1	0	NULL	0
17053	NULL	5000	CCM_PG1.140_THS_EN_GRP2	140	140_THS_EN_GRP2	-1	0	17053	NULL	1	NNNNNNNNNNNNNNNNNNNNNNNNNNNNNNNNNNNNNNNNNNNNNNNN	NULL	THS English Group2 Queue - Recieves overflow calls from 100_THS_EN	N	1	Y	0	Y	-1	0	NULL	0
17054	NULL	5000	CCM_PG1.141_THS_SP_GRP2	141	141_THS_SP_GRP2	-1	0	17054	NULL	1	NNNNNNNNNNNNNNNNNNNNNNNNNNNNNNNNNNNNNNNNNNNNNNNN	NULL	THS Spanish Group2 Queue - Recieves overflow calls from 101_THS_SP	N	1	Y	0	Y	-1	0	NULL	0
17055	NULL	5000	CCM_PG1.142_THS_EN_GRP3	142	142_THS_EN_GRP3	-1	0	17055	NULL	1	NNNNNNNNNNNNNNNNNNNNNNNNNNNNNNNNNNNNNNNNNNNNNNNN	NULL	THS English Group3 Queue - Recieves overflow calls from 140_THS_EN_GRP2	N	1	Y	0	Y	-1	0	NULL	0
17056	NULL	5000	CCM_PG1.143_THS_SP_GRP3	143	143_THS_SP_GRP3	-1	0	17056	NULL	1	NNNNNNNNNNNNNNNNNNNNNNNNNNNNNNNNNNNNNNNNNNNNNNNN	NULL	THS Spanish Group3 Queue - Recieves overflow calls from 141_THS_SP_GRP2	N	1	Y	0	Y	-1	0	NULL	0
17057	NULL	5000	CCM_PG1.144_THS_EN_GRP4	144	144_THS_EN_GRP4	-1	0	17057	NULL	1	NNNNNNNNNNNNNNNNNNNNNNNNNNNNNNNNNNNNNNNNNNNNNNNN	NULL	THS English Group4 Queue - Recieves overflow calls from 142_THS_EN_GRP3	N	1	Y	0	Y	-1	0	NULL	0
17058	NULL	5000	CCM_PG1.145_THS_SP_GRP4	145	145_THS_SP_GRP4	-1	0	17058	NULL	1	NNNNNNNNNNNNNNNNNNNNNNNNNNNNNNNNNNNNNNNNNNNNNNNN	NULL	THS Spanish Group4 Queue - Recieves overflow calls from 143_THS_SP_GRP3	N	1	Y	0	Y	-1	0	NULL	0
17791	NULL	5001	CCM_PG2.302_IEE_EN_Application	302	302_IEE_EN_Application	-1	0	17791	NULL	1	NNNNNNNNNNNNNNNNNNNNNNNNNNNNNNNNNNNNNNNNNNNNNNNN	NULL	ES Application English	N	1	Y	0	Y	-1	0	NULL	0
17792	NULL	5001	CCM_PG2.303_IEE_SP_Application	303	303_IEE_SP_Application	-1	0	17792	NULL	1	NNNNNNNNNNNNNNNNNNNNNNNNNNNNNNNNNNNNNNNNNNNNNNNN	NULL	ES Application Spanish	N	1	Y	0	Y	-1	0	NULL	0
17793	NULL	5002	CCM_PG3.302_IEE_EN_Application	302	302_IEE_EN_Application	-1	0	17793	NULL	1	NNNNNNNNNNNNNNNNNNNNNNNNNNNNNNNNNNNNNNNNNNNNNNNN	NULL	ES Application English	N	1	Y	0	Y	-1	0	NULL	0
17794	NULL	5002	CCM_PG3.303_IEE_SP_Application	303	303_IEE_SP_Application	-1	0	17794	NULL	1	NNNNNNNNNNNNNNNNNNNNNNNNNNNNNNNNNNNNNNNNNNNNNNNN	NULL	ES Application Spanish	N	1	Y	0	Y	-1	0	NULL	0
17795	NULL	5003	CCM_PG4.302_IEE_EN_Application	302	302_IEE_EN_Application	-1	0	17795	NULL	1	NNNNNNNNNNNNNNNNNNNNNNNNNNNNNNNNNNNNNNNNNNNNNNNN	NULL	ES Application English	N	1	Y	0	Y	-1	0	NULL	0
17796	NULL	5003	CCM_PG4.303_IEE_SP_Application	303	303_IEE_SP_Application	-1	0	17796	NULL	1	NNNNNNNNNNNNNNNNNNNNNNNNNNNNNNNNNNNNNNNNNNNNNNNN	NULL	ES Application Spanish	N	1	Y	0	Y	-1	0	NULL	0
18092	NULL	5000	CCM_PG1.258_EB_PD_TP40_1	258	EB_PD_TP40_1	-1	0	18092	NULL	1	NNNNNNNNNNNNNNNNNNNNNNNNNNNNNNNNNNNNNNNNNNNNNNNN	NULL	EnrollmentTP 40/NOA Clients - Day 5	N	1	Y	0	Y	-1	0	NULL	0
18093	NULL	5000	CCM_PG1.259_EB_PD_TP40_2	259	EB_PD_TP40_2	-1	0	18093	NULL	1	NNNNNNNNNNNNNNNNNNNNNNNNNNNNNNNNNNNNNNNNNNNNNNNN	NULL	EnrollmentTP 40/NOA Clients - Day 7	N	1	Y	0	Y	-1	0	NULL	0
18094	NULL	5000	CCM_PG1.131_THS_PD_NC_FC	131	THS_PD_NC_FC	-1	0	18094	NULL	1	NNNNNNNNNNNNNNNNNNNNNNNNNNNNNNNNNNNNNNNNNNNNNNNN	NULL	Newly Certified Foster Care Children	N	1	Y	0	Y	-1	0	NULL	0
18095	NULL	5000	CCM_PG1.133_THS_PD_NC_SSI	133	THS_PD_NC_SSI	-1	0	18095	NULL	1	NNNNNNNNNNNNNNNNNNNNNNNNNNNNNNNNNNNNNNNNNNNNNNNN	NULL	Newly Certified SSI Children	N	1	Y	0	Y	-1	0	NULL	0
18096	NULL	5000	CCM_PG1.137_THS_PD_CLC	137	THS_PD_CLC	-1	0	18096	NULL	1	NNNNNNNNNNNNNNNNNNNNNNNNNNNNNNNNNNNNNNNNNNNNNNNN	NULL	Children Leaving Conservatorship	N	1	Y	0	Y	-1	0	NULL	0
18097	NULL	5000	CCM_PG1.138_THS_PD_PARTL	138	THS_PD_PARTL	-1	0	18097	NULL	1	NNNNNNNNNNNNNNNNNNNNNNNNNNNNNNNNNNNNNNNNNNNNNNNN	NULL	Parenting Teens	N	1	Y	0	Y	-1	0	NULL	0
18098	NULL	5000	CCM_PG1.139_THS_PD_PREGTL	139	THS_PD_PREGTL	-1	0	18098	NULL	1	NNNNNNNNNNNNNNNNNNNNNNNNNNNNNNNNNNNNNNNNNNNNNNNN	NULL	Pregnant Teens	N	1	Y	0	Y	-1	0	NULL	0
