EVENT_ID,NAME,TARGET,SCORECARD_FLAG,START_DATE,END_DATE,CREATE_BY,CREATE_DATETIME,SCORECARD_GROUP,EE_ADHERENCE,OPS_GROUP,WORKSUBACTIVITY_FLAG,QC_FLAG,EE_ADHERENCE_V2
1,Beginning of Attendance,0,N,01-Jan-16 00:00:00,,script,13-JUN-16 10:08:13,UNUSED_BY_EE,N,NOT IN SCORECARD,N,N,N
2,End of Attendance,0,N,01-Jan-16 00:00:00,,script,13-JUN-16 10:08:13,UNUSED_BY_EE,N,NOT IN SCORECARD,N,N,N
3,Slack Time,0,N,01-Jan-16 00:00:00,,script,13-JUN-16 10:08:13,UNUSED_BY_EE,N,NOT IN SCORECARD,N,N,N
4,Break,0,N,01-Jan-16 00:00:00,,script,13-JUN-16 10:08:13,NON-PRODUCTIVE,N,NOT IN SCORECARD,N,N,N
5,Lunch,0,N,01-Jan-16 00:00:00,,script,13-JUN-16 10:08:13,NON-PRODUCTIVE,N,NOT IN SCORECARD,N,N,N
6,Vacation,0,N,01-Jan-16 00:00:00,,script,13-JUN-16 10:08:13,UNUSED_BY_EE,N,NOT IN SCORECARD,N,N,N
7,Sick,0,N,01-Jan-16 00:00:00,,script,13-JUN-16 10:08:13,UNUSED_BY_EE,N,NOT IN SCORECARD,N,N,N
8,Holiday,0,N,01-Jan-16 00:00:00,,script,13-JUN-16 10:08:13,UNUSED_BY_EE,N,NOT IN SCORECARD,N,N,N
9,Off,0,N,01-Jan-16 00:00:00,,script,13-JUN-16 10:08:13,UNUSED_BY_EE,N,NOT IN SCORECARD,N,N,N
10,(  ),0,N,01-Jan-16 00:00:00,,script,13-JUN-16 10:08:13,UNUSED_BY_EE,N,NOT IN SCORECARD,N,N,N
11,Unknown,0,N,01-Jan-16 00:00:00,,script,13-JUN-16 10:08:13,UNUSED_BY_EE,N,NOT IN SCORECARD,N,N,N
12,Clock In,0,N,01-Jan-16 00:00:00,,script,13-JUN-16 10:08:13,UNUSED_BY_EE,N,NOT IN SCORECARD,N,N,N
13,Clock Out,0,N,01-Jan-16 00:00:00,,script,13-JUN-16 10:08:13,UNUSED_BY_EE,N,NOT IN SCORECARD,N,N,N
14,Personal Day,0,N,01-Jan-16 00:00:00,,script,13-JUN-16 10:08:13,UNUSED_BY_EE,N,NOT IN SCORECARD,N,N,N
15,Late Start,0,N,01-Jan-16 00:00:00,,script,13-JUN-16 10:08:13,UNUSED_BY_EE,N,NOT IN SCORECARD,N,N,N
16,Invalid Agent State,0,N,01-Jan-16 00:00:00,,script,13-JUN-16 10:08:13,UNUSED_BY_EE,N,NOT IN SCORECARD,N,N,N
17,Unknown Work,0,N,01-Jan-16 00:00:00,,script,13-JUN-16 10:08:13,UNUSED_BY_EE,N,NOT IN SCORECARD,N,N,N
18,(none),0,N,01-Jan-16 00:00:00,,script,13-JUN-16 10:08:13,UNUSED_BY_EE,N,NOT IN SCORECARD,N,N,N
19,Split Time,0,N,01-Jan-16 00:00:00,,script,13-JUN-16 10:08:13,UNUSED_BY_EE,N,NOT IN SCORECARD,N,N,N
20,(no actuals),0,N,01-Jan-16 00:00:00,,script,13-JUN-16 10:08:13,UNUSED_BY_EE,N,NOT IN SCORECARD,N,N,N
21,(no schedule),0,N,01-Jan-16 00:00:00,,script,13-JUN-16 10:08:13,UNUSED_BY_EE,N,NOT IN SCORECARD,N,N,N
23,Idle Time,0,N,01-Jan-16 00:00:00,,script,13-JUN-16 10:08:13,NON-PRODUCTIVE,N,NOT IN SCORECARD,N,N,N
24,QuickPick Withdrawn,0,N,01-Jan-16 00:00:00,,script,13-JUN-16 10:08:13,UNUSED_BY_EE,N,NOT IN SCORECARD,N,N,N
1065,Staff Meeting,0,N,01-Jan-16 00:00:00,,script,13-JUN-16 10:08:13,NON-PRODUCTIVE,Y,NOT IN SCORECARD,N,N,N
1066,Training,0,N,01-Jan-16 00:00:00,,script,13-JUN-16 10:08:13,NON-PRODUCTIVE,Y,NOT IN SCORECARD,N,N,N
1067,Outbound Calls,4,Y,01-Jan-16 00:00:00,31-Mar-18 00:00:00,script,13-JUN-16 10:08:13,Outbound Calls,Y,Account Review,N,N,N
1067,Outbound Calls,4,Y,01-Apr-18 00:00:00,,script,,Outbound Calls,N,Account Review,N,N,Y
1068,Special Project,0,N,01-Jan-16 00:00:00,31-Mar-18 00:00:00,script,13-JUN-16 10:08:13,NON-PRODUCTIVE,Y,NOT IN SCORECARD,N,N,N
1068,Special Project,0,N,01-Apr-18 00:00:00,,script,,NON-PRODUCTIVE,N,NOT IN SCORECARD,N,N,Y
1069,One-on-One,0,N,01-Jan-16 00:00:00,,script,13-JUN-16 10:08:13,NON-PRODUCTIVE,Y,NOT IN SCORECARD,N,N,N
1070,E-Chat,0,Y,01-May-18 00:00:00,,CR 1937,03-MAY-18 18:12:50,E-Chat,N,Webchat,N,N,Y
1070,E-Chat,0,N,01-Jan-16 00:00:00,30-Apr-18 00:00:00,script,13-JUN-16 10:08:13,UNUSED_BY_EE,N,NOT IN SCORECARD,N,N,N
1071,Time Off,0,N,01-Jan-16 00:00:00,,script,13-JUN-16 10:08:13,UNUSED_BY_EE,N,NOT IN SCORECARD,N,N,N
1081,Eligibility Specialist C - Appeals,0,N,01-Jan-16 00:00:00,31-Mar-18 00:00:00,script,13-JUN-16 10:08:13,NON-PRODUCTIVE,Y,NOT IN SCORECARD,N,N,N
1083,Supervisor Help,0,N,01-Jan-16 00:00:00,,script,13-JUN-16 10:08:13,NON-PRODUCTIVE,Y,NOT IN SCORECARD,N,N,N
1084,System Problems,0,N,01-Jan-16 00:00:00,,script,13-JUN-16 10:08:13,NON-PRODUCTIVE,Y,NOT IN SCORECARD,N,N,N
1085,Phone Problems,0,N,01-Jan-16 00:00:00,,script,13-JUN-16 10:08:13,NON-PRODUCTIVE,Y,NOT IN SCORECARD,N,N,N
1087,Early Departure,0,N,01-Jan-16 00:00:00,,script,13-JUN-16 10:08:13,UNUSED_BY_EE,N,NOT IN SCORECARD,N,N,N
1088,Weather Related Late Arrival,0,N,01-Jan-16 00:00:00,,script,13-JUN-16 10:08:13,UNUSED_BY_EE,N,NOT IN SCORECARD,N,N,N
1090,Unplanned Team Meeting,0,N,01-Jan-16 00:00:00,,script,13-JUN-16 10:08:13,UNUSED_BY_EE,N,NOT IN SCORECARD,N,N,N
1091,Special Floor Meeting,0,N,01-Jan-16 00:00:00,,script,13-JUN-16 10:08:13,UNUSED_BY_EE,N,NOT IN SCORECARD,N,N,N
1092,Unplanned Absence,0,N,01-Jan-16 00:00:00,,script,13-JUN-16 10:08:13,UNUSED_BY_EE,N,NOT IN SCORECARD,N,N,N
1093,IDR incident,0,N,01-Jan-16 00:00:00,,script,13-JUN-16 10:08:13,UNUSED_BY_EE,N,NOT IN SCORECARD,N,N,N
1095,Employer Application,0,N,01-Jan-16 00:00:00,,script,13-JUN-16 10:08:13,UNUSED_BY_EE,N,NOT IN SCORECARD,N,N,N
1096,Employee Application,0,N,01-Jan-16 00:00:00,,script,13-JUN-16 10:08:13,UNUSED_BY_EE,N,NOT IN SCORECARD,N,N,N
1098,Existing Appeal,0,N,01-Jan-16 00:00:00,,script,13-JUN-16 10:08:13,UNUSED_BY_EE,N,NOT IN SCORECARD,N,N,N
1099,Complaint,10,Y,01-Jan-16 00:00:00,31-Oct-16 00:00:00,script,13-JUN-16 10:08:13,Complaint,Y,Account Review,N,N,N
1099,Complaint,20,Y,01-Nov-16 00:00:00,30-Apr-17 00:00:00,script,21-OCT-16 12:55:54,Complaint,Y,Account Review,N,N,N
1099,Complaint,20,Y,01-May-17 00:00:00,31-Mar-18 00:00:00,script,19-MAY-17 13:48:56,Complaint,Y,Account Review,N,N,N
1099,Complaint,20,Y,01-Apr-18 00:00:00,,script,,Complaint,N,Account Review,,N,Y
1101,Incident Open,3.5,Y,01-May-17 00:00:00,31-Mar-18 00:00:00,script,19-MAY-17 13:48:56,Incident Open,Y,Account Review,N,N,N
1101,Incident Open,2,Y,01-Jan-16 00:00:00,30-Apr-17 00:00:00,script,13-JUN-16 10:08:13,Incident Open,Y,Account Review,N,N,N
1101,Incident Open,3.5,Y,01-Apr-18 00:00:00,,script,,Incident Open,N,Account Review,N,N,Y
1102,Refer to ES-C,0,N,01-Jan-16 00:00:00,31-Mar-18 00:00:00,script,13-JUN-16 10:08:13,NON-PRODUCTIVE,Y,NOT IN SCORECARD,N,N,N
1102,Refer to ES-C,0,N,01-Apr-18 00:00:00,,script,,NON-PRODUCTIVE,N,NOT IN SCORECARD,N,N,Y
1103,Schedule Hearing,0.75,Y,01-Jan-16 00:00:00,30-Apr-17 00:00:00,script,13-JUN-16 10:08:13,Schedule Hearing,Y,Account Review,N,N,N
1103,Schedule Hearing,0.65,Y,01-May-17 00:00:00,31-Mar-18 00:00:00,script,19-MAY-17 13:48:57,Schedule Hearing,Y,Account Review,N,N,N
1103,Schedule Hearing,0.65,Y,01-Apr-18 00:00:00,,script,,Schedule Hearing,N,Account Review,N,N,Y
1104,Verification Document,8,Y,01-Jan-16 00:00:00,30-Apr-17 00:00:00,script,13-JUN-16 10:08:13,Verification Document,Y,Verification Document,N,N,N
1104,Verification Document,8.5,Y,01-May-17 00:00:00,31-Mar-18 00:00:00,script,19-MAY-17 13:48:57,Verification Document,Y,Verification Document,N,N,N
1104,Verification Document,8.5,Y,01-Apr-18 00:00:00,,script,,Verification Document,N,Verification Document,N,N,Y
1105,Application in Process,9,Y,01-May-17 00:00:00,31-Mar-18 00:00:00,script,19-MAY-17 13:48:57,Application in Process,Y,Research,N,N,N
1105,Application in Process,10,Y,01-Jan-16 00:00:00,30-Apr-17 00:00:00,script,13-JUN-16 10:08:13,Application in Process,Y,Research,N,N,N
1105,Application in Process,9,Y,01-Apr-18 00:00:00,,script,,Application in Process,N,Research,N,N,Y
1106,Free Form Text,0,N,01-Jan-16 00:00:00,,script,13-JUN-16 10:08:13,UNUSED_BY_EE,N,NOT IN SCORECARD,N,N,N
1107,Returned Mail Application,15,Y,01-Jan-16 00:00:00,31-Oct-16 00:00:00,script,13-JUN-16 10:08:13,Returned Mail,Y,Research,N,N,N
1107,Returned Mail Application,0,N,01-May-17 00:00:00,31-Mar-18 00:00:00,script,19-MAY-17 13:49:05,Returned Mail,Y,Research,N,N,N
1107,Returned Mail Application,18,Y,01-Nov-16 00:00:00,30-Apr-17 00:00:00,script,21-OCT-16 12:55:54,Returned Mail,Y,Research,N,N,N
1107,Returned Mail Application,0,N,01-Apr-18 00:00:00,,script,19-MAY-17 13:49:05,Returned Mail,N,Research,N,N,Y
1109,Wrong Program,15,Y,01-Jan-16 00:00:00,30-Apr-17 00:00:00,script,13-JUN-16 10:08:13,Wrong Program,Y,Research,N,N,N
1109,Wrong Program,20,Y,01-May-17 00:00:00,31-Mar-18 00:00:00,script,19-MAY-17 13:48:57,Wrong Program,Y,Research,N,N,N
1109,Wrong Program,20,Y,01-Apr-18 00:00:00,,script,,Wrong Program,N,Research,N,N,Y
1110,FM Returned Mail,20,Y,01-Nov-16 00:00:00,30-Apr-17 00:00:00,script,21-OCT-16 12:55:54,Other Research,Y,Research,N,N,N
1110,FM Returned Mail,20,Y,01-May-17 00:00:00,31-Mar-18 00:00:00,script,19-MAY-17 13:48:57,Other Research,Y,Research,N,N,N
1110,FM Returned Mail,20,Y,01-Apr-18 00:00:00,,script,,Other Research,N,Research,N,N,Y
1111,Other,20,Y,01-May-17 00:00:00,31-Mar-18 00:00:00,script,19-MAY-17 13:48:57,Other Research,Y,Research,N,N,N
1111,Other,20,Y,01-Nov-16 00:00:00,30-Apr-17 00:00:00,script,21-OCT-16 12:55:54,Other Research,Y,Research,N,N,N
1111,Other,10,Y,01-Jan-16 00:00:00,31-Oct-16 00:00:00,script,13-JUN-16 10:08:13,Other Research,Y,Research,N,N,N
1111,Other,20,Y,01-Apr-18 00:00:00,,script,19-MAY-17 13:48:57,Other Research,N,Research,N,N,Y
1112,IDR Incident Open,0,N,01-Jan-16 00:00:00,,script,13-JUN-16 10:08:13,UNUSED_BY_EE,N,NOT IN SCORECARD,N,N,N
1119,Team Meeting,0,N,01-Jan-16 00:00:00,,script,13-JUN-16 10:08:13,UNUSED_BY_EE,N,NOT IN SCORECARD,N,N,N
1120,Problem Case,0,N,01-Jan-16 00:00:00,31-Mar-18 00:00:00,script,13-JUN-16 10:08:13,NON-PRODUCTIVE,Y,NOT IN SCORECARD,N,N,N
1120,Problem Case,0,N,01-Apr-18 00:00:00,,script,,NON-PRODUCTIVE,N,NOT IN SCORECARD,N,N,Y
1124,Missing Data,0,N,01-Nov-16 00:00:00,31-Mar-18 00:00:00,script,19-MAY-17 13:49:04,Application - Missing Data,Y,Research,N,N,N
1124,Missing Data,7,Y,01-Jan-16 00:00:00,31-Oct-16 00:00:00,script,13-JUN-16 10:08:13,Application - Missing Data,Y,Research,N,N,N
1124,Missing Data,0,N,01-Apr-18 00:00:00,,script,,Application - Missing Data,N,Research,N,N,Y
1127,NYEC - Renewals Bilingual,0,N,01-Jan-16 00:00:00,,script,13-JUN-16 10:08:13,UNUSED_BY_EE,N,NOT IN SCORECARD,N,N,N
1131,Document Problem Resolution,20,Y,01-May-17 00:00:00,31-Mar-18 00:00:00,script,19-MAY-17 13:48:57,Other Research,Y,Research,N,N,N
1131,Document Problem Resolution,10,Y,01-Jan-16 00:00:00,31-Oct-16 00:00:00,script,13-JUN-16 10:08:13,Other Research,Y,Research,N,N,N
1131,Document Problem Resolution,20,Y,01-Nov-16 00:00:00,30-Apr-17 00:00:00,script,21-OCT-16 12:55:54,Other Research,Y,Research,N,N,N
1131,Document Problem Resolution,20,Y,01-Apr-18 00:00:00,,script,,Other Research,N,Research,N,N,Y
1132,Doc/Form Type Mismatch Task,20,Y,01-Nov-16 00:00:00,30-Apr-17 00:00:00,script,21-OCT-16 12:55:54,Other Research,Y,Research,N,N,N
1132,Doc/Form Type Mismatch Task,10,Y,01-Jan-16 00:00:00,31-Oct-16 00:00:00,script,13-JUN-16 10:08:13,Other Research,Y,Research,N,N,N
1132,Doc/Form Type Mismatch Task,20,Y,01-May-17 00:00:00,31-Mar-18 00:00:00,script,19-MAY-17 13:48:57,Other Research,Y,Research,N,N,N
1132,Doc/Form Type Mismatch Task,20,Y,01-Apr-18 00:00:00,,script,,Other Research,N,Research,N,N,Y
1133,Financial Management,20,Y,01-Nov-16 00:00:00,30-Apr-17 00:00:00,script,21-OCT-16 12:55:54,Other Research,Y,Research,N,N,N
1133,Financial Management,10,Y,01-Jan-16 00:00:00,31-Oct-16 00:00:00,script,13-JUN-16 10:08:13,Other Research,Y,Research,N,N,N
1133,Financial Management,20,Y,01-May-17 00:00:00,31-Mar-18 00:00:00,script,19-MAY-17 13:48:57,Other Research,Y,Research,N,N,N
1133,Financial Management,20,Y,01-Apr-18 00:00:00,,script,,Other Research,N,Research,N,N,Y
1134,Free Form Follow-Up,20,Y,01-Nov-16 00:00:00,30-Apr-17 00:00:00,script,21-OCT-16 12:55:55,Other Research,Y,Research,N,N,N
1134,Free Form Follow-Up,10,Y,01-Jan-16 00:00:00,31-Oct-16 00:00:00,script,13-JUN-16 10:08:13,Other Research,Y,Research,N,N,N
1134,Free Form Follow-up,20,Y,01-May-17 00:00:00,31-Mar-18 00:00:00,script,19-MAY-17 13:48:57,Other Research,Y,Research,N,N,N
1134,Free Form Follow-up,20,Y,01-Apr-18 00:00:00,,script,,Other Research,N,Research,N,N,Y
1137,HSDE-QC VHT,0,N,01-Jan-16 00:00:00,,script,13-JUN-16 10:08:13,UNUSED_BY_EE,N,NOT IN SCORECARD,N,N,N
1138,Link Document Set - App,30,Y,01-May-17 00:00:00,31-Mar-18 00:00:00,script,19-MAY-17 13:48:58,Link Document Set - App,Y,Linking,N,N,N
1138,Link Document Set - App,28,Y,01-Nov-16 00:00:00,30-Apr-17 00:00:00,script,21-OCT-16 12:55:55,Link Document Set - App,Y,Linking,N,N,N
1138,Link Document Set - App,24,Y,01-Jan-16 00:00:00,31-Oct-16 00:00:00,script,13-JUN-16 10:08:13,Link Document Set - App,Y,Linking,N,N,N
1138,Link Document Set - App,30,Y,01-Apr-18 00:00:00,,script,,Link Document Set - App,N,Linking,N,N,Y
1139,Data Entry - Verification Document,0,N,01-Jan-16 00:00:00,,script,13-JUN-16 10:08:13,UNUSED_BY_EE,N,NOT IN SCORECARD,N,N,N
1140,NYHBE Verification Doc Research,0,N,01-Jan-16 00:00:00,,script,13-JUN-16 10:08:13,UNUSED_BY_EE,N,NOT IN SCORECARD,N,N,N
1141,Data Entry-SHOP Employee Task,0,N,01-Jan-16 00:00:00,,script,13-JUN-16 10:08:13,UNUSED_BY_EE,N,NOT IN SCORECARD,N,N,N
1142,Data Entry Research Task,4,Y,01-Jan-16 00:00:00,31-Mar-18 00:00:00,script,13-JUN-16 10:08:13,Data Entry Research,Y,Research,N,N,N
1142,Data Entry Research Task,4,Y,01-Apr-18 00:00:00,,script,,Data Entry Research,N,Research,N,N,Y
1143,Awaiting Documentation,3,Y,01-Jan-16 00:00:00,31-Mar-18 00:00:00,script,13-JUN-16 10:08:13,Awaiting Documentation,Y,Account Review,N,N,N
1143,Awaiting Documentation,3,Y,01-Apr-18 00:00:00,,script,,Awaiting Documentation,N,Account Review,N,N,Y
1144,Awaiting Written Withdrawal,4,Y,01-Jan-16 00:00:00,30-Apr-17 00:00:00,script,13-JUN-16 10:08:13,Awaiting Written Withdrawal,Y,Account Review,N,N,N
1144,Awaiting Written Withdrawal,7,Y,01-May-17 00:00:00,31-Mar-18 00:00:00,script,19-MAY-17 13:48:58,Awaiting Written Withdrawal,Y,Account Review,N,N,N
1144,Awaiting Written Withdrawal,7,Y,01-Apr-18 00:00:00,,script,,Awaiting Written Withdrawal,N,Account Review,N,N,Y
1145,Appeals TBD,0,N,01-Jan-16 00:00:00,,script,13-JUN-16 10:08:13,UNUSED_BY_EE,N,NOT IN SCORECARD,N,N,N
1147,HSDE QC - Verification,40,Y,01-May-17 00:00:00,31-Mar-18 00:00:00,script,19-MAY-17 13:48:58,HSDE QC - Verification,Y,Linking,N,N,N
1147,HSDE QC - Verification,32,Y,01-Jan-16 00:00:00,30-Apr-17 00:00:00,script,13-JUN-16 10:08:13,HSDE QC - Verification,Y,Linking,N,N,N
1147,HSDE QC - Verification,40,Y,01-Apr-18 00:00:00,,script,,HSDE QC - Verification,N,Linking,N,N,Y
1150,NYHBE Complaints,0,N,01-Jan-16 00:00:00,,script,13-JUN-16 10:08:13,UNUSED_BY_EE,N,NOT IN SCORECARD,N,N,N
1151,NYHBE Verification Doc Research Task,0,N,01-Jan-16 00:00:00,,script,13-JUN-16 10:08:13,UNUSED_BY_EE,N,NOT IN SCORECARD,N,N,N
1152,Refer to ES-C Supervisor,0,N,01-Jan-16 00:00:00,,script,13-JUN-16 10:08:13,UNUSED_BY_EE,N,NOT IN SCORECARD,N,N,N
1153,Supervisor Complaint Task,0,N,01-Jan-16 00:00:00,,script,13-JUN-16 10:08:13,UNUSED_BY_EE,N,NOT IN SCORECARD,N,N,N
1154,Supervisor Referral Task,0,N,01-Jan-16 00:00:00,,script,13-JUN-16 10:08:13,UNUSED_BY_EE,N,NOT IN SCORECARD,N,N,N
1155,Emergency Personal Call,0,N,01-Jan-16 00:00:00,,script,13-JUN-16 10:08:13,NON-PRODUCTIVE,Y,NOT IN SCORECARD,N,N,N
1156,Link Doc Set QC - App,27,Y,01-May-17 00:00:00,31-Mar-18 00:00:00,script,19-MAY-17 13:48:58,Link Doc Set QC - App,Y,QC,N,N,N
1156,Link Doc Set QC - App,25,Y,01-Nov-16 00:00:00,30-Apr-17 00:00:00,script,21-OCT-16 12:55:55,Link Doc Set QC - App,Y,QC,N,N,N
1156,Link Doc Set QC - App,24,Y,01-Jan-16 00:00:00,31-Oct-16 00:00:00,script,13-JUN-16 10:08:13,Link Doc Set QC - App,Y,QC,N,N,N
1156,Link Doc Set QC - App,27,Y,01-Apr-18 00:00:00,,script,,Link Doc Set QC - App,N,QC,N,N,Y
1157,Multiple Applications,19,Y,01-May-17 00:00:00,31-Mar-18 00:00:00,script,19-MAY-17 13:48:58,Linking Issues,Y,Research,N,N,N
1157,Multiple Applications,30,Y,01-Jan-16 00:00:00,31-Oct-16 00:00:00,script,13-JUN-16 10:08:13,Linking Issues,Y,Research,N,N,N
1157,Multiple Applications,25,Y,01-Nov-16 00:00:00,30-Apr-17 00:00:00,script,21-OCT-16 12:55:55,Linking Issues,Y,Research,N,N,N
1157,Multiple Applications,19,Y,01-Apr-18 00:00:00,,script,,Linking Issues,N,Research,N,N,Y
1158,NYHBE MAXIMUS QC Task,0,N,01-Jan-16 00:00:00,,script,13-JUN-16 10:08:13,UNUSED_BY_EE,N,NOT IN SCORECARD,N,N,N
1159,Orphan Document,30,Y,01-Jan-16 00:00:00,31-Oct-16 00:00:00,script,13-JUN-16 10:08:13,Orphan Document,Y,Research,N,N,N
1159,Orphan Document,26,Y,01-Nov-16 00:00:00,30-Apr-17 00:00:00,script,21-OCT-16 12:55:55,Orphan Document,Y,Research,N,N,N
1159,Orphan Document,21,Y,01-May-17 00:00:00,31-Mar-18 00:00:00,script,19-MAY-17 13:48:58,Orphan Document,Y,Research,N,N,N
1159,Orphan Document,21,Y,01-Apr-18 00:00:00,,script,,Orphan Document,N,Research,N,N,Y
1160,Irate Client,0,N,01-Jan-16 00:00:00,,script,13-JUN-16 10:08:13,NON-PRODUCTIVE,Y,NOT IN SCORECARD,N,N,N
1161,Account Correction,30,Y,01-Jan-16 00:00:00,31-Oct-16 00:00:00,script,13-JUN-16 10:08:13,Linking Issues,Y,Research,N,N,N
1161,Account Correction,25,Y,01-Nov-16 00:00:00,30-Apr-17 00:00:00,script,21-OCT-16 12:55:55,Linking Issues,Y,Research,N,N,N
1161,Account Correction,19,Y,01-May-17 00:00:00,31-Mar-18 00:00:00,script,19-MAY-17 13:48:58,Linking Issues,Y,Research,N,N,N
1161,Account Correction,19,Y,01-Apr-18 00:00:00,,script,19-MAY-17 13:48:58,Linking Issues,N,Research,N,N,Y
1162,TESTING,0,N,01-Jan-16 00:00:00,,script,13-JUN-16 10:08:13,UNUSED_BY_EE,N,NOT IN SCORECARD,N,N,N
1166,Inbound/Outbound Call,0,N,01-Jan-16 00:00:00,31-Mar-18 00:00:00,script,13-JUN-16 10:08:13,NON-PRODUCTIVE,Y,NOT IN SCORECARD,N,N,N
1166,Inbound/Outbound Call,0,N,01-Apr-18 00:00:00,,script,,NON-PRODUCTIVE,N,NOT IN SCORECARD,N,N,Y
1167,Processing,0,N,01-Jan-16 00:00:00,,script,13-JUN-16 10:08:13,UNUSED_BY_EE,N,NOT IN SCORECARD,N,N,N
1168,Wrap Up,0,N,01-Jan-16 00:00:00,,script,13-JUN-16 10:08:13,UNUSED_BY_EE,N,NOT IN SCORECARD,N,N,N
1169,HSDE Verification,24.5,Y,01-May-17 00:00:00,31-Mar-18 00:00:00,script,19-MAY-17 13:48:58,HSDE Verification,Y,HSDE,N,N,N
1169,HSDE Verification,24.5,Y,01-Apr-18 00:00:00,,script,,HSDE Verification,N,HSDE,N,N,Y
1169,HSDE Verification,19,Y,01-Jan-16 00:00:00,30-Apr-17 00:00:00,script,13-JUN-16 10:08:13,HSDE Verification,Y,HSDE,N,N,N
1170,Data Entry - SHOP Employer,0,N,01-Jan-16 00:00:00,,script,13-JUN-16 10:08:13,UNUSED_BY_EE,N,NOT IN SCORECARD,N,N,Y
1171,HSDE NYSOH Application,3.25,Y,01-Jan-16 00:00:00,30-Apr-17 00:00:00,script,13-JUN-16 10:08:13,HSDE NYSOH Application,Y,HSDE,N,N,N
1171,HSDE NYSOH Application,3.75,Y,01-May-17 00:00:00,31-Mar-18 00:00:00,script,19-MAY-17 13:48:58,HSDE NYSOH Application,Y,HSDE,N,N,N
1171,HSDE NYSOH Application,3.75,Y,01-Apr-18 00:00:00,,script,,HSDE NYSOH Application,N,HSDE,N,N,Y
1172,Authorized Rep,10,Y,01-Jan-16 00:00:00,30-Apr-17 00:00:00,script,13-JUN-16 10:08:13,Authorized Rep,Y,Research,N,N,N
1172,Authorized Rep,10,Y,01-May-17 00:00:00,31-Mar-18 00:00:00,script,19-MAY-17 13:48:58,Authorized Rep,Y,Research,N,N,N
1172,Authorized Rep,10,Y,01-Apr-18 00:00:00,,script,,Authorized Rep,N,Research,N,N,Y
1173,Reschedule Hearing,6,Y,01-May-17 00:00:00,31-Mar-18 00:00:00,script,19-MAY-17 13:48:58,Reschedule Hearing,Y,Account Review,N,N,N
1173,Reschedule Hearing,4,Y,01-Jan-16 00:00:00,30-Apr-17 00:00:00,script,13-JUN-16 10:08:13,Reschedule Hearing,Y,Account Review,N,N,N
1173,Reschedule Hearing,6,Y,01-Apr-18 00:00:00,,script,,Reschedule Hearing,N,Account Review,N,N,Y
1174,MAXIMUS QC Task,0,N,01-Jan-16 00:00:00,,script,13-JUN-16 10:08:13,NON-PRODUCTIVE,Y,NOT IN SCORECARD,N,N,N
1175,Document Management QC,0,N,01-Jan-16 00:00:00,,script,13-JUN-16 10:08:13,UNUSED_BY_EE,N,NOT IN SCORECARD,N,N,N
1176,VLP - G845,10,Y,01-Jan-16 00:00:00,31-Oct-16 00:00:00,script,13-JUN-16 10:08:13,VLP,Y,Research,N,N,N
1176,VLP - G845,11,Y,01-Nov-16 00:00:00,30-Apr-17 00:00:00,script,21-OCT-16 12:55:55,VLP,Y,Research,N,N,N
1176,VLP - G845,12,Y,01-May-17 00:00:00,31-Mar-18 00:00:00,script,19-MAY-17 13:48:59,VLP,Y,Research,N,N,N
1176,VLP - G845,12,Y,01-Apr-18 00:00:00,,script,,VLP,N,Research,N,N,Y
1177,TPHI,10,Y,01-Jan-16 00:00:00,31-Oct-16 00:00:00,script,13-JUN-16 10:08:13,Other Research,Y,Research,N,N,N
1177,TPHI,20,Y,01-May-17 00:00:00,31-Mar-18 00:00:00,script,19-MAY-17 13:48:59,Other Research,Y,Research,N,N,N
1177,TPHI,20,Y,01-Nov-16 00:00:00,30-Apr-17 00:00:00,script,21-OCT-16 12:55:55,Other Research,Y,Research,N,N,N
1177,TPHI,20,Y,01-Apr-18 00:00:00,,script,,Other Research,N,Research,N,N,Y
1178,KOFAX Fax QC,70,Y,01-Jan-16 00:00:00,30-Apr-17 00:00:00,script,13-JUN-16 10:08:13,KOFAX FAX QC,Y,HSDE,N,N,N
1178,KOFAX Fax QC,100,Y,01-May-17 00:00:00,31-Mar-18 00:00:00,script,19-MAY-17 13:48:59,KOFAX FAX QC,Y,HSDE,N,N,N
1178,KOFAX Fax QC,100,Y,01-Apr-18 00:00:00,,script,,KOFAX FAX QC,N,HSDE,N,N,Y
1179,KOFAX Mail QC,0,N,01-May-17 00:00:00,31-Mar-18 00:00:00,script,19-MAY-17 13:49:04,KOFAX FAX QC,Y,HSDE,N,N,N
1179,KOFAX Mail QC,70,Y,01-Jan-16 00:00:00,30-Apr-17 00:00:00,script,13-JUN-16 10:08:13,KOFAX FAX QC,Y,HSDE,N,N,N
1179,KOFAX Mail QC,0,N,01-Apr-18 00:00:00,,script,,KOFAX FAX QC,N,HSDE,N,N,Y
1180,Mailroom,0,N,01-Jan-16 00:00:00,30-Apr-17 00:00:00,script,13-JUN-16 10:08:13,NON-PRODUCTIVE,Y,NOT IN SCORECARD,N,N,N
1181,Inbound Calls,0,N,01-Jan-16 00:00:00,,script,13-JUN-16 10:08:13,UNUSED_BY_EE,N,NOT IN SCORECARD,N,N,N
1182,Complaints/NYSOH Support - Outbound Calls,4,Y,01-Jan-16 00:00:00,31-Mar-18 00:00:00,script,13-JUN-16 10:08:13,Complaints/NYSOH Support - Outbound Calls,Y,Account Review,N,N,N
1182,Complaints/NYSOH Support - Outbound Calls,4,Y,01-Apr-18 00:00:00,,script,,Complaints/NYSOH Support - Outbound Calls,N,Account Review,N,N,Y
1183,ES C - Gen Info,0,N,01-Jan-16 00:00:00,,script,13-JUN-16 10:08:13,UNUSED_BY_EE,N,NOT IN SCORECARD,N,N,N
1184,Orientation,0,N,01-Jan-16 00:00:00,,script,13-JUN-16 10:08:13,UNUSED_BY_EE,N,NOT IN SCORECARD,N,N,N
1185,Agent Self Study Online,0,N,01-Jan-16 00:00:00,,script,13-JUN-16 10:08:13,UNUSED_BY_EE,N,NOT IN SCORECARD,N,N,N
1186,Agent Classroom,0,N,01-Jan-16 00:00:00,,script,13-JUN-16 10:08:13,UNUSED_BY_EE,N,NOT IN SCORECARD,N,N,N
1187,Compliance,0,N,01-Jan-16 00:00:00,,script,13-JUN-16 10:08:13,UNUSED_BY_EE,N,NOT IN SCORECARD,N,N,N
1189,NYEC - Renewal Processing,0,N,01-Jan-16 00:00:00,,script,13-JUN-16 10:08:13,UNUSED_BY_EE,N,NOT IN SCORECARD,N,N,N
1190,NYEC - Renewals Processing,0,N,01-Jan-16 00:00:00,,script,13-JUN-16 10:08:13,UNUSED_BY_EE,N,NOT IN SCORECARD,N,N,N
1193,Refresher Training,0,N,01-Jan-16 00:00:00,,script,13-JUN-16 10:08:13,UNUSED_BY_EE,N,NOT IN SCORECARD,N,N,N
1194,WFM Chat,0,N,01-Jan-16 00:00:00,,script,13-JUN-16 10:08:13,UNUSED_BY_EE,N,NOT IN SCORECARD,N,N,N
1195,Safety Training,0,N,01-Jan-16 00:00:00,,script,13-JUN-16 10:08:13,UNUSED_BY_EE,N,NOT IN SCORECARD,N,N,N
1197,Application Missing Information,6,Y,01-May-17 00:00:00,31-Mar-18 00:00:00,script,19-MAY-17 13:48:59,Application - Missing Data,Y,Research,N,N,N
1197,Application Missing Information,7,Y,01-Jan-16 00:00:00,31-Oct-16 00:00:00,script,13-JUN-16 10:08:13,Application - Missing Data,Y,Research,N,N,N
1197,Application Missing Information,6,Y,01-Nov-16 00:00:00,30-Apr-17 00:00:00,script,21-OCT-16 12:55:55,Application - Missing Data,Y,Research,N,N,N
1197,Application Missing Information,6,Y,01-Apr-18 00:00:00,,script,,Application - Missing Data,N,Research,N,N,Y
1198,Identity Proofing,0,N,01-Jan-16 00:00:00,31-Mar-18 00:00:00,script,13-JUN-16 10:08:13,UNUSED_BY_EE,N,NOT IN SCORECARD,N,N,N
1198,Identity Proofing,0,N,01-Apr-18 00:00:00,,script,,UNUSED_BY_EE,N,NOT IN SCORECARD,N,N,Y
1199,Incomplete Fax,0,N,01-Jan-16 00:00:00,,script,13-JUN-16 10:08:13,UNUSED_BY_EE,N,NOT IN SCORECARD,N,N,N
1200,Returned Mail,18,Y,01-Nov-16 00:00:00,30-Apr-17 00:00:00,script,21-OCT-16 12:55:56,Returned Mail,Y,Research,N,N,N
1200,Returned Mail,19,Y,01-May-17 00:00:00,31-Mar-18 00:00:00,script,19-MAY-17 13:48:59,Returned Mail,Y,Research,N,N,N
1200,Returned Mail,15,Y,01-Jan-16 00:00:00,31-Oct-16 00:00:00,script,13-JUN-16 10:08:13,Returned Mail,Y,Research,N,N,N
1200,Returned Mail,19,Y,01-Apr-18 00:00:00,,script,,Returned Mail,N,Research,N,N,Y
1201,Appeals,20,Y,01-Nov-16 00:00:00,30-Apr-17 00:00:00,script,21-OCT-16 12:55:56,Appeals,Y,Research,N,N,N
1201,Appeals,20,Y,01-May-17 00:00:00,31-Mar-18 00:00:00,script,19-MAY-17 13:48:59,Appeals,Y,Research,N,N,N
1201,Appeals,10,Y,01-Jan-16 00:00:00,31-Oct-16 00:00:00,script,13-JUN-16 10:08:13,Appeals,Y,Research,N,N,N
1201,Appeals,20,Y,01-Apr-18 00:00:00,,script,,Appeals,N,Research,N,N,Y
1202,Quality Training,0,N,01-Jan-16 00:00:00,,script,13-JUN-16 10:08:13,UNUSED_BY_EE,N,NOT IN SCORECARD,N,N,N
1203,Account Review Unit / Non-Task,0,N,01-Jan-16 00:00:00,31-Mar-18 00:00:00,script,13-JUN-16 10:08:13,NON-PRODUCTIVE,Y,NOT IN SCORECARD,N,N,N
1203,Account Review Unit / Non-Task,0,N,01-Apr-18 00:00:00,,script,,NON-PRODUCTIVE,N,NOT IN SCORECARD,N,N,Y
1204,Awaiting Validity Check,3,Y,01-Jan-16 00:00:00,30-Apr-17 00:00:00,script,13-JUN-16 10:08:13,Awaiting Validity Check,Y,Account Review,N,N,N
1204,Awaiting Validity Check,5,Y,01-May-17 00:00:00,31-Mar-18 00:00:00,script,19-MAY-17 13:48:59,Awaiting Validity Check,Y,Account Review,N,N,N
1204,Awaiting Validity Check,5,Y,01-Apr-18 00:00:00,,script,,Awaiting Validity Check,N,Account Review,N,N,Y
1205,Evidence Packet Correction - Task,0.75,Y,01-Jan-16 00:00:00,31-Mar-18 00:00:00,script,13-JUN-16 10:08:13,Evidence Packet Correction - Task,Y,Account Review,N,N,N
1205,Evidence Packet Correction - Task,0.75,Y,01-Apr-18 00:00:00,,script,,Evidence Packet Correction - Task,N,Account Review,N,N,Y
1206,Un-Scheduled Break,0,N,01-Jan-16 00:00:00,,script,13-JUN-16 10:08:13,NON-PRODUCTIVE,N,NOT IN SCORECARD,N,N,N
1207,Appeal - Task,0,N,01-Jan-16 00:00:00,,script,13-JUN-16 10:08:13,UNUSED_BY_EE,N,NOT IN SCORECARD,N,N,N
1208,Fire Drill/ Evacuation,0,N,01-Jan-16 00:00:00,,script,13-JUN-16 10:08:13,UNUSED_BY_EE,N,NOT IN SCORECARD,N,N,N
1209,Complaint Training,0,N,01-Jan-16 00:00:00,,script,13-JUN-16 10:08:13,UNUSED_BY_EE,N,NOT IN SCORECARD,N,N,N
1210,Cobrowse Training,0,N,01-Jan-16 00:00:00,,script,13-JUN-16 10:08:13,UNUSED_BY_EE,N,NOT IN SCORECARD,N,N,N
1211,Seibel Updates Training,0,N,01-Jan-16 00:00:00,,script,13-JUN-16 10:08:13,UNUSED_BY_EE,N,NOT IN SCORECARD,N,N,N
1212,UPK Training,0,N,01-Jan-16 00:00:00,,script,13-JUN-16 10:08:13,UNUSED_BY_EE,N,NOT IN SCORECARD,N,N,N
1213,Flex Time,0,N,01-Jan-16 00:00:00,,script,13-JUN-16 10:08:13,UNUSED_BY_EE,N,NOT IN SCORECARD,N,N,N
1214,Pipkins Modification UPK,0,N,01-Jan-16 00:00:00,,script,13-JUN-16 10:08:13,UNUSED_BY_EE,N,NOT IN SCORECARD,N,N,N
1216,Newborn - UPK,0,N,01-Jan-16 00:00:00,,script,13-JUN-16 10:08:13,UNUSED_BY_EE,N,NOT IN SCORECARD,N,N,N
1217,CSS 1,0,N,01-Jan-16 00:00:00,,script,13-JUN-16 10:08:13,UNUSED_BY_EE,N,NOT IN SCORECARD,N,N,N
1218,Gap,0,N,01-Jan-16 00:00:00,,script,13-JUN-16 10:08:13,UNUSED_BY_EE,N,NOT IN SCORECARD,N,N,N
1223,Test 1,0,N,01-Jan-16 00:00:00,,script,13-JUN-16 10:08:13,UNUSED_BY_EE,N,NOT IN SCORECARD,N,N,N
1224,Test 2,0,N,01-Jan-16 00:00:00,,script,13-JUN-16 10:08:13,UNUSED_BY_EE,N,NOT IN SCORECARD,N,N,N
1225,Renewals training,0,N,01-Jan-16 00:00:00,,script,13-JUN-16 10:08:13,UNUSED_BY_EE,N,NOT IN SCORECARD,N,N,N
1228,CBT UPK,0,N,01-Jan-16 00:00:00,,script,13-JUN-16 10:08:13,UNUSED_BY_EE,N,NOT IN SCORECARD,N,N,N
1229,eMedNY UPK,0,N,01-Jan-16 00:00:00,,script,13-JUN-16 10:08:13,UNUSED_BY_EE,N,NOT IN SCORECARD,N,N,N
1230,Incarceration Proof,20,Y,01-Nov-16 00:00:00,30-Apr-17 00:00:00,script,21-OCT-16 12:55:56,Other Research,Y,Research,N,N,N
1230,Incarceration Proof,10,Y,01-Jan-16 00:00:00,31-Oct-16 00:00:00,script,13-JUN-16 10:08:13,Other Research,Y,Research,N,N,N
1230,Incarceration Proof,20,Y,01-May-17 00:00:00,31-Mar-18 00:00:00,script,19-MAY-17 13:48:59,Other Research,Y,Research,N,N,N
1230,Incarceration Proof,20,Y,01-Apr-18 00:00:00,,script,,Other Research,N,Research,N,N,Y
1236,Etiquette Training,0,N,01-Jan-16 00:00:00,,script,13-JUN-16 10:08:13,UNUSED_BY_EE,N,NOT IN SCORECARD,N,N,N
1237,Benefits Webinar,0,N,01-Jan-16 00:00:00,,script,13-JUN-16 10:08:13,UNUSED_BY_EE,N,NOT IN SCORECARD,N,N,N
1238,Defects UPK Training,0,N,01-Jan-16 00:00:00,,script,13-JUN-16 10:08:13,UNUSED_BY_EE,N,NOT IN SCORECARD,N,N,N
1239,NYEC - HSDE - Renewals,0,N,01-Jan-16 00:00:00,31-Mar-18 00:00:00,script,13-JUN-16 10:08:13,UNUSED_BY_EE,N,NOT IN SCORECARD,N,N,N
1239,NYEC - HSDE - Renewals,0,N,01-Apr-18 00:00:00,,script,,UNUSED_BY_EE,N,NOT IN SCORECARD,N,N,Y
1240,NYEC - HSDE - FPBP,0,N,01-Jan-16 00:00:00,,script,13-JUN-16 10:08:13,UNUSED_BY_EE,N,NOT IN SCORECARD,N,N,N
1241,SDE Application Registration,0,N,01-Jan-16 00:00:00,,script,13-JUN-16 10:08:13,UNUSED_BY_EE,N,NOT IN SCORECARD,N,N,N
1242,SDE FPBP,0,N,01-Jan-16 00:00:00,,script,13-JUN-16 10:08:13,UNUSED_BY_EE,N,NOT IN SCORECARD,N,N,N
1243,SDE FPPB MI,0,N,01-Jan-16 00:00:00,,script,13-JUN-16 10:08:13,UNUSED_BY_EE,N,NOT IN SCORECARD,N,N,N
1244,SDE WMS,0,N,01-Jan-16 00:00:00,,script,13-JUN-16 10:08:13,UNUSED_BY_EE,N,NOT IN SCORECARD,N,N,N
1245,Report QA,0,N,01-Jan-16 00:00:00,31-Mar-18 00:00:00,script,13-JUN-16 10:08:13,UNUSED_BY_EE,N,NOT IN SCORECARD,N,N,N
1245,Report QA,0,N,01-Apr-18 00:00:00,,script,,UNUSED_BY_EE,N,NOT IN SCORECARD,N,N,Y
1246,Bucket Cases,0,N,01-Jan-16 00:00:00,31-Mar-18 00:00:00,script,13-JUN-16 10:08:13,UNUSED_BY_EE,N,NOT IN SCORECARD,N,N,N
1246,Bucket Cases,0,N,01-Apr-18 00:00:00,,script,,UNUSED_BY_EE,N,NOT IN SCORECARD,N,N,Y
1247,DOH Project,0,N,01-Jan-16 00:00:00,,script,13-JUN-16 10:08:13,UNUSED_BY_EE,N,NOT IN SCORECARD,N,N,N
1248,Coaching/Side by Side,0,N,01-Jan-16 00:00:00,,script,13-JUN-16 10:08:13,UNUSED_BY_EE,N,NOT IN SCORECARD,N,N,N
1249,Batching,0,N,01-Jan-16 00:00:00,,script,13-JUN-16 10:08:13,UNUSED_BY_EE,N,NOT IN SCORECARD,N,N,N
1250,Document Management,0,N,01-Jan-16 00:00:00,31-Mar-18 00:00:00,script,13-JUN-16 10:08:13,UNUSED_BY_EE,N,NOT IN SCORECARD,N,N,N
1250,Document Management,0,N,01-Apr-18 00:00:00,,script,,UNUSED_BY_EE,N,NOT IN SCORECARD,N,N,Y
1251,QC Application Registration,0,N,01-Jan-16 00:00:00,,script,13-JUN-16 10:08:13,UNUSED_BY_EE,N,NOT IN SCORECARD,N,N,N
1252,QC FPBP,0,N,01-Jan-16 00:00:00,,script,13-JUN-16 10:08:13,UNUSED_BY_EE,N,NOT IN SCORECARD,N,N,N
1253,QC FPPB MI,0,N,01-Jan-16 00:00:00,,script,13-JUN-16 10:08:13,UNUSED_BY_EE,N,NOT IN SCORECARD,N,N,N
1254,QC WMS,0,N,01-Jan-16 00:00:00,,script,13-JUN-16 10:08:13,UNUSED_BY_EE,N,NOT IN SCORECARD,N,N,N
1255,Data Corrections,7,Y,01-Jan-18 00:00:00,31-Mar-18 00:00:00,script,30-MAR-18 12:32:05,Data Corrections,Y,FPBP,N,N,N
1255,Data Corrections,7,Y,01-Apr-18 00:00:00,,script,,Data Corrections,N,FPBP,N,N,Y
1255,Data Corrections,0,N,01-Jan-16 00:00:00,31-Dec-17 00:00:00,script,13-JUN-16 10:08:13,UNUSED_BY_EE,N,NOT IN SCORECARD,N,N,N
1256,eMedNY Tasks,0,N,01-Jan-16 00:00:00,31-Mar-18 00:00:00,script,13-JUN-16 10:08:13,UNUSED_BY_EE,N,NOT IN SCORECARD,N,N,N
1256,eMedNY Tasks,0,N,01-Apr-18 00:00:00,,script,13-JUN-16 10:08:13,UNUSED_BY_EE,N,NOT IN SCORECARD,N,N,Y
1257,WINR Report,0,N,01-Jan-16 00:00:00,,script,13-JUN-16 10:08:13,UNUSED_BY_EE,N,NOT IN SCORECARD,N,N,N
1258,DPR,17,Y,01-Jan-18 00:00:00,31-Mar-18 00:00:00,script,30-MAR-18 12:32:05,DPR,Y,FPBP,N,N,N
1258,DPR,17,Y,01-Apr-18 00:00:00,,script,,DPR,N,FPBP,N,N,Y
1258,DPR,0,N,01-Jan-16 00:00:00,31-Dec-17 00:00:00,script,13-JUN-16 10:08:13,UNUSED_BY_EE,N,NOT IN SCORECARD,N,N,N
1259,APR,0,N,01-Jan-16 00:00:00,,script,13-JUN-16 10:08:13,UNUSED_BY_EE,N,NOT IN SCORECARD,N,N,N
1260,Manual Notice,0,N,01-Jan-16 00:00:00,31-Mar-18 00:00:00,script,13-JUN-16 10:08:13,UNUSED_BY_EE,N,NOT IN SCORECARD,N,N,N
1260,Manual Notice,0,N,01-Apr-18 00:00:00,,script,,UNUSED_BY_EE,N,NOT IN SCORECARD,N,N,Y
1261,Fair Hearing Packets,0,N,01-Jan-16 00:00:00,31-Mar-18 00:00:00,script,13-JUN-16 10:08:13,UNUSED_BY_EE,N,NOT IN SCORECARD,N,N,N
1261,Fair Hearing Packets,0,N,01-Apr-18 00:00:00,,script,,UNUSED_BY_EE,N,NOT IN SCORECARD,N,N,Y
1262,Fair Hearing Calls,0,N,01-Jan-16 00:00:00,,script,13-JUN-16 10:08:13,UNUSED_BY_EE,N,NOT IN SCORECARD,N,N,N
1263,Agency Conference,0,N,01-Jan-16 00:00:00,,script,13-JUN-16 10:08:13,UNUSED_BY_EE,N,NOT IN SCORECARD,N,N,N
1264,Provider Reports,0,N,01-Jan-16 00:00:00,31-Mar-18 00:00:00,script,13-JUN-16 10:08:13,UNUSED_BY_EE,N,NOT IN SCORECARD,N,N,N
1264,Provider Reports,0,N,01-Apr-18 00:00:00,,script,,UNUSED_BY_EE,N,NOT IN SCORECARD,N,N,Y
1265,State Data Entry,0,N,01-Jan-16 00:00:00,,script,13-JUN-16 10:08:13,UNUSED_BY_EE,N,NOT IN SCORECARD,N,N,N
1266,Undeliverable/Returned Mail,0,N,01-Jan-16 00:00:00,,script,13-JUN-16 10:08:13,UNUSED_BY_EE,N,NOT IN SCORECARD,N,N,N
1267,Premium Assistance Program - TPHI,0,N,01-Jan-16 00:00:00,,script,13-JUN-16 10:08:13,UNUSED_BY_EE,N,NOT IN SCORECARD,N,N,N
1268,Clockdown I /II,0,N,01-Jan-16 00:00:00,,script,13-JUN-16 10:08:13,UNUSED_BY_EE,N,NOT IN SCORECARD,N,N,N
1269,Document Printing,0,N,01-Jan-16 00:00:00,,script,13-JUN-16 10:08:13,UNUSED_BY_EE,N,NOT IN SCORECARD,N,N,N
1270,SME,0,N,01-Jan-16 00:00:00,,script,13-JUN-16 10:08:13,UNUSED_BY_EE,N,NOT IN SCORECARD,N,N,N
1271,Notifications,0,N,01-Jan-16 00:00:00,,script,13-JUN-16 10:08:13,UNUSED_BY_EE,N,NOT IN SCORECARD,N,N,N
1272,QC Coaching,0,N,01-Jan-16 00:00:00,,script,13-JUN-16 10:08:13,UNUSED_BY_EE,N,NOT IN SCORECARD,N,N,N
1273,MAXIMUS - QC,0,N,01-Jan-16 00:00:00,,script,13-JUN-16 10:08:13,UNUSED_BY_EE,N,NOT IN SCORECARD,N,N,N
1274,MAXIMUS - QC - New Case Member,0,N,01-Jan-16 00:00:00,,script,13-JUN-16 10:08:13,UNUSED_BY_EE,N,NOT IN SCORECARD,N,N,N
1275,SDE Reactivation,0,N,01-Jan-16 00:00:00,,script,13-JUN-16 10:08:13,UNUSED_BY_EE,N,NOT IN SCORECARD,N,N,N
1276,MI Reprocessing,0,N,01-Jan-16 00:00:00,,script,13-JUN-16 10:08:13,UNUSED_BY_EE,N,NOT IN SCORECARD,N,N,N
1277,Agency Conference Incident,0,N,01-Jan-16 00:00:00,,script,13-JUN-16 10:08:13,UNUSED_BY_EE,N,NOT IN SCORECARD,N,N,N
1278,LDSS Call,0,N,01-Jan-16 00:00:00,,script,13-JUN-16 10:08:13,UNUSED_BY_EE,N,NOT IN SCORECARD,N,N,N
1279,LDSS Email,0,N,01-Jan-16 00:00:00,,script,13-JUN-16 10:08:13,UNUSED_BY_EE,N,NOT IN SCORECARD,N,N,N
1280,Bonus Plan UPK,0,N,01-Jan-16 00:00:00,,script,13-JUN-16 10:08:13,UNUSED_BY_EE,N,NOT IN SCORECARD,N,N,N
1281,Hot Docs UPK,0,N,01-Jan-16 00:00:00,,script,13-JUN-16 10:08:13,UNUSED_BY_EE,N,NOT IN SCORECARD,N,N,N
1282,ID Proof - Task,35,Y,01-Jan-16 00:00:00,30-Apr-17 00:00:00,script,13-JUN-16 10:08:13,ID Proof - Task,Y,Research,N,N,N
1282,ID Proof - Task,27,Y,01-May-17 00:00:00,31-Mar-18 00:00:00,script,19-MAY-17 13:48:59,ID Proof - Task,Y,Research,N,N,N
1282,ID Proof - Task,27,Y,01-Apr-18 00:00:00,,script,,ID Proof - Task,N,Research,N,N,Y
1283,ID Proof - Calls,12,Y,01-Jan-16 00:00:00,30-Apr-17 00:00:00,script,13-JUN-16 10:08:13,ID Proof - Calls,Y,Research,N,N,N
1283,ID Proof - Calls,12,Y,01-May-17 00:00:00,31-Mar-18 00:00:00,script,19-MAY-17 13:48:59,ID Proof - Calls,Y,Research,N,N,N
1283,ID Proof - Calls,12,Y,01-Apr-18 00:00:00,,script,,ID Proof - Calls,N,Research,N,N,Y
1284,Manual Notice QC,65,Y,01-May-17 00:00:00,31-Mar-18 00:00:00,script,19-MAY-17 13:49:00,Manual Notice QC,Y,QC,N,N,N
1284,Manual Notice QC,65,Y,01-Apr-18 00:00:00,,script,,Manual Notice QC,N,QC,N,N,Y
1284,Manual Notice QC,45,Y,01-Jan-16 00:00:00,31-Oct-16 00:00:00,script,13-JUN-16 10:08:13,Manual Notice QC,Y,QC,N,N,N
1284,Manual Notice QC,55,Y,01-Nov-16 00:00:00,30-Apr-17 00:00:00,script,21-OCT-16 12:55:56,Manual Notice QC,Y,QC,N,N,N
1285,Evidence Packet QC,3,Y,01-Jan-16 00:00:00,30-Apr-17 00:00:00,script,13-JUN-16 10:08:13,Evidence Packet QC,Y,QC,N,N,N
1285,Evidence Packet QC,3.5,Y,01-May-17 00:00:00,31-Mar-18 00:00:00,script,19-MAY-17 13:49:00,Evidence Packet QC,Y,QC,N,N,N
1285,Evidence Packet QC,3.5,Y,01-Apr-18 00:00:00,,script,,Evidence Packet QC,N,QC,N,N,Y
1286,HSDE QC - App,6,Y,01-Jan-16 00:00:00,30-Apr-17 00:00:00,script,13-JUN-16 10:08:13,HSDE QC - App,Y,Linking,N,N,N
1286,HSDE QC - App,10,Y,01-May-17 00:00:00,31-Mar-18 00:00:00,script,19-MAY-17 13:49:00,HSDE QC - App,Y,Linking,N,N,N
1286,HSDE QC - App,10,Y,01-Apr-18 00:00:00,,script,,HSDE QC - App,N,Linking,N,N,Y
1287,HSDE QC - V Doc w/Engage,0,N,01-May-17 00:00:00,31-Mar-18 00:00:00,script,19-MAY-17 13:49:04,HSDE QC - Verification,Y,Linking,N,N,N
1287,HSDE QC - V Doc w/Engage,0,N,01-Apr-18 00:00:00,,script,,HSDE QC - Verification,N,Linking,N,N,Y
1287,HSDE QC - V Doc w/Engage,32,Y,01-Jan-16 00:00:00,30-Apr-17 00:00:00,script,13-JUN-16 10:08:13,HSDE QC - Verification,Y,Linking,N,N,N
1289,Data Entry Research - Other,10,Y,01-Jan-16 00:00:00,31-Oct-16 00:00:00,script,13-JUN-16 10:08:13,Other Research,Y,Research,N,N,N
1289,Data Entry Research - Other,20,Y,01-Nov-16 00:00:00,30-Apr-17 00:00:00,script,21-OCT-16 12:55:56,Other Research,Y,Research,N,N,N
1289,Data Entry Research - Other,20,Y,01-May-17 00:00:00,31-Mar-18 00:00:00,script,19-MAY-17 13:49:00,Other Research,Y,Research,N,N,N
1289,Data Entry Research - Other,20,Y,01-Apr-18 00:00:00,,script,19-MAY-17 13:49:00,Other Research,N,Research,N,N,Y
1290,Application - Missing Data,6,Y,01-May-17 00:00:00,31-Mar-18 00:00:00,script,19-MAY-17 13:49:00,Application - Missing Data,Y,Research,N,N,N
1290,Application - Missing Data,6,Y,01-Apr-18 00:00:00,,script,,Application - Missing Data,N,Research,N,N,Y
1290,Application - Missing Data,7,Y,01-Jan-16 00:00:00,31-Oct-16 00:00:00,script,13-JUN-16 10:08:13,Application - Missing Data,Y,Research,N,N,N
1290,Application - Missing Data,6,Y,01-Nov-16 00:00:00,30-Apr-17 00:00:00,script,21-OCT-16 12:55:56,Application - Missing Data,Y,Research,N,N,N
1291,Queue Empty,0,N,01-Jan-16 00:00:00,31-Mar-18 00:00:00,script,13-JUN-16 10:08:13,NON-PRODUCTIVE,Y,NOT IN SCORECARD,N,N,N
1291,Queue Empty,0,N,01-Apr-18 00:00:00,,script,,NON-PRODUCTIVE,N,NOT IN SCORECARD,N,N,Y
1293,1095 UPK,0,N,01-Jan-16 00:00:00,,script,13-JUN-16 10:08:13,UNUSED_BY_EE,N,NOT IN SCORECARD,N,N,N
1294,Letter Resend,10,Y,01-Jan-16 00:00:00,31-Oct-16 00:00:00,script,13-JUN-16 10:08:13,Other Research,Y,Research,N,N,N
1294,Letter Resend,20,Y,01-May-17 00:00:00,31-Mar-18 00:00:00,script,19-MAY-17 13:49:00,Other Research,Y,Research,N,N,N
1294,Letter Resend,20,Y,01-Apr-18 00:00:00,,script,,Other Research,N,Research,N,N,Y
1294,Letter Resend,20,Y,01-Nov-16 00:00:00,30-Apr-17 00:00:00,script,21-OCT-16 12:55:56,Other Research,Y,Research,N,N,N
1295,OVT UPK,0,N,01-Jan-16 00:00:00,,script,13-JUN-16 10:08:13,UNUSED_BY_EE,N,NOT IN SCORECARD,N,N,N
1296,CR 150,0,N,01-Jan-16 00:00:00,,script,13-JUN-16 10:08:13,UNUSED_BY_EE,N,NOT IN SCORECARD,N,N,N
1297,Auth Rep UPK,0,N,01-Jan-16 00:00:00,,script,13-JUN-16 10:08:13,UNUSED_BY_EE,N,NOT IN SCORECARD,N,N,N
1298,Assistor Classroom Training,0,N,01-Jan-16 00:00:00,,script,13-JUN-16 10:08:13,UNUSED_BY_EE,N,NOT IN SCORECARD,N,N,N
1299,Link Document Set QC - VDoc,34,Y,01-Nov-16 00:00:00,30-Apr-17 00:00:00,script,21-OCT-16 12:55:56,Link Document Set QC - Vdoc,Y,QC,N,N,N
1299,Link Document Set QC - VDOC,36,Y,01-May-17 00:00:00,31-Mar-18 00:00:00,script,19-MAY-17 13:49:00,Link Document Set QC - Vdoc,Y,QC,N,N,N
1299,Link Document Set QC - VDOC,36,Y,01-Apr-18 00:00:00,,script,,Link Document Set QC - Vdoc,N,QC,N,N,Y
1299,Link Document Set QC - VDoc,32,Y,01-Jan-16 00:00:00,31-Oct-16 00:00:00,script,13-JUN-16 10:08:13,Link Document Set QC - Vdoc,Y,QC,N,N,N
1300,Link Document Set - Verification,32,Y,01-Jan-16 00:00:00,31-Oct-16 00:00:00,script,13-JUN-16 10:08:13,Link Document Set - Verification,Y,Linking,N,N,N
1300,Link Document Set - Verification,38,Y,01-May-17 00:00:00,31-Mar-18 00:00:00,script,19-MAY-17 13:49:00,Link Document Set - Verification,Y,Linking,N,N,N
1300,Link Document Set - Verification,38,Y,01-Apr-18 00:00:00,,script,,Link Document Set - Verification,N,Linking,N,N,Y
1300,Link Document Set - Verification,34,Y,01-Nov-16 00:00:00,30-Apr-17 00:00:00,script,21-OCT-16 12:55:56,Link Document Set - Verification,Y,Linking,N,N,N
1301,HSDE Access Application,8,Y,01-Jan-16 00:00:00,30-Apr-17 00:00:00,script,13-JUN-16 10:08:13,HSDE Access Application,Y,HSDE,N,N,N
1301,HSDE Access Application,8,Y,01-May-17 00:00:00,31-Mar-18 00:00:00,script,19-MAY-17 13:49:00,HSDE Access Application,Y,HSDE,N,N,N
1301,HSDE Access Application,8,Y,01-Apr-18 00:00:00,,script,,HSDE Access Application,N,HSDE,N,N,Y
1302,HSDE Nav/CAC Batches,40,Y,01-May-17 00:00:00,31-Mar-18 00:00:00,script,19-MAY-17 13:49:00,HSDE Nav/CAC Batches,Y,HSDE,N,N,N
1302,HSDE Nav/CAC Batches,30,Y,01-Jan-16 00:00:00,30-Apr-17 00:00:00,script,13-JUN-16 10:08:13,HSDE Nav/CAC Batches,Y,HSDE,N,N,N
1302,HSDE Nav/CAC Batches,40,Y,01-Apr-18 00:00:00,,script,,HSDE Nav/CAC Batches,N,HSDE,N,N,Y
1303,Health and Safety Audit,0,N,01-Jan-16 00:00:00,,script,13-JUN-16 10:08:13,UNUSED_BY_EE,N,NOT IN SCORECARD,N,N,N
1304,I/EDR Case Note,0,N,01-Jan-16 00:00:00,31-Mar-18 00:00:00,script,13-JUN-16 10:08:13,UNUSED_BY_EE,N,NOT IN SCORECARD,N,N,N
1304,I/EDR Case Note,0,N,01-Apr-18 00:00:00,,script,,UNUSED_BY_EE,N,NOT IN SCORECARD,N,N,Y
1305,Employee Survey,0,N,01-Jan-16 00:00:00,,script,13-JUN-16 10:08:13,UNUSED_BY_EE,N,NOT IN SCORECARD,N,N,N
1306,ABSORB DSIRP training,0,N,01-Jan-16 00:00:00,,script,13-JUN-16 10:08:13,UNUSED_BY_EE,N,NOT IN SCORECARD,N,N,N
1307,Classroom DSIRP training,0,N,01-Jan-16 00:00:00,,script,13-JUN-16 10:08:13,UNUSED_BY_EE,N,NOT IN SCORECARD,N,N,N
1308,Return Mail Refresher Classroom Training,0,N,01-Jan-16 00:00:00,,script,13-JUN-16 10:08:13,UNUSED_BY_EE,N,NOT IN SCORECARD,N,N,N
1309,30 Day Check In,0,N,01-Jan-16 00:00:00,,script,13-JUN-16 10:08:13,UNUSED_BY_EE,N,NOT IN SCORECARD,N,N,N
1310,Focus Group,0,N,01-Jan-16 00:00:00,,script,13-JUN-16 10:08:13,UNUSED_BY_EE,N,NOT IN SCORECARD,N,N,N
1311,MPSD Training,0,N,01-Jan-16 00:00:00,,script,13-JUN-16 10:08:13,UNUSED_BY_EE,N,NOT IN SCORECARD,N,N,N
1312,Returned Mail Training,0,N,01-Jan-16 00:00:00,,script,13-JUN-16 10:08:13,UNUSED_BY_EE,N,NOT IN SCORECARD,N,N,N
1313,DMATCH Training,0,N,01-Jan-16 00:00:00,,script,13-JUN-16 10:08:13,UNUSED_BY_EE,N,NOT IN SCORECARD,N,N,N
1314,Retro Processing Training,0,N,01-Jan-16 00:00:00,,script,13-JUN-16 10:08:13,UNUSED_BY_EE,N,NOT IN SCORECARD,N,N,N
1315,SBA,0,N,01-Jan-16 00:00:00,,script,13-JUN-16 10:08:13,UNUSED_BY_EE,N,NOT IN SCORECARD,N,N,N
1316,NYEC Approved Task,0,N,01-Jan-16 00:00:00,31-Mar-18 00:00:00,script,13-JUN-16 10:08:13,UNUSED_BY_EE,N,NOT IN SCORECARD,N,N,N
1316,NYEC Approved Task,0,N,01-Apr-18 00:00:00,,script,,UNUSED_BY_EE,N,NOT IN SCORECARD,N,N,Y
1317,Retro Verification Document,4,Y,01-Jan-16 00:00:00,31-Jul-16 00:00:00,script,13-JUN-16 10:08:13,Retro Verification Document,Y,Verification Document,N,N,N
1317,Retro Verification Document,7,Y,01-Aug-16 00:00:00,30-Apr-17 00:00:00,script,13-JUN-16 10:08:13,Retro Verification Document,Y,Verification Document,N,N,N
1317,Retro Verification Document,8.5,Y,01-May-17 00:00:00,31-Mar-18 00:00:00,script,19-MAY-17 13:49:01,Retro Verification Document,Y,Verification Document,N,N,N
1317,Retro Verification Document,8.5,Y,01-Apr-18 00:00:00,,script,,Retro Verification Document,N,Verification Document,N,N,Y
1318,Fair Hearing Case Maintenance,0,N,01-Jan-16 00:00:00,,script,13-JUN-16 10:08:13,UNUSED_BY_EE,N,NOT IN SCORECARD,N,N,N
1319,Fair Hearing incidents,0,N,01-Jan-16 00:00:00,,script,13-JUN-16 10:08:13,UNUSED_BY_EE,N,NOT IN SCORECARD,N,N,N
1320,Hold For WMS,0,N,01-Jan-16 00:00:00,,script,13-JUN-16 10:08:13,UNUSED_BY_EE,N,NOT IN SCORECARD,N,N,N
1321,Approved,0,N,01-Jan-16 00:00:00,,script,13-JUN-16 10:08:13,UNUSED_BY_EE,N,NOT IN SCORECARD,N,N,N
1322,Reactivation DPR,0,N,01-Jan-16 00:00:00,,script,13-JUN-16 10:08:13,UNUSED_BY_EE,N,NOT IN SCORECARD,N,N,N
1323,Reactivation APR,0,N,01-Jan-16 00:00:00,,script,13-JUN-16 10:08:13,UNUSED_BY_EE,N,NOT IN SCORECARD,N,N,N
1324,Reactivation Reports,0,N,01-Jan-16 00:00:00,,script,13-JUN-16 10:08:13,UNUSED_BY_EE,N,NOT IN SCORECARD,N,N,N
1325,July 2015 Holiday,0,N,01-Jan-16 00:00:00,,script,13-JUN-16 10:08:13,UNUSED_BY_EE,N,NOT IN SCORECARD,N,N,N
1326,Upstate SDE Application Registration,0,N,01-Jan-16 00:00:00,31-Dec-17 00:00:00,script,13-JUN-16 10:08:13,UNUSED_BY_EE,N,NOT IN SCORECARD,N,N,N
1326,Upstate SDE Application Registration,6,Y,01-Jan-18 00:00:00,31-Mar-18 00:00:00,script,30-MAR-18 12:32:05,Up App Reg,Y,FPBP,N,N,N
1326,Upstate SDE Application Registration,6,Y,01-Apr-18 00:00:00,,script,,Up App Reg,N,FPBP,N,N,Y
1327,Upstate SDE FPBP,0,N,01-Jan-16 00:00:00,31-Dec-17 00:00:00,script,13-JUN-16 10:08:13,UNUSED_BY_EE,N,NOT IN SCORECARD,N,N,N
1327,Upstate SDE FPBP,4,Y,01-Jan-18 00:00:00,31-Mar-18 00:00:00,script,30-MAR-18 12:32:05,Up FPBP,Y,FPBP,N,N,N
1327,Upstate SDE FPBP,4,Y,01-Apr-18 00:00:00,,script,,Up FPBP,N,FPBP,N,N,Y
1328,Upstate SDE FPBP MI,0,N,01-Jan-16 00:00:00,,script,13-JUN-16 10:08:13,UNUSED_BY_EE,N,NOT IN SCORECARD,N,N,N
1329,Upstate SDE WMS,0,N,01-Jan-16 00:00:00,31-Dec-17 00:00:00,script,13-JUN-16 10:08:13,UNUSED_BY_EE,N,NOT IN SCORECARD,N,N,N
1329,Upstate SDE WMS,10,Y,01-Jan-18 00:00:00,31-Mar-18 00:00:00,script,30-MAR-18 12:32:05,Up WMS,Y,FPBP,N,N,N
1329,Upstate SDE WMS,10,Y,01-Apr-18 00:00:00,,script,,Up WMS,N,FPBP,N,N,Y
1330,Downstate SDE Application Registration,0,N,01-Jan-16 00:00:00,31-Dec-17 00:00:00,script,13-JUN-16 10:08:13,UNUSED_BY_EE,N,NOT IN SCORECARD,N,N,N
1330,Downstate SDE Application Registration,6,Y,01-Jan-18 00:00:00,31-Mar-18 00:00:00,script,30-MAR-18 12:32:05,Down App Reg,Y,FPBP,N,N,N
1330,Downstate SDE Application Registration,6,Y,01-Apr-18 00:00:00,,script,,Down App Reg,N,FPBP,N,N,Y
1331,Downstate SDE FPBP,4,Y,01-Jan-18 00:00:00,31-Mar-18 00:00:00,script,30-MAR-18 12:32:05,Down FPBP,Y,FPBP,N,N,N
1331,Downstate SDE FPBP,0,N,01-Jan-16 00:00:00,31-Dec-17 00:00:00,script,13-JUN-16 10:08:13,UNUSED_BY_EE,N,NOT IN SCORECARD,N,N,N
1331,Downstate SDE FPBP,4,Y,01-Apr-18 00:00:00,,script,,UNUSED_BY_EE,N,NOT IN SCORECARD,N,N,Y
1332,Downstate SDE FPPB MI,0,N,01-Jan-16 00:00:00,,script,13-JUN-16 10:08:13,UNUSED_BY_EE,N,NOT IN SCORECARD,N,N,N
1333,Downstate SDE WMS,0,N,01-Jan-16 00:00:00,31-Dec-17 00:00:00,script,13-JUN-16 10:08:13,UNUSED_BY_EE,N,NOT IN SCORECARD,N,N,N
1333,Downstate SDE WMS,10,Y,01-Jan-18 00:00:00,31-Mar-18 00:00:00,script,30-MAR-18 12:32:05,Down WMS,Y,FPBP,N,N,N
1333,Downstate SDE WMS,10,Y,01-Apr-18 00:00:00,,script,,Down WMS,N,FPBP,N,N,Y
1334,Upstate QC Application Registration,0,N,01-Jan-16 00:00:00,31-Dec-17 00:00:00,script,13-JUN-16 10:08:13,UNUSED_BY_EE,N,NOT IN SCORECARD,N,N,N
1334,Upstate QC Application Registration,6,Y,01-Jan-18 00:00:00,31-Mar-18 00:00:00,script,30-MAR-18 12:32:05,Up QC App Reg,Y,FPBP,N,N,N
1334,Upstate QC Application Registration,6,Y,01-Apr-18 00:00:00,,script,,Up QC App Reg,N,FPBP,N,N,Y
1335,Upstate QC FPBP,0,N,01-Jan-16 00:00:00,31-Dec-17 00:00:00,script,13-JUN-16 10:08:13,UNUSED_BY_EE,N,NOT IN SCORECARD,N,N,N
1335,Upstate QC FPBP,4,Y,01-Jan-18 00:00:00,31-Mar-18 00:00:00,script,30-MAR-18 12:32:05,Up QC FPBP,Y,FPBP,N,N,N
1335,Upstate QC FPBP,4,Y,01-Apr-18 00:00:00,,script,,Up QC FPBP,N,FPBP,N,N,Y
1336,Upstate QC FPBP MI,0,N,01-Jan-16 00:00:00,31-Dec-17 00:00:00,script,13-JUN-16 10:08:13,UNUSED_BY_EE,N,NOT IN SCORECARD,N,N,N
1336,Upstate QC FPBP MI,4,Y,01-Jan-18 00:00:00,31-Mar-18 00:00:00,script,30-MAR-18 12:32:05,Up QC MI,Y,FPBP,N,N,N
1336,Upstate QC FPBP MI,4,Y,01-Apr-18 00:00:00,,script,,Up QC MI,N,FPBP,N,N,Y
1337,Upstate QC WMS,0,N,01-Jan-16 00:00:00,31-Dec-17 00:00:00,script,13-JUN-16 10:08:13,UNUSED_BY_EE,N,NOT IN SCORECARD,N,N,N
1337,Upstate QC WMS,7.5,Y,01-Jan-18 00:00:00,31-Mar-18 00:00:00,script,30-MAR-18 12:32:05,Up QC WMS,Y,FPBP,N,N,N
1337,Upstate QC WMS,7.5,Y,01-Apr-18 00:00:00,,script,,Up QC WMS,N,FPBP,N,N,Y
1338,Downstate QC Application Registration,0,N,01-Jan-16 00:00:00,31-Dec-17 00:00:00,script,13-JUN-16 10:08:13,UNUSED_BY_EE,N,NOT IN SCORECARD,N,N,N
1338,Downstate QC Application Registration,5.5,Y,01-Jan-18 00:00:00,31-Mar-18 00:00:00,script,30-MAR-18 12:32:05,Down QC App Reg,Y,FPBP,N,N,N
1338,Downstate QC Application Registration,5.5,Y,01-Apr-18 00:00:00,,script,,Down QC App Reg,N,FPBP,N,N,Y
1339,Downstate QC FPBP,0,N,01-Jan-16 00:00:00,31-Dec-17 00:00:00,script,13-JUN-16 10:08:13,UNUSED_BY_EE,N,NOT IN SCORECARD,N,N,N
1339,Downstate QC FPBP,4,Y,01-Jan-18 00:00:00,31-Mar-18 00:00:00,script,30-MAR-18 12:32:05,Down QC FPBP,Y,FPBP,N,N,N
1339,Downstate QC FPBP,4,Y,01-Apr-18 00:00:00,,script,,Down QC FPBP,N,FPBP,N,N,Y
1340,Downstate QC FPBP MI,0,N,01-Jan-16 00:00:00,31-Dec-17 00:00:00,script,13-JUN-16 10:08:13,UNUSED_BY_EE,N,NOT IN SCORECARD,N,N,N
1340,Downstate QC FPBP MI,4,Y,01-Jan-18 00:00:00,31-Mar-18 00:00:00,script,30-MAR-18 12:32:05,Down QC MI,Y,FPBP,N,N,N
1340,Downstate QC FPBP MI,4,Y,01-Apr-18 00:00:00,,script,,Down QC MI,N,FPBP,N,N,Y
1341,Downstate QC WMS,0,N,01-Jan-16 00:00:00,31-Dec-17 00:00:00,script,13-JUN-16 10:08:13,UNUSED_BY_EE,N,NOT IN SCORECARD,N,N,N
1341,Downstate QC WMS,12,Y,01-Jan-18 00:00:00,31-Mar-18 00:00:00,script,30-MAR-18 12:32:05,Down QC WMS,Y,FPBP,N,N,N
1341,Downstate QC WMS,12,Y,01-Apr-18 00:00:00,,script,,Down QC WMS,N,FPBP,N,N,Y
1342,VLP - Override,12,Y,01-May-17 00:00:00,31-Mar-18 00:00:00,script,19-MAY-17 13:49:01,VLP,Y,Research,N,N,N
1342,VLP - Override,12,Y,01-Apr-18 00:00:00,,script,,VLP,N,Research,N,N,Y
1342,VLP - Override,10,Y,01-Jan-16 00:00:00,31-Oct-16 00:00:00,script,13-JUN-16 10:08:13,VLP,Y,Research,N,N,N
1342,VLP - Override,11,Y,01-Nov-16 00:00:00,30-Apr-17 00:00:00,script,21-OCT-16 12:55:57,VLP,Y,Research,N,N,N
1343,VLP - PRUCOL,12,Y,01-May-17 00:00:00,31-Mar-18 00:00:00,script,19-MAY-17 13:49:01,VLP,Y,Research,N,N,N
1343,VLP - PRUCOL,12,Y,01-Apr-18 00:00:00,,script,,VLP,N,Research,N,N,Y
1343,VLP - PRUCOL,10,Y,01-Jan-16 00:00:00,31-Oct-16 00:00:00,script,13-JUN-16 10:08:13,VLP,Y,Research,N,N,N
1343,VLP - PRUCOL,11,Y,01-Nov-16 00:00:00,30-Apr-17 00:00:00,script,21-OCT-16 12:55:57,VLP,Y,Research,N,N,N
1344,VLP - Follow Up,10,Y,01-Jan-16 00:00:00,31-Oct-16 00:00:00,script,13-JUN-16 10:08:13,VLP,Y,Research,N,N,N
1344,VLP - Follow Up,11,Y,01-Nov-16 00:00:00,30-Apr-17 00:00:00,script,21-OCT-16 12:55:57,VLP,Y,Research,N,N,N
1344,VLP - Follow Up,12,Y,01-May-17 00:00:00,31-Mar-18 00:00:00,script,19-MAY-17 13:49:01,VLP,Y,Research,N,N,N
1344,VLP - Follow Up,12,Y,01-Apr-18 00:00:00,,script,,VLP,N,Research,N,N,Y
1345,Data Entry Research - Immigration Docs,12,Y,01-May-17 00:00:00,31-Mar-18 00:00:00,script,19-MAY-17 13:49:01,VLP,Y,Research,N,N,N
1345,Data Entry Research - Immigration Docs,12,Y,01-Apr-18 00:00:00,,script,,VLP,N,Research,N,N,Y
1345,Data Entry Research - Immigration Docs,10,Y,01-Jan-16 00:00:00,31-Oct-16 00:00:00,script,13-JUN-16 10:08:13,VLP,Y,Research,N,N,N
1345,Data Entry Research - Immigration Docs,11,Y,01-Nov-16 00:00:00,30-Apr-17 00:00:00,script,21-OCT-16 12:55:57,VLP,Y,Research,N,N,N
1346,Ren Kofax QC Fax,0,N,01-Jan-16 00:00:00,31-Mar-18 00:00:00,script,13-JUN-16 10:08:13,UNUSED_BY_EE,N,NOT IN SCORECARD,N,N,N
1346,Ren Kofax QC Fax,0,N,01-Apr-18 00:00:00,,script,,UNUSED_BY_EE,N,NOT IN SCORECARD,N,N,Y
1347,Ren Kofax QC Mail,0,N,01-Jan-16 00:00:00,31-Mar-18 00:00:00,script,13-JUN-16 10:08:13,UNUSED_BY_EE,N,NOT IN SCORECARD,N,N,N
1347,Ren Kofax QC Mail,0,N,01-Apr-18 00:00:00,,script,,UNUSED_BY_EE,N,NOT IN SCORECARD,N,N,Y
1348,Ren Kofax VAL Fax,0,N,01-Jan-16 00:00:00,31-Mar-18 00:00:00,script,13-JUN-16 10:08:13,UNUSED_BY_EE,N,NOT IN SCORECARD,N,N,N
1348,Ren Kofax VAL Fax,0,N,01-Apr-18 00:00:00,,script,,UNUSED_BY_EE,N,NOT IN SCORECARD,N,N,Y
1349,Ren Kofax VAL Mail,0,N,01-Jan-16 00:00:00,31-Mar-18 00:00:00,script,13-JUN-16 10:08:13,UNUSED_BY_EE,N,NOT IN SCORECARD,N,N,N
1349,Ren Kofax VAL Mail,0,N,01-Apr-18 00:00:00,,script,,UNUSED_BY_EE,N,NOT IN SCORECARD,N,N,Y
1350,FPBP KOFAX QC FAX,29,Y,01-May-18 00:00:00,,CR1915,01-JUN-18 10:40:07,FPBP KOFAX QC FAX,N,FPBP,N,N,Y
1350,FPBP Kofax QC Fax,0,N,01-Jan-16 00:00:00,30-Apr-18 00:00:00,script,13-JUN-16 10:08:13,UNUSED_BY_EE,N,NOT IN SCORECARD,N,N,N
1351,FPBP KOFAX QC MAIL,29,Y,01-May-18 00:00:00,,CR1915,01-JUN-18 10:40:07,FPBP KOFAX QC MAIL,N,FPBP,N,N,Y
1351,FPBP Kofax QC Mail,0,N,01-Jan-16 00:00:00,30-Apr-18 00:00:00,script,13-JUN-16 10:08:13,UNUSED_BY_EE,N,NOT IN SCORECARD,N,N,N
1352,FPBP KOFAX VAL FAX,10,Y,01-May-18 00:00:00,,CR1915,01-JUN-18 10:40:07,FPBP KOFAX VAL FAX,N,FPBP,N,N,Y
1352,FPBP Kofax VAL Fax,0,N,01-Jan-16 00:00:00,30-Apr-18 00:00:00,script,13-JUN-16 10:08:13,UNUSED_BY_EE,N,NOT IN SCORECARD,N,N,N
1353,FPBP KOFAX VAL MAIL,10,Y,01-May-18 00:00:00,,CR1915,01-JUN-18 10:40:07,FPBP KOFAX VAL MAIL,N,FPBP,N,N,Y
1353,FPBP Kofax VAL Mail,0,N,01-Jan-16 00:00:00,30-Apr-18 00:00:00,script,13-JUN-16 10:08:13,UNUSED_BY_EE,N,NOT IN SCORECARD,N,N,N
1354,FPBP HSDE QC,0,N,01-Jan-16 00:00:00,30-Apr-18 00:00:00,script,13-JUN-16 10:08:13,UNUSED_BY_EE,N,NOT IN SCORECARD,N,N,N
1354,FPBP HSDE-QC,170,Y,01-May-18 00:00:00,,CR1915,01-JUN-18 10:40:07,FPBP HSDE-QC,N,FPBP,N,N,Y
1355,Image Assembly,0,N,01-Jan-16 00:00:00,31-Mar-18 00:00:00,script,13-JUN-16 10:08:13,UNUSED_BY_EE,N,NOT IN SCORECARD,N,N,N
1355,Image Assembly,0,N,01-Apr-18 00:00:00,,script,,UNUSED_BY_EE,N,NOT IN SCORECARD,N,N,Y
1356,HSDE QC,0,N,01-Jan-16 00:00:00,31-Mar-18 00:00:00,script,13-JUN-16 10:08:13,UNUSED_BY_EE,N,NOT IN SCORECARD,N,N,N
1356,HSDE QC,0,N,01-Apr-18 00:00:00,,script,,UNUSED_BY_EE,N,NOT IN SCORECARD,N,N,Y
1357,Siebel CBT,0,N,01-Jan-16 00:00:00,,script,13-JUN-16 10:08:13,UNUSED_BY_EE,N,NOT IN SCORECARD,N,N,N
1358,Lang CBT,0,N,01-Jan-16 00:00:00,,script,13-JUN-16 10:08:13,UNUSED_BY_EE,N,NOT IN SCORECARD,N,N,N
1359,Siebel UI CBT,0,N,01-Jan-16 00:00:00,,script,13-JUN-16 10:08:13,UNUSED_BY_EE,N,NOT IN SCORECARD,N,N,N
1360,Account Creation CBT,0,N,01-Jan-16 00:00:00,,script,13-JUN-16 10:08:13,UNUSED_BY_EE,N,NOT IN SCORECARD,N,N,N
1361,Downstate APR,0,N,01-Jan-16 00:00:00,31-Dec-17 00:00:00,script,13-JUN-16 10:08:13,UNUSED_BY_EE,N,NOT IN SCORECARD,N,N,N
1361,Downstate APR,4,Y,01-Jan-18 00:00:00,31-Mar-18 00:00:00,script,30-MAR-18 12:32:05,Down APR,Y,FPBP,N,N,N
1361,Downstate APR,4,Y,01-Apr-18 00:00:00,,script,,Down APR,N,FPBP,N,N,Y
1362,Upstate APR,0,N,01-Jan-16 00:00:00,31-Dec-17 00:00:00,script,13-JUN-16 10:08:13,UNUSED_BY_EE,N,NOT IN SCORECARD,N,N,N
1362,Upstate APR,4,Y,01-Jan-18 00:00:00,31-Mar-18 00:00:00,script,30-MAR-18 12:32:05,Up APR,Y,FPBP,N,N,N
1362,Upstate APR,4,Y,01-Apr-18 00:00:00,,script,,Up APR,N,FPBP,N,N,Y
1363,Essential Plan & DISRP Classroom,0,N,01-Jan-16 00:00:00,,script,13-JUN-16 10:08:13,UNUSED_BY_EE,N,NOT IN SCORECARD,N,N,N
1364,PE Segments,0,N,01-Jan-16 00:00:00,31-Mar-18 00:00:00,script,13-JUN-16 10:08:13,UNUSED_BY_EE,N,NOT IN SCORECARD,N,N,N
1364,PE Segments,0,N,01-Apr-18 00:00:00,,script,,UNUSED_BY_EE,N,NOT IN SCORECARD,N,N,Y
1365,SP Break,0,N,01-Jan-16 00:00:00,,script,13-JUN-16 10:08:13,UNUSED_BY_EE,N,NOT IN SCORECARD,N,N,N
1366,Voter Reg CBT,0,N,01-Jan-16 00:00:00,,script,13-JUN-16 10:08:13,UNUSED_BY_EE,N,NOT IN SCORECARD,N,N,N
1367,Unapproved,0,N,01-Jan-16 00:00:00,,script,13-JUN-16 10:08:13,UNUSED_BY_EE,N,NOT IN SCORECARD,N,N,N
1369,Agents must select event from list,0,N,01-Jan-16 00:00:00,,script,13-JUN-16 10:08:13,UNUSED_BY_EE,N,NOT IN SCORECARD,N,N,N
1372,Task Team - Activities,0,N,01-Jan-16 00:00:00,31-Mar-18 00:00:00,script,13-JUN-16 10:08:13,UNUSED_BY_EE,N,NOT IN SCORECARD,N,N,N
1372,Task Team - Activities,0,N,01-Apr-18 00:00:00,,script,,UNUSED_BY_EE,N,NOT IN SCORECARD,N,N,Y
1373,Task Team - Defect,0,N,01-Jan-16 00:00:00,31-Mar-18 00:00:00,script,13-JUN-16 10:08:13,UNUSED_BY_EE,N,NOT IN SCORECARD,N,N,N
1373,Task Team - Defect,0,N,01-Apr-18 00:00:00,,script,,UNUSED_BY_EE,N,NOT IN SCORECARD,N,N,Y
1374,Task Team - Complaints,0,N,01-Jan-16 00:00:00,,script,13-JUN-16 10:08:13,UNUSED_BY_EE,N,NOT IN SCORECARD,N,N,N
1375,Task Team - Referrals,0,N,01-Jan-16 00:00:00,31-Mar-18 00:00:00,script,13-JUN-16 10:08:13,UNUSED_BY_EE,N,NOT IN SCORECARD,N,N,N
1375,Task Team - Referrals,0,N,01-Apr-18 00:00:00,,script,,UNUSED_BY_EE,N,NOT IN SCORECARD,N,N,Y
1376,Task Team - Referrals Follow-up,0,N,01-Jan-16 00:00:00,31-Mar-18 00:00:00,script,13-JUN-16 10:08:13,UNUSED_BY_EE,N,NOT IN SCORECARD,N,N,N
1376,Task Team - Referrals Follow-up,0,N,01-Apr-18 00:00:00,,script,,UNUSED_BY_EE,N,NOT IN SCORECARD,N,N,Y
1377,Task Team - Complaints Follow-up,0,N,01-Jan-16 00:00:00,31-Mar-18 00:00:00,script,13-JUN-16 10:08:13,UNUSED_BY_EE,N,NOT IN SCORECARD,N,N,N
1377,Task Team - Complaints Follow-up,0,N,01-Apr-18 00:00:00,,script,,UNUSED_BY_EE,N,NOT IN SCORECARD,N,N,Y
1378,Task Team - Complaint Sent In Error,0,N,01-Jan-16 00:00:00,31-Mar-18 00:00:00,script,13-JUN-16 10:08:13,UNUSED_BY_EE,N,NOT IN SCORECARD,N,N,N
1378,Task Team - Complaint Sent In Error,0,N,01-Apr-18 00:00:00,,script,,UNUSED_BY_EE,N,NOT IN SCORECARD,N,N,Y
1379,Task Team - Referral Sent In Error,0,N,01-Jan-16 00:00:00,,script,13-JUN-16 10:08:13,UNUSED_BY_EE,N,NOT IN SCORECARD,N,N,N
1380,Task Team - Outbound Call,0,N,01-Jan-16 00:00:00,31-Mar-18 00:00:00,script,13-JUN-16 10:08:13,UNUSED_BY_EE,N,NOT IN SCORECARD,N,N,N
1380,Task Team - Outbound Call,0,N,01-Apr-18 00:00:00,,script,,UNUSED_BY_EE,N,NOT IN SCORECARD,N,N,Y
1381,Training - Adirondack,0,N,01-Jan-16 00:00:00,,script,13-JUN-16 10:08:13,UNUSED_BY_EE,N,NOT IN SCORECARD,N,N,N
1382,Training - Taconic,0,N,01-Jan-16 00:00:00,,script,13-JUN-16 10:08:13,UNUSED_BY_EE,N,NOT IN SCORECARD,N,N,N
1383,Training - Catskills,0,N,01-Jan-16 00:00:00,,script,13-JUN-16 10:08:13,UNUSED_BY_EE,N,NOT IN SCORECARD,N,N,N
1384,Training - Helderberg,0,N,01-Jan-16 00:00:00,,script,13-JUN-16 10:08:13,UNUSED_BY_EE,N,NOT IN SCORECARD,N,N,N
1385,Training - Shawangunk,0,N,01-Jan-16 00:00:00,,script,13-JUN-16 10:08:13,UNUSED_BY_EE,N,NOT IN SCORECARD,N,N,N
1386,Training - Hudson,0,N,01-Jan-16 00:00:00,,script,13-JUN-16 10:08:13,UNUSED_BY_EE,N,NOT IN SCORECARD,N,N,N
1387,Training - Genesee,0,N,01-Jan-16 00:00:00,,script,13-JUN-16 10:08:13,UNUSED_BY_EE,N,NOT IN SCORECARD,N,N,N
1388,Training - Mohawk,0,N,01-Jan-16 00:00:00,,script,13-JUN-16 10:08:13,UNUSED_BY_EE,N,NOT IN SCORECARD,N,N,N
1389,Training - Niagara,0,N,01-Jan-16 00:00:00,,script,13-JUN-16 10:08:13,UNUSED_BY_EE,N,NOT IN SCORECARD,N,N,N
1390,Training - Lark,0,N,01-Jan-16 00:00:00,,script,13-JUN-16 10:08:13,UNUSED_BY_EE,N,NOT IN SCORECARD,N,N,N
1391,Training - Madison,0,N,01-Jan-16 00:00:00,,script,13-JUN-16 10:08:13,UNUSED_BY_EE,N,NOT IN SCORECARD,N,N,N
1392,Training - The Egg,0,N,01-Jan-16 00:00:00,,script,13-JUN-16 10:08:13,UNUSED_BY_EE,N,NOT IN SCORECARD,N,N,N
1393,Training - The Plaza,0,N,01-Jan-16 00:00:00,,script,13-JUN-16 10:08:13,UNUSED_BY_EE,N,NOT IN SCORECARD,N,N,N
1394,Training - Empire,0,N,01-Jan-16 00:00:00,,script,13-JUN-16 10:08:13,UNUSED_BY_EE,N,NOT IN SCORECARD,N,N,N
1395,Training - Liberty,0,N,01-Jan-16 00:00:00,,script,13-JUN-16 10:08:13,UNUSED_BY_EE,N,NOT IN SCORECARD,N,N,N
1396,Training - Emerald,0,N,01-Jan-16 00:00:00,,script,13-JUN-16 10:08:13,UNUSED_BY_EE,N,NOT IN SCORECARD,N,N,N
1397,Training - Colorado,0,N,01-Jan-16 00:00:00,,script,13-JUN-16 10:08:13,UNUSED_BY_EE,N,NOT IN SCORECARD,N,N,N
1398,Training - Executive,0,N,01-Jan-16 00:00:00,,script,13-JUN-16 10:08:13,UNUSED_BY_EE,N,NOT IN SCORECARD,N,N,N
1399,Training - Garnet,0,N,01-Jan-16 00:00:00,,script,13-JUN-16 10:08:13,UNUSED_BY_EE,N,NOT IN SCORECARD,N,N,N
1400,Linking Issues,30,Y,01-Jan-16 00:00:00,31-Oct-16 00:00:00,script,13-JUN-16 10:08:13,Linking Issues,Y,Research,N,N,N
1400,Linking Issues,19,Y,01-May-17 00:00:00,31-Mar-18 00:00:00,script,19-MAY-17 13:49:01,Linking Issues,Y,Research,N,N,N
1400,Linking Issues,19,Y,01-Apr-18 00:00:00,,script,,Linking Issues,N,Research,N,N,Y
1400,Linking Issues,25,Y,01-Nov-16 00:00:00,30-Apr-17 00:00:00,script,21-OCT-16 12:55:57,Linking Issues,Y,Research,N,N,N
1402,Training -Cayuga,0,N,01-Jan-16 00:00:00,,script,13-JUN-16 10:08:13,UNUSED_BY_EE,N,NOT IN SCORECARD,N,N,N
1403,Rescan,6.5,Y,01-Jan-16 00:00:00,30-Apr-17 00:00:00,script,13-JUN-16 10:08:13,Rescan,Y,HSDE,N,N,N
1403,Rescan,4.5,Y,01-May-17 00:00:00,31-Mar-18 00:00:00,script,19-MAY-17 13:49:01,Rescan,Y,HSDE,N,N,N
1403,Rescan,4.5,Y,01-Apr-18 00:00:00,,script,,Rescan,N,HSDE,N,N,Y
1404,Printing G-845's,100,Y,01-Jun-17 00:00:00,31-Mar-18 00:00:00,script,07-JUL-17 13:17:59,Printing G-845's,Y,Mailroom,Y,N,N
1404,Printing G-845's,100,Y,01-Apr-18 00:00:00,,script,,Printing G-845's,N,Mailroom,Y,N,Y
1404,G845,50,Y,01-Jan-16 00:00:00,30-Apr-17 00:00:00,script,13-JUN-16 10:08:13,G845,Y,Mailroom,N,N,N
1404,G845,0,N,01-May-17 00:00:00,31-May-17 00:00:00,script,19-MAY-17 13:49:01,G845,Y,Mailroom,N,N,N
1405,Printing K Drive Appeal Letters,70,Y,01-Jun-17 00:00:00,31-Mar-18 00:00:00,script,07-JUL-17 13:18:00,Printing K Drive Appeal Letters,Y,Mailroom,Y,N,N
1405,Printing K Drive Appeal Letters,70,Y,01-Apr-18 00:00:00,,script,,Printing K Drive Appeal Letters,N,Mailroom,Y,N,Y
1405,Appeal Letters,12.25,Y,01-Jan-16 00:00:00,30-Apr-17 00:00:00,script,13-JUN-16 10:08:13,Appeal Letters,Y,Mailroom,N,N,N
1405,Appeal Letters,100,Y,01-May-17 00:00:00,31-May-17 00:00:00,script,19-MAY-17 13:49:01,Appeal Letters,Y,Mailroom,N,N,N
1406,Printing K Drive Appeal Evidence Packets,10,Y,01-Jun-17 00:00:00,31-Mar-18 00:00:00,script,07-JUL-17 13:18:00,Printing K Drive Appeal Evidence Packets,Y,Mailroom,Y,N,N
1406,Printing K Drive Appeal Evidence Packets,10,Y,01-Apr-18 00:00:00,,script,,Printing K Drive Appeal Evidence Packets,N,Mailroom,Y,N,Y
1406,Evidence Packets,0,N,01-Nov-16 00:00:00,31-May-17 00:00:00,script,19-MAY-17 13:49:04,Evidence Packets,Y,Mailroom,N,N,N
1406,Evidence Packets,2,Y,01-Jan-16 00:00:00,31-Oct-16 00:00:00,script,13-JUN-16 10:08:13,Evidence Packets,Y,Mailroom,N,N,N
1407,Printing Return Mail,300,Y,01-May-17 00:00:00,31-Mar-18 00:00:00,script,07-JUL-17 13:17:58,Purge,Y,Mailroom,Y,N,N
1407,Printing Return Mail,300,Y,01-Apr-18 00:00:00,,script,,Purge,N,Mailroom,Y,N,Y
1407,Printing Return Mail,8.25,Y,01-Jan-16 00:00:00,30-Apr-17 00:00:00,script,13-JUN-16 10:08:13,Purge,Y,Mailroom,N,N,N
1408,Printing Rescans,20.5,Y,01-Jan-16 00:00:00,30-Apr-17 00:00:00,script,13-JUN-16 10:08:13,Printing Rescans,Y,Mailroom,N,N,N
1408,Printing Rescans,100,Y,01-May-17 00:00:00,31-Mar-18 00:00:00,script,07-JUL-17 13:17:58,Printing Rescans,Y,Mailroom,Y,N,N
1408,Printing Rescans,100,Y,01-Apr-18 00:00:00,,script,,Printing Rescans,N,Mailroom,Y,N,Y
1409,Scanning,19,Y,01-Jan-16 00:00:00,30-Apr-17 00:00:00,script,13-JUN-16 10:08:13,Scanning,Y,Mailroom,N,N,N
1409,Batch Scanning,19,Y,01-May-17 00:00:00,31-Mar-18 00:00:00,script,07-JUL-17 13:17:58,Scanning,Y,Mailroom,N,N,N
1409,Batch Scanning,19,Y,01-Apr-18 00:00:00,,script,,Scanning,N,Mailroom,N,N,Y
1410,Logging Live Checks,35,Y,01-Jan-16 00:00:00,30-Apr-17 00:00:00,script,13-JUN-16 10:08:13,Logging Task,Y,Mailroom,Y,N,N
1410,Logging Live Checks,0,N,01-May-17 00:00:00,31-Mar-18 00:00:00,script,07-JUL-17 13:17:58,Logging Task,Y,Mailroom,N,N,N
1410,Logging Live Checks,0,N,01-Apr-18 00:00:00,,script,,Logging Task,N,Mailroom,N,N,Y
1411,Logging Tasks,65,Y,01-Jun-17 00:00:00,31-Mar-18 00:00:00,script,07-JUL-17 13:18:00,Logging Task,Y,Mailroom,Y,N,N
1411,Logging Tasks,65,Y,01-Apr-18 00:00:00,,script,,Logging Task,N,Mailroom,Y,N,Y
1411,Logging Voter Registration,0,N,01-May-17 00:00:00,31-May-17 00:00:00,script,19-MAY-17 13:49:04,Logging Task,Y,Mailroom,N,N,N
1411,Logging Voter Registration,35,Y,01-Jan-16 00:00:00,30-Apr-17 00:00:00,script,13-JUN-16 10:08:13,Logging Task,Y,Mailroom,Y,N,N
1412,Logging NYSOH Apps,0,N,01-May-17 00:00:00,31-Mar-18 00:00:00,script,07-JUL-17 13:17:58,Logging Task,Y,Mailroom,N,N,N
1412,Logging NYSOH Apps,0,N,01-Apr-18 00:00:00,,script,,Logging Task,N,Mailroom,N,N,Y
1412,Logging NYSOH Apps,35,Y,01-Jan-16 00:00:00,30-Apr-17 00:00:00,script,13-JUN-16 10:08:13,Logging Task,Y,Mailroom,Y,N,N
1413,Logging Good Cause / Med Reimbursments,35,Y,01-Jan-16 00:00:00,30-Apr-17 00:00:00,script,13-JUN-16 10:08:13,Logging Task,Y,Mailroom,Y,N,N
1413,Logging Good Cause / Med Reimbursments,0,N,01-May-17 00:00:00,31-Mar-18 00:00:00,script,07-JUL-17 13:17:58,Logging Task,Y,Mailroom,N,N,N
1413,Logging Good Cause / Med Reimbursments,0,N,01-Apr-18 00:00:00,,script,,Logging Task,N,Mailroom,N,N,Y
1414,Purge,65,Y,01-Jan-16 00:00:00,30-Apr-17 00:00:00,script,13-JUN-16 10:08:13,Returned Mail Prepping,Y,MULTIPLE,N,N,N
1414,Purge,0,N,01-May-17 00:00:00,31-Mar-18 00:00:00,script,19-MAY-17 13:49:05,Returned Mail Prepping,Y,MULTIPLE,N,N,N
1414,Purge,0,N,01-Apr-18 00:00:00,,script,,Returned Mail Prepping,N,MULTIPLE,N,N,Y
1415,Storage Room,100,Y,01-May-17 00:00:00,31-Mar-18 00:00:00,script,07-JUL-17 13:17:58,Storage,Y,Mailroom,Y,N,N
1415,Storage Room,100,Y,01-Apr-18 00:00:00,,script,,Storage,N,Mailroom,Y,N,Y
1415,Storage,100,Y,01-Jan-16 00:00:00,30-Apr-17 00:00:00,script,13-JUN-16 10:08:13,Storage,Y,Mailroom,N,N,N
1416,Training - Washington Park,0,N,01-Jan-16 00:00:00,,script,13-JUN-16 10:08:13,UNUSED_BY_EE,N,NOT IN SCORECARD,N,N,N
1417,Training - Room E,0,N,01-Jan-16 00:00:00,,script,13-JUN-16 10:08:13,UNUSED_BY_EE,N,NOT IN SCORECARD,N,N,N
1418,Training - Sacandaga,0,N,01-Jan-16 00:00:00,,script,13-JUN-16 10:08:13,UNUSED_BY_EE,N,NOT IN SCORECARD,N,N,N
1419,Training - Pearl,0,N,01-Jan-16 00:00:00,,script,13-JUN-16 10:08:13,UNUSED_BY_EE,N,NOT IN SCORECARD,N,N,N
1420,Training - Amethyst,0,N,01-Jan-16 00:00:00,,script,13-JUN-16 10:08:13,UNUSED_BY_EE,N,NOT IN SCORECARD,N,N,N
1421,Training - Ontario,0,N,01-Jan-16 00:00:00,,script,13-JUN-16 10:08:13,UNUSED_BY_EE,N,NOT IN SCORECARD,N,N,N
1422,Team Lead - QC,0,N,01-Jan-16 00:00:00,,script,13-JUN-16 10:08:13,UNUSED_BY_EE,N,NOT IN SCORECARD,N,N,N
1423,Training  -Tupper,0,N,01-Jan-16 00:00:00,,script,13-JUN-16 10:08:13,UNUSED_BY_EE,N,NOT IN SCORECARD,N,N,N
1424,ARU Wrap Up,2,Y,01-Jan-16 00:00:00,31-Mar-18 00:00:00,script,13-JUN-16 10:08:13,ARU Wrap Up,Y,Account Review,N,N,N
1424,ARU Wrap Up,2,Y,01-Apr-18 00:00:00,,script,,ARU Wrap Up,N,Account Review,N,N,Y
1425,Schedule Hearing Task,0.65,Y,01-May-17 00:00:00,31-Mar-18 00:00:00,script,19-MAY-17 13:49:02,Schedule Hearing,Y,Account Review,N,N,N
1425,Schedule Hearing Task,0.65,Y,01-Apr-18 00:00:00,,script,,Schedule Hearing,N,Account Review,N,N,Y
1425,Schedule Hearing Task,0.75,Y,01-Jan-16 00:00:00,30-Apr-17 00:00:00,script,13-JUN-16 10:08:13,Schedule Hearing,Y,Account Review,N,N,N
1426,Appeal Task Team,0,N,01-Jan-16 00:00:00,31-Mar-18 00:00:00,script,13-JUN-16 10:08:13,NON-PRODUCTIVE,Y,NOT IN SCORECARD,N,N,N
1426,Appeal Task Team,0,N,01-Apr-18 00:00:00,,script,,NON-PRODUCTIVE,N,NOT IN SCORECARD,N,N,Y
1427,NYSOH Support Inbox,2,Y,01-Jan-16 00:00:00,31-Mar-18 00:00:00,script,13-JUN-16 10:08:13,NYSOH Support Inbox,Y,Account Review,N,N,N
1427,NYSOH Support Inbox,2,Y,01-Apr-18 00:00:00,,script,,NYSOH Support Inbox,N,Account Review,N,N,Y
1428,Backdating Call Backs,5,Y,01-Jan-16 00:00:00,31-Mar-18 00:00:00,script,13-JUN-16 10:08:13,Backdating Call Backs,Y,Account Review,N,N,N
1428,Backdating Call Backs,5,Y,01-Apr-18 00:00:00,,script,,Backdating Call Backs,N,Account Review,N,N,Y
1429,Defect Task,4,Y,01-Jan-16 00:00:00,31-Mar-18 00:00:00,script,13-JUN-16 10:08:13,Defect Task,Y,Account Review,N,N,N
1429,Defect Task,4,Y,01-Apr-18 00:00:00,,script,,Defect Task,N,Account Review,N,N,Y
1430,Complaint - Follow Up,4,Y,01-Jan-16 00:00:00,31-Mar-18 00:00:00,script,13-JUN-16 10:08:13,Complaint - Follow Up,Y,Account Review,N,N,N
1430,Complaint - Follow Up,4,Y,01-Apr-18 00:00:00,,script,,Complaint - Follow Up,N,Account Review,N,N,Y
1431,Training - Texas,0,N,01-Jan-16 00:00:00,,script,13-JUN-16 10:08:13,UNUSED_BY_EE,N,NOT IN SCORECARD,N,N,N
1432,Absence - NCNS,0,N,01-Jan-16 00:00:00,,script,13-JUN-16 10:08:13,UNUSED_BY_EE,N,NOT IN SCORECARD,N,N,N
1433,Absence - Sup Notified,0,N,01-Jan-16 00:00:00,,script,13-JUN-16 10:08:13,UNUSED_BY_EE,N,NOT IN SCORECARD,N,N,N
1436,ARU Team Lead - QC,0,N,01-Jan-16 00:00:00,,script,13-JUN-16 10:08:13,NON-PRODUCTIVE,N,NOT IN SCORECARD,N,N,N
1442,Dismissal Failed to Attend Hearing,4,Y,01-Jan-16 00:00:00,30-Apr-17 00:00:00,script,13-JUN-16 10:08:13,Dismissal Failed to Attend Hearing,Y,Account Review,N,N,N
1442,Dismissal Failed to Attend Hearing,6,Y,01-May-17 00:00:00,31-Mar-18 00:00:00,script,19-MAY-17 13:49:02,Dismissal Failed to Attend Hearing,Y,Account Review,N,N,N
1442,Dismissal Failed to Attend Hearing,6,Y,01-Apr-18 00:00:00,,script,,Dismissal Failed to Attend Hearing,N,Account Review,N,N,Y
1443,Document Account Review,2.5,Y,01-Jan-16 00:00:00,31-Oct-16 00:00:00,script,13-JUN-16 10:08:13,Document Account Review,Y,Account Review,N,N,N
1443,Document Account Review,4,Y,01-Nov-16 00:00:00,30-Apr-17 00:00:00,script,21-OCT-16 12:55:57,Document Account Review,Y,Account Review,N,N,N
1443,Document Account Review,8,Y,01-May-17 00:00:00,31-Mar-18 00:00:00,script,19-MAY-17 13:49:02,Document Account Review,Y,Account Review,N,N,N
1443,Document Account Review,8,Y,01-Apr-18 00:00:00,,script,,Document Account Review,N,Account Review,N,N,Y
1444,Data Entry Research,4,Y,01-Jan-16 00:00:00,31-Mar-18 00:00:00,script,13-JUN-16 10:08:13,Data Entry Research,Y,Research,N,N,N
1444,Data Entry Research,4,Y,01-Apr-18 00:00:00,,script,,Data Entry Research,N,Research,N,N,Y
1445,Expired Clock Document,4,Y,01-Jan-16 00:00:00,31-Mar-18 00:00:00,script,13-JUN-16 10:08:13,Expired Clock Document,Y,Account Review,N,N,N
1445,Expired Clock Document,4,Y,01-Apr-18 00:00:00,,script,,Expired Clock Document,N,Account Review,N,N,Y
1446,HX Cases,0,N,01-Jan-16 00:00:00,31-Mar-18 00:00:00,script,13-JUN-16 10:08:13,NON-PRODUCTIVE,Y,NOT IN SCORECARD,N,N,N
1446,HX Cases,0,N,01-Apr-18 00:00:00,,script,,NON-PRODUCTIVE,N,NOT IN SCORECARD,N,N,Y
1447,Defects,4,Y,01-Jan-16 00:00:00,31-Mar-18 00:00:00,script,13-JUN-16 10:08:13,Defect Task,Y,Account Review,N,N,N
1447,Defects,4,Y,01-Apr-18 00:00:00,,script,,Defect Task,N,Account Review,N,N,Y
1448,Returned Mail Data Entry,7.25,Y,01-May-17 00:00:00,31-Mar-18 00:00:00,script,19-MAY-17 13:49:02,Returned Mail Data Entry,Y,HSDE,N,N,N
1448,Returned Mail Data Entry,7.25,Y,01-Apr-18 00:00:00,,script,,Returned Mail Data Entry,N,HSDE,N,N,Y
1448,Returned Mail Data Entry,6.5,Y,01-Jan-16 00:00:00,30-Apr-17 00:00:00,script,13-JUN-16 10:08:13,Returned Mail Data Entry,Y,HSDE,N,N,N
1453,Training - Topaz,0,N,01-Jan-16 00:00:00,,script,13-JUN-16 10:08:13,UNUSED_BY_EE,N,NOT IN SCORECARD,N,N,N
1454,Returned Mail Prepping,0,N,01-May-17 00:00:00,31-Mar-18 00:00:00,script,07-JUL-17 13:17:58,Returned Mail Prepping,Y,MULTIPLE,Y,N,N
1454,Returned Mail Prepping,0,N,01-Apr-18 00:00:00,,script,,Returned Mail Prepping,N,MULTIPLE,Y,N,Y
1454,Returned Mail Prepping,65,Y,01-Jan-16 00:00:00,30-Apr-17 00:00:00,script,13-JUN-16 10:08:13,Returned Mail Prepping,Y,MULTIPLE,N,N,N
1455,Envelope Sorting,0,N,01-May-17 00:00:00,31-Mar-18 00:00:00,script,07-JUL-17 13:17:59,Envelope Sorting,Y,Mailroom,N,N,N
1455,Envelope Sorting,0,N,01-Apr-18 00:00:00,,script,,Envelope Sorting,N,Mailroom,N,N,Y
1455,Envelope Sorting,650,Y,01-Jan-16 00:00:00,30-Apr-17 00:00:00,script,13-JUN-16 10:08:13,Envelope Sorting,Y,Mailroom,N,N,N
1456,Envelopes Prepped,30,Y,01-May-17 00:00:00,31-Mar-18 00:00:00,script,07-JUL-17 13:17:59,Envelopes Prepped,Y,Mailroom,N,N,N
1456,Envelopes Prepped,30,Y,01-Apr-18 00:00:00,,script,,Envelopes Prepped,N,Mailroom,N,N,Y
1456,Envelopes Prepped,29,Y,01-Jan-16 00:00:00,30-Apr-17 00:00:00,script,13-JUN-16 10:08:13,Envelopes Prepped,Y,Mailroom,Y,N,N
1457,Account Correction (VDOCS),0,N,01-May-17 00:00:00,31-Mar-18 00:00:00,script,19-MAY-17 13:49:05,Account Correction (VDOCS),Y,Verification Document,N,N,N
1457,Account Correction (VDOCS),0,N,01-Apr-18 00:00:00,,script,,Account Correction (VDOCS),N,Verification Document,N,N,Y
1457,Account Correction (VDOCS),8,Y,01-Jan-16 00:00:00,30-Apr-17 00:00:00,script,13-JUN-16 10:08:13,Account Correction (VDOCS),Y,Verification Document,N,N,N
1458,Complaint (DPR),10,Y,01-Jan-16 00:00:00,31-Oct-16 00:00:00,script,13-JUN-16 10:08:13,Other Research,Y,Research,N,N,N
1458,Complaint (DPR),20,Y,01-Nov-16 00:00:00,30-Apr-17 00:00:00,script,21-OCT-16 12:55:57,Other Research,Y,Research,N,N,N
1458,Complaint (DPR),20,Y,01-May-17 00:00:00,31-Mar-18 00:00:00,script,19-MAY-17 13:49:02,Other Research,Y,Research,N,N,N
1458,Complaint (DPR),20,Y,01-Apr-18 00:00:00,,script,,Other Research,N,Research,N,N,Y
1459,Escalations,0,N,01-May-17 00:00:00,31-Mar-18 00:00:00,script,19-MAY-17 13:49:05,Escalations,Y,Verification Document,N,N,N
1459,Escalations,0,N,01-Apr-18 00:00:00,,script,,Escalations,N,Verification Document,N,N,Y
1459,Escalations,8,Y,01-Jan-16 00:00:00,30-Apr-17 00:00:00,script,13-JUN-16 10:08:13,Escalations,Y,Verification Document,N,N,N
1460,Refer To Account Review,4,Y,01-Jan-16 00:00:00,31-Mar-18 00:00:00,script,13-JUN-16 10:08:13,Refer to Account Review,Y,Account Review,N,N,N
1460,Refer To Account Review,4,Y,01-Apr-18 00:00:00,,script,,Refer to Account Review,N,Account Review,N,N,Y
1461,Team Lead (VDOCS),0,N,01-Jan-16 00:00:00,,script,13-JUN-16 10:08:13,NON-PRODUCTIVE,N,NOT IN SCORECARD,N,N,N
1462,VLP 3 - G845,10,Y,01-Jan-16 00:00:00,31-Oct-16 00:00:00,script,13-JUN-16 10:08:13,VLP,Y,Research,N,N,N
1462,VLP 3 - G845,11,Y,01-Nov-16 00:00:00,30-Apr-17 00:00:00,script,21-OCT-16 12:55:57,VLP,Y,Research,N,N,N
1462,VLP 3 - G845,12,Y,01-May-17 00:00:00,31-Mar-18 00:00:00,script,19-MAY-17 13:49:03,VLP,Y,Research,N,N,N
1462,VLP 3 - G845,12,Y,01-Apr-18 00:00:00,,script,,VLP,N,Research,N,N,Y
1463,VLP 4 - Override,11,Y,01-Nov-16 00:00:00,30-Apr-17 00:00:00,script,21-OCT-16 12:55:57,VLP,Y,Research,N,N,N
1463,VLP 4 - Override,12,Y,01-May-17 00:00:00,31-Mar-18 00:00:00,script,19-MAY-17 13:49:03,VLP,Y,Research,N,N,N
1463,VLP 4 - Override,12,Y,01-Apr-18 00:00:00,,script,,VLP,N,Research,N,N,Y
1463,VLP 4 - Override,10,Y,01-Jan-16 00:00:00,31-Oct-16 00:00:00,script,13-JUN-16 10:08:13,VLP,Y,Research,N,N,N
1464,VLP 5 - PRUCOL,11,Y,01-Nov-16 00:00:00,30-Apr-17 00:00:00,script,21-OCT-16 12:55:58,VLP,Y,Research,N,N,N
1464,VLP 5 - PRUCOL,12,Y,01-May-17 00:00:00,31-Mar-18 00:00:00,script,19-MAY-17 13:49:03,VLP,Y,Research,N,N,N
1464,VLP 5 - PRUCOL,12,Y,01-Apr-18 00:00:00,,script,,VLP,N,Research,N,N,Y
1464,VLP 5 - PRUCOL,10,Y,01-Jan-16 00:00:00,31-Oct-16 00:00:00,script,13-JUN-16 10:08:13,VLP,Y,Research,N,N,N
1465,VLP 6 - Follow Up,11,Y,01-Nov-16 00:00:00,30-Apr-17 00:00:00,script,21-OCT-16 12:55:58,VLP,Y,Research,N,N,N
1465,VLP 6 - Follow up,12,Y,01-May-17 00:00:00,31-Mar-18 00:00:00,script,19-MAY-17 13:49:03,VLP,Y,Research,N,N,N
1465,VLP 6 - Follow up,12,Y,01-Apr-18 00:00:00,,script,,VLP,N,Research,N,N,Y
1465,VLP 6 - Follow Up,10,Y,01-Jan-16 00:00:00,31-Oct-16 00:00:00,script,13-JUN-16 10:08:13,VLP,Y,Research,N,N,N
1466,VLP Holding,11,Y,01-Nov-16 00:00:00,30-Apr-17 00:00:00,script,21-OCT-16 12:55:58,VLP,Y,Research,N,N,N
1466,VLP Holding,12,Y,01-May-17 00:00:00,31-Mar-18 00:00:00,script,19-MAY-17 13:49:03,VLP,Y,Research,N,N,N
1466,VLP Holding,12,Y,01-Apr-18 00:00:00,,script,,VLP,N,Research,N,N,Y
1466,VLP Holding,10,Y,01-Jan-16 00:00:00,31-Oct-16 00:00:00,script,13-JUN-16 10:08:13,VLP,Y,Research,N,N,N
1467,Application In Process,9,Y,01-May-17 00:00:00,31-Mar-18 00:00:00,script,19-MAY-17 13:49:03,Application in Process,Y,Research,N,N,N
1467,Application In Process,9,Y,01-Apr-18 00:00:00,,script,,Application in Process,N,Research,N,N,Y
1467,Application In Process,10,Y,01-Jan-16 00:00:00,30-Apr-17 00:00:00,script,13-JUN-16 10:08:13,Application in Process,Y,Research,N,N,N
1468,Application Missing Data,6,Y,01-Nov-16 00:00:00,30-Apr-17 00:00:00,script,21-OCT-16 12:55:58,Application - Missing Data,Y,Research,N,N,N
1468,Application Missing Data,6,Y,01-May-17 00:00:00,31-Mar-18 00:00:00,script,19-MAY-17 13:49:03,Application - Missing Data,Y,Research,N,N,N
1468,Application Missing Data,6,Y,01-Apr-18 00:00:00,,script,,Application - Missing Data,N,Research,N,N,Y
1468,Application Missing Data,7,Y,01-Jan-16 00:00:00,31-Oct-16 00:00:00,script,13-JUN-16 10:08:13,Application - Missing Data,Y,Research,N,N,N
1469,Training - City Hall,0,N,01-Jan-16 00:00:00,,script,13-JUN-16 10:08:13,UNUSED_BY_EE,N,NOT IN SCORECARD,N,N,N
1471,Training - Utah,0,N,25-Aug-16 00:00:00,,script,08-AUG-16 14:40:00,NON-PRODUCTIVE,N,NOT IN SCORECARD,N,N,N
1472,Folding Tasks,170,Y,01-Jun-17 00:00:00,31-Mar-18 00:00:00,script,07-JUL-17 13:18:00,Folding Tasks,Y,Mailroom,Y,N,N
1472,Folding Tasks,170,Y,01-Apr-18 00:00:00,,script,,Folding Tasks,N,Mailroom,Y,N,Y
1472,Return Mail Folding,80,Y,25-Aug-16 00:00:00,30-Apr-17 00:00:00,script,08-AUG-16 14:40:00,Return Mail Folding,Y,MULTIPLE,N,N,N
1472,Return Mail Folding,0,N,01-May-17 00:00:00,31-May-17 00:00:00,script,07-JUL-17 13:17:59,Return Mail Folding,Y,MULTIPLE,N,N,N
1473,Return Mail Printing,120,Y,25-Aug-16 00:00:00,30-Apr-17 00:00:00,script,08-AUG-16 14:40:00,Return Mail Printing,Y,MULTIPLE,N,N,N
1473,Return Mail Printing,0,N,01-May-17 00:00:00,31-Mar-18 00:00:00,script,19-MAY-17 13:49:05,Return Mail Printing,Y,MULTIPLE,N,N,N
1473,Return Mail Printing,0,N,01-Apr-18 00:00:00,,script,,Return Mail Printing,N,MULTIPLE,N,N,Y
1474,Bereavement,0,N,25-Aug-16 00:00:00,,script,08-AUG-16 14:40:00,NON-PRODUCTIVE,N,NOT IN SCORECARD,N,N,N
1475,Training - Penn Station,0,N,25-Aug-16 00:00:00,31-Mar-18 00:00:00,script,08-AUG-16 14:40:00,NON-PRODUCTIVE,Y,NOT IN SCORECARD,N,N,N
1475,Training - Penn Station,0,N,01-Apr-18 00:00:00,,script,,NON-PRODUCTIVE,N,NOT IN SCORECARD,N,N,Y
1476,Training - Room A,0,N,25-Aug-16 00:00:00,,script,08-AUG-16 14:40:00,NON-PRODUCTIVE,N,NOT IN SCORECARD,N,N,N
1477,Team Lead - Floor Support,0,N,25-Jul-16 00:00:00,,script,22-JUL-16 10:08:13,NON-PRODUCTIVE,Y,NOT IN SCORECARD,N,N,N
1478,Building Evacuation,0,N,25-Jul-16 00:00:00,,script,22-JUL-16 10:08:13,NON-PRODUCTIVE,Y,NOT IN SCORECARD,N,N,N
1479,Training - Room D,0,N,25-Aug-16 00:00:00,,script,08-AUG-16 14:40:00,NON-PRODUCTIVE,N,NOT IN SCORECARD,N,N,N
1480,Training  -Saratoga,0,N,25-Aug-16 00:00:00,,script,08-AUG-16 14:40:00,NON-PRODUCTIVE,N,NOT IN SCORECARD,N,N,N
1482,Survey,0,N,25-Aug-16 00:00:00,31-Mar-18 00:00:00,script,08-AUG-16 14:40:00,NON-PRODUCTIVE,Y,NOT IN SCORECARD,N,N,N
1482,Survey,0,N,01-Apr-18 00:00:00,,script,,NON-PRODUCTIVE,N,NOT IN SCORECARD,N,N,Y
1483,DSRIP Opt Out Survey,65,Y,25-Aug-16 00:00:00,30-Apr-17 00:00:00,script,08-AUG-16 14:40:00,DSRIP Opt Out Survey,Y,Mailroom,N,N,N
1483,DSRIP Opt Out Survey,65,Y,01-May-17 00:00:00,31-Mar-18 00:00:00,script,07-JUL-17 13:17:59,DSRIP Opt Out Survey,Y,Mailroom,Y,N,N
1483,DSRIP Opt Out Survey,65,Y,01-Apr-18 00:00:00,,script,,DSRIP Opt Out Survey,N,Mailroom,Y,N,Y
1484,DSRIP Incident,35,Y,09-Oct-16 00:00:00,30-Apr-17 00:00:00,script,21-OCT-16 12:55:58,DSRIP Incident,Y,Mailroom,N,N,N
1484,DSRIP Incident,0,N,25-Aug-16 00:00:00,08-Oct-16 00:00:00,script,08-AUG-16 14:40:00,NON-PRODUCTIVE,Y,NOT IN SCORECARD,N,N,N
1484,DSRIP Incident,35,Y,01-May-17 00:00:00,31-Mar-18 00:00:00,script,19-MAY-17 13:49:03,DSRIP Incident,Y,Mailroom,N,N,N
1484,DSRIP Incident,35,Y,01-Apr-18 00:00:00,,script,,DSRIP Incident,N,Mailroom,N,N,Y
1485,Sorting/Cutting Incoming Mail,650,Y,25-Aug-16 00:00:00,30-Apr-17 00:00:00,script,08-AUG-16 14:40:00,Sorting/Cutting Incoming Mail,Y,Mailroom,N,N,N
1485,Sorting/Cutting Incoming Mail,1000,N,01-Jun-17 00:00:00,31-Mar-18 00:00:00,script,19-MAY-17 13:49:03,Sorting/Cutting Incoming Mail,Y,Mailroom,N,N,N
1485,Sorting/Cutting Incoming Mail,1000,N,01-Apr-18 00:00:00,,script,,Sorting/Cutting Incoming Mail,N,Mailroom,N,N,Y
1486,Making Copies,45,Y,09-Oct-16 00:00:00,30-Apr-17 00:00:00,script,21-OCT-16 12:55:58,Making Copies,Y,Mailroom,N,N,N
1486,Making Copies,0,N,25-Aug-16 00:00:00,08-Oct-16 00:00:00,script,08-AUG-16 14:40:00,NON-PRODUCTIVE,Y,NOT IN SCORECARD,N,N,N
1486,Making Copies,100,Y,01-May-17 00:00:00,31-Mar-18 00:00:00,script,07-JUL-17 13:17:59,Making Copies,Y,Mailroom,Y,N,N
1486,Making Copies,100,Y,01-Apr-18 00:00:00,,script,,Making Copies,N,Mailroom,Y,N,Y
1487,Logging Certified Mail,65,Y,01-Nov-16 00:00:00,30-Apr-17 00:00:00,script,21-OCT-16 12:55:59,Logging Certified Mail,Y,Mailroom,N,N,N
1487,Logging Certified Mail,35,Y,25-Aug-16 00:00:00,31-Oct-16 00:00:00,script,08-AUG-16 14:40:00,Logging Certified Mail,Y,Mailroom,N,N,N
1487,Logging Certified Mail,0,N,01-May-17 00:00:00,31-Mar-18 00:00:00,script,07-JUL-17 13:17:59,Logging Certified Mail,Y,Mailroom,N,N,N
1487,Logging Certified Mail,0,N,01-Apr-18 00:00:00,,script,,Logging Certified Mail,N,Mailroom,N,N,Y
1488,Posting Mail,650,Y,09-Oct-16 00:00:00,30-Apr-17 00:00:00,script,21-OCT-16 12:55:59,Posting Mail,Y,Mailroom,N,N,N
1488,Posting Mail,0,N,25-Aug-16 00:00:00,08-Oct-16 00:00:00,script,08-AUG-16 14:40:00,NON-PRODUCTIVE,Y,NOT IN SCORECARD,N,N,N
1488,Posting Mail,1000,Y,01-May-17 00:00:00,31-Mar-18 00:00:00,script,07-JUL-17 13:17:59,Posting Mail,Y,Mailroom,Y,N,N
1488,Posting Mail,1000,Y,01-Apr-18 00:00:00,,script,,Posting Mail,N,Mailroom,Y,N,Y
1489,K Drive Appeal QC,60,Y,09-Oct-16 00:00:00,30-Apr-17 00:00:00,script,21-OCT-16 12:55:59,Appeals Letters,Y,Mailroom,N,N,N
1489,K Drive Appeal QC,0,N,25-Aug-16 00:00:00,08-Oct-16 00:00:00,script,08-AUG-16 14:40:00,UNUSED_BY_EE,Y,NOT IN SCORECARD,N,N,N
1489,K Drive Appeal QC,60,Y,01-May-17 00:00:00,31-Mar-18 00:00:00,script,07-JUL-17 13:17:59,Appeals Letters,Y,Mailroom,Y,N,N
1489,K Drive Appeal QC,60,Y,01-Apr-18 00:00:00,,script,,Appeals Letters,N,Mailroom,Y,N,Y
1490,QC - SWCC,8,Y,14-Sep-16 00:00:00,31-Mar-18 00:00:00,script,15-SEP-16 08:40:00,CALL - SWCC,Y,QC Team,Y,Y,N
1490,QC - SWCC,8,Y,01-Apr-18 00:00:00,,script,,CALL - SWCC,N,QC Team,Y,Y,Y
1491,QC - SBM,8,Y,15-Sep-16 00:00:00,31-Mar-18 00:00:00,script,15-SEP-16 08:40:00,CALL - SBM,Y,QC Team,Y,Y,N
1491,QC - SBM,8,Y,01-Apr-18 00:00:00,,script,,CALL - SBM,N,QC Team,Y,Y,Y
1492,QC - Individual Marketplace,3,Y,16-Sep-16 00:00:00,31-Mar-18 00:00:00,script,15-SEP-16 08:40:00,CALL - Individual,Y,QC Team,Y,Y,N
1492,QC - Individual Marketplace,3,Y,01-Apr-18 00:00:00,,script,,CALL - Individual,N,QC Team,Y,Y,Y
1493,QC - ARU Call,3,Y,17-Sep-16 00:00:00,31-Mar-18 00:00:00,script,15-SEP-16 08:40:00,CALL - ARU,Y,QC Team,Y,Y,N
1493,QC - ARU Call,3,Y,01-Apr-18 00:00:00,,script,,CALL - ARU,N,QC Team,Y,Y,Y
1494,QC - ARU Backdating Call,2,Y,18-Sep-16 00:00:00,31-Mar-18 00:00:00,script,15-SEP-16 08:40:00,CALL - ARU Backdating,Y,QC Team,Y,Y,N
1494,QC - ARU Backdating Call,2,Y,01-Apr-18 00:00:00,,script,,CALL - ARU Backdating,N,QC Team,Y,Y,Y
1495,QC - Research,5,Y,19-Sep-16 00:00:00,31-Mar-18 00:00:00,script,15-SEP-16 08:40:00,TASK - Research,Y,QC Team,Y,Y,N
1495,QC - Research,5,Y,01-Apr-18 00:00:00,,script,,TASK - Research,N,QC Team,Y,Y,Y
1496,QC - VDoc,5,Y,20-Sep-16 00:00:00,31-Mar-18 00:00:00,script,15-SEP-16 08:40:00,TASK - VDoc,Y,QC Team,Y,Y,N
1496,QC - VDoc,5,Y,01-Apr-18 00:00:00,,script,,TASK - VDoc,N,QC Team,Y,Y,Y
1497,QC - Mailroom,14,Y,21-Sep-16 00:00:00,31-Mar-18 00:00:00,script,15-SEP-16 08:40:00,TASK - Mailroom,Y,QC Team,Y,Y,N
1497,QC - Mailroom,14,Y,01-Apr-18 00:00:00,,script,,TASK - Mailroom,N,QC Team,Y,Y,Y
1498,QC - Link Doc Set,5,Y,22-Sep-16 00:00:00,31-Mar-18 00:00:00,script,15-SEP-16 08:40:00,TASK - Link Doc Set,Y,QC Team,Y,Y,N
1498,QC - Link Doc Set,5,Y,01-Apr-18 00:00:00,,script,,TASK - Link Doc Set,N,QC Team,Y,Y,Y
1499,QC - Link Doc Set QC,5,Y,23-Sep-16 00:00:00,31-Mar-18 00:00:00,script,15-SEP-16 08:40:00,TASK - Link Doc Set QC,Y,QC Team,Y,Y,N
1499,QC - Link Doc Set QC,5,Y,01-Apr-18 00:00:00,,script,,TASK - Link Doc Set QC,N,QC Team,Y,Y,Y
1500,QC - HSDE,5,Y,24-Sep-16 00:00:00,31-Mar-18 00:00:00,script,15-SEP-16 08:40:00,TASK - HSDE,Y,QC Team,Y,Y,N
1500,QC - HSDE,5,Y,01-Apr-18 00:00:00,,script,,TASK - HSDE,N,QC Team,Y,Y,Y
1501,QC - HSDE QC,5,Y,25-Sep-16 00:00:00,31-Mar-18 00:00:00,script,15-SEP-16 08:40:00,TASK - HSDE QC,Y,QC Team,Y,Y,N
1501,QC - HSDE QC,5,Y,01-Apr-18 00:00:00,,script,,TASK - HSDE QC,N,QC Team,Y,Y,Y
1502,QC - ARU Task,5,Y,26-Sep-16 00:00:00,31-Mar-18 00:00:00,script,15-SEP-16 08:40:00,TASK - ARU,Y,QC Team,Y,Y,N
1502,QC - ARU Task,5,Y,01-Apr-18 00:00:00,,script,,TASK - ARU,N,QC Team,Y,Y,Y
1503,"QC - Tasks (Incidents, Defects, Activities)",5,Y,27-Sep-16 00:00:00,31-Mar-18 00:00:00,script,15-SEP-16 08:40:00,TASK - Task Team,Y,QC Team,Y,Y,N
1503,"QC - Tasks (Incidents, Defects, Activities)",5,Y,01-Apr-18 00:00:00,,script,,TASK - Task Team,N,QC Team,Y,Y,Y
1510,Printing 1095 Tax Documents,70,Y,01-Jun-17 00:00:00,31-Mar-18 00:00:00,script,07-JUL-17 13:18:00,Printing 1095 Tax Documents,Y,Mailroom,Y,N,N
1510,Printing 1095 Tax Documents,70,Y,01-Apr-18 00:00:00,,script,,Printing 1095 Tax Documents,N,Mailroom,Y,N,Y
1512,Purge Destruction,0,N,01-Jun-17 00:00:00,31-Mar-18 00:00:00,script,07-JUL-17 13:18:00,Purge Destruction,Y,Mailroom,Y,N,N
1512,Purge Destruction,0,N,01-Apr-18 00:00:00,,script,,Purge Destruction,N,Mailroom,Y,N,Y
1513,Voter Registration Preparation,12,Y,01-Jun-17 00:00:00,31-Mar-18 00:00:00,script,07-JUL-17 13:18:00,Voter Registration Preparation,Y,Mailroom,Y,N,N
1513,Voter Registration Preparation,12,Y,01-Apr-18 00:00:00,,script,,Voter Registration Preparation,N,Mailroom,Y,N,Y
1522,QC- Web Chat,15,Y,01-Jan-18 00:00:00,31-Mar-18 00:00:00,script,03-MAY-18 17:25:05,Web Chat,Y,QC Team,Y,Y,N
1522,QC- Web Chat,15,Y,01-Apr-18 00:00:00,,script,,Web Chat,N,QC Team,Y,Y,Y
1525,Undeliverable RM Scan,0,N,02-Aug-17 00:00:00,30-Nov-17 00:00:00,script,03-AUG-17 12:58:47,Undeliverable RM Scan,N,Mailroom,N,N,N
1525,Undeliverable RM Scan,27,Y,01-Dec-17 00:00:00,31-Mar-18 00:00:00,CR 1284,09-FEB-18 16:25:50,Undeliverable RM Scan,Y,Mailroom,N,N,N
1525,Undeliverable RM Scan,27,Y,01-Apr-18 00:00:00,,CR 1284,,Undeliverable RM Scan,N,Mailroom,N,N,Y
1551,FPBP LINKING,57,Y,01-May-18 00:00:00,,CR1915,01-JUN-18 10:40:07,FPBP LINKING,N,FPBP,N,N,Y
1552,FPBP SCANNING,17,Y,01-May-18 00:00:00,,CR1915,01-JUN-18 10:40:07,FPBP SCANNING,N,FPBP,Y,N,Y
1553,FPBP MAIL SORT,500,Y,01-May-18 00:00:00,,CR1915,01-JUN-18 10:40:07,FPBP MAIL SORT,N,FPBP,Y,N,Y
1554,FPBP MAIL PREP,12,Y,01-May-18 00:00:00,,CR1915,01-JUN-18 10:40:07,FPBP MAIL PREP,N,FPBP,Y,N,Y
1555,FPBP OUTBOUND MAIL,1000,Y,01-May-18 00:00:00,,CR1915,01-JUN-18 10:40:07,FPBP OUTBOUND,N,FPBP,Y,N,Y
1556,FPBP QUEUE EMPTY,0,Y,01-May-18 00:00:00,,CR1915,01-JUN-18 10:40:07,FPBP QUEUE EMPTY,N,FPBP,Y,N,Y
1557,FPBP BATCH STORAGE,60,Y,01-May-18 00:00:00,,CR1915,01-JUN-18 10:40:07,FPBP BATCH STORAGE,N,FPBP,Y,N,Y
