PLAN_START_DATE,PLAN_END_DATE,UNIT_OF_WORK,SIM_DAY,AGE,NUMBER_OF_TASKS,PLACEHOLDER
5/13/2019, 05/26/2019 , DE_NEW_APP ,1,0,255,0
5/13/2019, 05/26/2019 , DE_NEW_APP ,1,1,115,0
5/13/2019, 05/26/2019 , DE_NEW_APP ,1,2,0,0
5/13/2019, 05/26/2019 , DE_NEW_APP ,1,3,0,0
5/13/2019, 05/26/2019 , DE_NEW_APP ,1,4,0,0
5/13/2019, 05/26/2019 , DE_NEW_APP ,1,5,0,0
5/13/2019, 05/26/2019 , DE_NEW_APP ,1,6,0,0
5/13/2019, 05/26/2019 , DE_APP_RENEWAL ,1,0,35,0
5/13/2019, 05/26/2019 , DE_APP_RENEWAL ,1,1,0,0
5/13/2019, 05/26/2019 , DE_APP_RENEWAL ,1,2,0,0
5/13/2019, 05/26/2019 , DE_APP_RENEWAL ,1,3,0,0
5/13/2019, 05/26/2019 , DE_APP_RENEWAL ,1,4,0,0
5/13/2019, 05/26/2019 , DE_APP_RENEWAL ,1,5,0,0
5/13/2019, 05/26/2019 , DE_APP_RENEWAL ,1,6,0,0
5/13/2019, 05/26/2019 , DE_APPEAL ,1,0,13,0
5/13/2019, 05/26/2019 , DE_APPEAL ,1,1,0,0
5/13/2019, 05/26/2019 , DE_APPEAL ,1,2,0,0
5/13/2019, 05/26/2019 , DE_APPEAL ,1,3,0,0
5/13/2019, 05/26/2019 , DE_APPEAL ,1,4,0,0
5/13/2019, 05/26/2019 , DE_APPEAL ,1,5,0,0
5/13/2019, 05/26/2019 , DE_APPEAL ,1,6,0,0
5/13/2019, 05/26/2019 , ELIG_NEW_APP ,1,0,251,0
5/13/2019, 05/26/2019 , ELIG_NEW_APP ,1,1,27,0
5/13/2019, 05/26/2019 , ELIG_NEW_APP ,1,2,0,0
5/13/2019, 05/26/2019 , ELIG_NEW_APP ,1,3,0,0
5/13/2019, 05/26/2019 , ELIG_NEW_APP ,1,4,0,0
5/13/2019, 05/26/2019 , ELIG_NEW_APP ,1,5,0,0
5/13/2019, 05/26/2019 , ELIG_NEW_APP ,1,6,0,0
5/13/2019, 05/26/2019 , ELIG_RENEWAL ,1,0,36,0
5/13/2019, 05/26/2019 , ELIG_RENEWAL ,1,1,0,0
5/13/2019, 05/26/2019 , ELIG_RENEWAL ,1,2,0,0
5/13/2019, 05/26/2019 , ELIG_RENEWAL ,1,3,0,0
5/13/2019, 05/26/2019 , ELIG_RENEWAL ,1,4,0,0
5/13/2019, 05/26/2019 , ELIG_RENEWAL ,1,5,0,0
5/13/2019, 05/26/2019 , ELIG_RENEWAL ,1,6,0,0
5/13/2019, 05/26/2019 , BATCH ,1,0,0,0
5/13/2019, 05/26/2019 , BATCH ,1,1,0,0
5/13/2019, 05/26/2019 , BATCH ,1,2,0,0
5/13/2019, 05/26/2019 , BATCH ,1,3,0,0
5/13/2019, 05/26/2019 , BATCH ,1,4,0,0
5/13/2019, 05/26/2019 , BATCH ,1,5,0,0
5/13/2019, 05/26/2019 , BATCH ,1,6,0,0
5/13/2019, 05/26/2019 , OTHER_INCOMING_DOCS ,1,0,14,0
5/13/2019, 05/26/2019 , OTHER_INCOMING_DOCS ,1,1,0,0
5/13/2019, 05/26/2019 , OTHER_INCOMING_DOCS ,1,2,0,0
5/13/2019, 05/26/2019 , OTHER_INCOMING_DOCS ,1,3,0,0
5/13/2019, 05/26/2019 , OTHER_INCOMING_DOCS ,1,4,0,0
5/13/2019, 05/26/2019 , OTHER_INCOMING_DOCS ,1,5,0,0
5/13/2019, 05/26/2019 , OTHER_INCOMING_DOCS ,1,6,0,0
5/13/2019, 05/26/2019 , QC ,1,0,58,0
5/13/2019, 05/26/2019 , QC ,1,1,0,0
5/13/2019, 05/26/2019 , QC ,1,2,0,0
5/13/2019, 05/26/2019 , QC ,1,3,0,0
5/13/2019, 05/26/2019 , QC ,1,4,0,0
5/13/2019, 05/26/2019 , QC ,1,5,0,0
5/13/2019, 05/26/2019 , QC ,1,6,0,0
5/13/2019, 05/26/2019 , ENROLLMENT ,1,0,8,0
5/13/2019, 05/26/2019 , ENROLLMENT ,1,1,0,0
5/13/2019, 05/26/2019 , ENROLLMENT ,1,2,0,0
5/13/2019, 05/26/2019 , ENROLLMENT ,1,3,0,0
5/13/2019, 05/26/2019 , ENROLLMENT ,1,4,0,0
5/13/2019, 05/26/2019 , ENROLLMENT ,1,5,0,0
5/13/2019, 05/26/2019 , ENROLLMENT ,1,6,0,0
5/13/2019, 05/26/2019 , LINK_CLASSIFY ,1,0,49,0
5/13/2019, 05/26/2019 , LINK_CLASSIFY ,1,1,0,0
5/13/2019, 05/26/2019 , LINK_CLASSIFY ,1,2,0,0
5/13/2019, 05/26/2019 , LINK_CLASSIFY ,1,3,0,0
5/13/2019, 05/26/2019 , LINK_CLASSIFY ,1,4,0,0
5/13/2019, 05/26/2019 , LINK_CLASSIFY ,1,5,0,0
5/13/2019, 05/26/2019 , LINK_CLASSIFY ,1,6,0,0
5/13/2019, 05/26/2019 , DE_NEW_APP ,2,0,265,0
5/13/2019, 05/26/2019 , DE_NEW_APP ,2,1,121,0
5/13/2019, 05/26/2019 , DE_NEW_APP ,2,2,0,0
5/13/2019, 05/26/2019 , DE_NEW_APP ,2,3,0,0
5/13/2019, 05/26/2019 , DE_NEW_APP ,2,4,0,0
5/13/2019, 05/26/2019 , DE_NEW_APP ,2,5,0,0
5/13/2019, 05/26/2019 , DE_NEW_APP ,2,6,0,0
5/13/2019, 05/26/2019 , DE_APP_RENEWAL ,2,0,32,0
5/13/2019, 05/26/2019 , DE_APP_RENEWAL ,2,1,0,0
5/13/2019, 05/26/2019 , DE_APP_RENEWAL ,2,2,0,0
5/13/2019, 05/26/2019 , DE_APP_RENEWAL ,2,3,0,0
5/13/2019, 05/26/2019 , DE_APP_RENEWAL ,2,4,0,0
5/13/2019, 05/26/2019 , DE_APP_RENEWAL ,2,5,0,0
5/13/2019, 05/26/2019 , DE_APP_RENEWAL ,2,6,0,0
5/13/2019, 05/26/2019 , DE_APPEAL ,2,0,4,0
5/13/2019, 05/26/2019 , DE_APPEAL ,2,1,0,0
5/13/2019, 05/26/2019 , DE_APPEAL ,2,2,0,0
5/13/2019, 05/26/2019 , DE_APPEAL ,2,3,0,0
5/13/2019, 05/26/2019 , DE_APPEAL ,2,4,0,0
5/13/2019, 05/26/2019 , DE_APPEAL ,2,5,0,0
5/13/2019, 05/26/2019 , DE_APPEAL ,2,6,0,0
5/13/2019, 05/26/2019 , ELIG_NEW_APP ,2,0,249,0
5/13/2019, 05/26/2019 , ELIG_NEW_APP ,2,1,40,0
5/13/2019, 05/26/2019 , ELIG_NEW_APP ,2,2,0,0
5/13/2019, 05/26/2019 , ELIG_NEW_APP ,2,3,0,0
5/13/2019, 05/26/2019 , ELIG_NEW_APP ,2,4,0,0
5/13/2019, 05/26/2019 , ELIG_NEW_APP ,2,5,0,0
5/13/2019, 05/26/2019 , ELIG_NEW_APP ,2,6,0,0
5/13/2019, 05/26/2019 , ELIG_RENEWAL ,2,0,38,0
5/13/2019, 05/26/2019 , ELIG_RENEWAL ,2,1,0,0
5/13/2019, 05/26/2019 , ELIG_RENEWAL ,2,2,0,0
5/13/2019, 05/26/2019 , ELIG_RENEWAL ,2,3,0,0
5/13/2019, 05/26/2019 , ELIG_RENEWAL ,2,4,0,0
5/13/2019, 05/26/2019 , ELIG_RENEWAL ,2,5,0,0
5/13/2019, 05/26/2019 , ELIG_RENEWAL ,2,6,0,0
5/13/2019, 05/26/2019 , BATCH ,2,0,0,0
5/13/2019, 05/26/2019 , BATCH ,2,1,0,0
5/13/2019, 05/26/2019 , BATCH ,2,2,0,0
5/13/2019, 05/26/2019 , BATCH ,2,3,0,0
5/13/2019, 05/26/2019 , BATCH ,2,4,0,0
5/13/2019, 05/26/2019 , BATCH ,2,5,0,0
5/13/2019, 05/26/2019 , BATCH ,2,6,0,0
5/13/2019, 05/26/2019 , OTHER_INCOMING_DOCS ,2,0,18,0
5/13/2019, 05/26/2019 , OTHER_INCOMING_DOCS ,2,1,0,0
5/13/2019, 05/26/2019 , OTHER_INCOMING_DOCS ,2,2,0,0
5/13/2019, 05/26/2019 , OTHER_INCOMING_DOCS ,2,3,0,0
5/13/2019, 05/26/2019 , OTHER_INCOMING_DOCS ,2,4,0,0
5/13/2019, 05/26/2019 , OTHER_INCOMING_DOCS ,2,5,0,0
5/13/2019, 05/26/2019 , OTHER_INCOMING_DOCS ,2,6,0,0
5/13/2019, 05/26/2019 , QC ,2,0,42,0
5/13/2019, 05/26/2019 , QC ,2,1,0,0
5/13/2019, 05/26/2019 , QC ,2,2,0,0
5/13/2019, 05/26/2019 , QC ,2,3,0,0
5/13/2019, 05/26/2019 , QC ,2,4,0,0
5/13/2019, 05/26/2019 , QC ,2,5,0,0
5/13/2019, 05/26/2019 , QC ,2,6,0,0
5/13/2019, 05/26/2019 , ENROLLMENT ,2,0,13,0
5/13/2019, 05/26/2019 , ENROLLMENT ,2,1,0,0
5/13/2019, 05/26/2019 , ENROLLMENT ,2,2,0,0
5/13/2019, 05/26/2019 , ENROLLMENT ,2,3,0,0
5/13/2019, 05/26/2019 , ENROLLMENT ,2,4,0,0
5/13/2019, 05/26/2019 , ENROLLMENT ,2,5,0,0
5/13/2019, 05/26/2019 , ENROLLMENT ,2,6,0,0
5/13/2019, 05/26/2019 , LINK_CLASSIFY ,2,0,27,0
5/13/2019, 05/26/2019 , LINK_CLASSIFY ,2,1,0,0
5/13/2019, 05/26/2019 , LINK_CLASSIFY ,2,2,0,0
5/13/2019, 05/26/2019 , LINK_CLASSIFY ,2,3,0,0
5/13/2019, 05/26/2019 , LINK_CLASSIFY ,2,4,0,0
5/13/2019, 05/26/2019 , LINK_CLASSIFY ,2,5,0,0
5/13/2019, 05/26/2019 , LINK_CLASSIFY ,2,6,0,0
5/13/2019, 05/26/2019 , DE_NEW_APP ,3,0,225,0
5/13/2019, 05/26/2019 , DE_NEW_APP ,3,1,144,0
5/13/2019, 05/26/2019 , DE_NEW_APP ,3,2,0,0
5/13/2019, 05/26/2019 , DE_NEW_APP ,3,3,0,0
5/13/2019, 05/26/2019 , DE_NEW_APP ,3,4,0,0
5/13/2019, 05/26/2019 , DE_NEW_APP ,3,5,0,0
5/13/2019, 05/26/2019 , DE_NEW_APP ,3,6,0,0
5/13/2019, 05/26/2019 , DE_APP_RENEWAL ,3,0,36,0
5/13/2019, 05/26/2019 , DE_APP_RENEWAL ,3,1,0,0
5/13/2019, 05/26/2019 , DE_APP_RENEWAL ,3,2,0,0
5/13/2019, 05/26/2019 , DE_APP_RENEWAL ,3,3,0,0
5/13/2019, 05/26/2019 , DE_APP_RENEWAL ,3,4,0,0
5/13/2019, 05/26/2019 , DE_APP_RENEWAL ,3,5,0,0
5/13/2019, 05/26/2019 , DE_APP_RENEWAL ,3,6,0,0
5/13/2019, 05/26/2019 , DE_APPEAL ,3,0,11,0
5/13/2019, 05/26/2019 , DE_APPEAL ,3,1,0,0
5/13/2019, 05/26/2019 , DE_APPEAL ,3,2,0,0
5/13/2019, 05/26/2019 , DE_APPEAL ,3,3,0,0
5/13/2019, 05/26/2019 , DE_APPEAL ,3,4,0,0
5/13/2019, 05/26/2019 , DE_APPEAL ,3,5,0,0
5/13/2019, 05/26/2019 , DE_APPEAL ,3,6,0,0
5/13/2019, 05/26/2019 , ELIG_NEW_APP ,3,0,242,0
5/13/2019, 05/26/2019 , ELIG_NEW_APP ,3,1,87,0
5/13/2019, 05/26/2019 , ELIG_NEW_APP ,3,2,0,0
5/13/2019, 05/26/2019 , ELIG_NEW_APP ,3,3,0,0
5/13/2019, 05/26/2019 , ELIG_NEW_APP ,3,4,0,0
5/13/2019, 05/26/2019 , ELIG_NEW_APP ,3,5,0,0
5/13/2019, 05/26/2019 , ELIG_NEW_APP ,3,6,0,0
5/13/2019, 05/26/2019 , ELIG_RENEWAL ,3,0,33,0
5/13/2019, 05/26/2019 , ELIG_RENEWAL ,3,1,0,0
5/13/2019, 05/26/2019 , ELIG_RENEWAL ,3,2,0,0
5/13/2019, 05/26/2019 , ELIG_RENEWAL ,3,3,0,0
5/13/2019, 05/26/2019 , ELIG_RENEWAL ,3,4,0,0
5/13/2019, 05/26/2019 , ELIG_RENEWAL ,3,5,0,0
5/13/2019, 05/26/2019 , ELIG_RENEWAL ,3,6,0,0
5/13/2019, 05/26/2019 , BATCH ,3,0,0,0
5/13/2019, 05/26/2019 , BATCH ,3,1,0,0
5/13/2019, 05/26/2019 , BATCH ,3,2,0,0
5/13/2019, 05/26/2019 , BATCH ,3,3,0,0
5/13/2019, 05/26/2019 , BATCH ,3,4,0,0
5/13/2019, 05/26/2019 , BATCH ,3,5,0,0
5/13/2019, 05/26/2019 , BATCH ,3,6,0,0
5/13/2019, 05/26/2019 , OTHER_INCOMING_DOCS ,3,0,7,0
5/13/2019, 05/26/2019 , OTHER_INCOMING_DOCS ,3,1,0,0
5/13/2019, 05/26/2019 , OTHER_INCOMING_DOCS ,3,2,0,0
5/13/2019, 05/26/2019 , OTHER_INCOMING_DOCS ,3,3,0,0
5/13/2019, 05/26/2019 , OTHER_INCOMING_DOCS ,3,4,0,0
5/13/2019, 05/26/2019 , OTHER_INCOMING_DOCS ,3,5,0,0
5/13/2019, 05/26/2019 , OTHER_INCOMING_DOCS ,3,6,0,0
5/13/2019, 05/26/2019 , QC ,3,0,45,0
5/13/2019, 05/26/2019 , QC ,3,1,0,0
5/13/2019, 05/26/2019 , QC ,3,2,0,0
5/13/2019, 05/26/2019 , QC ,3,3,0,0
5/13/2019, 05/26/2019 , QC ,3,4,0,0
5/13/2019, 05/26/2019 , QC ,3,5,0,0
5/13/2019, 05/26/2019 , QC ,3,6,0,0
5/13/2019, 05/26/2019 , ENROLLMENT ,3,0,12,0
5/13/2019, 05/26/2019 , ENROLLMENT ,3,1,0,0
5/13/2019, 05/26/2019 , ENROLLMENT ,3,2,0,0
5/13/2019, 05/26/2019 , ENROLLMENT ,3,3,0,0
5/13/2019, 05/26/2019 , ENROLLMENT ,3,4,0,0
5/13/2019, 05/26/2019 , ENROLLMENT ,3,5,0,0
5/13/2019, 05/26/2019 , ENROLLMENT ,3,6,0,0
5/13/2019, 05/26/2019 , LINK_CLASSIFY ,3,0,28,0
5/13/2019, 05/26/2019 , LINK_CLASSIFY ,3,1,0,0
5/13/2019, 05/26/2019 , LINK_CLASSIFY ,3,2,0,0
5/13/2019, 05/26/2019 , LINK_CLASSIFY ,3,3,0,0
5/13/2019, 05/26/2019 , LINK_CLASSIFY ,3,4,0,0
5/13/2019, 05/26/2019 , LINK_CLASSIFY ,3,5,0,0
5/13/2019, 05/26/2019 , LINK_CLASSIFY ,3,6,0,0
5/13/2019, 05/26/2019 , DE_NEW_APP ,4,0,218,0
5/13/2019, 05/26/2019 , DE_NEW_APP ,4,1,144,0
5/13/2019, 05/26/2019 , DE_NEW_APP ,4,2,0,0
5/13/2019, 05/26/2019 , DE_NEW_APP ,4,3,0,0
5/13/2019, 05/26/2019 , DE_NEW_APP ,4,4,0,0
5/13/2019, 05/26/2019 , DE_NEW_APP ,4,5,0,0
5/13/2019, 05/26/2019 , DE_NEW_APP ,4,6,0,0
5/13/2019, 05/26/2019 , DE_APP_RENEWAL ,4,0,34,0
5/13/2019, 05/26/2019 , DE_APP_RENEWAL ,4,1,0,0
5/13/2019, 05/26/2019 , DE_APP_RENEWAL ,4,2,0,0
5/13/2019, 05/26/2019 , DE_APP_RENEWAL ,4,3,0,0
5/13/2019, 05/26/2019 , DE_APP_RENEWAL ,4,4,0,0
5/13/2019, 05/26/2019 , DE_APP_RENEWAL ,4,5,0,0
5/13/2019, 05/26/2019 , DE_APP_RENEWAL ,4,6,0,0
5/13/2019, 05/26/2019 , DE_APPEAL ,4,0,5,0
5/13/2019, 05/26/2019 , DE_APPEAL ,4,1,0,0
5/13/2019, 05/26/2019 , DE_APPEAL ,4,2,0,0
5/13/2019, 05/26/2019 , DE_APPEAL ,4,3,0,0
5/13/2019, 05/26/2019 , DE_APPEAL ,4,4,0,0
5/13/2019, 05/26/2019 , DE_APPEAL ,4,5,0,0
5/13/2019, 05/26/2019 , DE_APPEAL ,4,6,0,0
5/13/2019, 05/26/2019 , ELIG_NEW_APP ,4,0,225,0
5/13/2019, 05/26/2019 , ELIG_NEW_APP ,4,1,89,0
5/13/2019, 05/26/2019 , ELIG_NEW_APP ,4,2,0,0
5/13/2019, 05/26/2019 , ELIG_NEW_APP ,4,3,0,0
5/13/2019, 05/26/2019 , ELIG_NEW_APP ,4,4,0,0
5/13/2019, 05/26/2019 , ELIG_NEW_APP ,4,5,0,0
5/13/2019, 05/26/2019 , ELIG_NEW_APP ,4,6,0,0
5/13/2019, 05/26/2019 , ELIG_RENEWAL ,4,0,40,0
5/13/2019, 05/26/2019 , ELIG_RENEWAL ,4,1,0,0
5/13/2019, 05/26/2019 , ELIG_RENEWAL ,4,2,0,0
5/13/2019, 05/26/2019 , ELIG_RENEWAL ,4,3,0,0
5/13/2019, 05/26/2019 , ELIG_RENEWAL ,4,4,0,0
5/13/2019, 05/26/2019 , ELIG_RENEWAL ,4,5,0,0
5/13/2019, 05/26/2019 , ELIG_RENEWAL ,4,6,0,0
5/13/2019, 05/26/2019 , BATCH ,4,0,0,0
5/13/2019, 05/26/2019 , BATCH ,4,1,0,0
5/13/2019, 05/26/2019 , BATCH ,4,2,0,0
5/13/2019, 05/26/2019 , BATCH ,4,3,0,0
5/13/2019, 05/26/2019 , BATCH ,4,4,0,0
5/13/2019, 05/26/2019 , BATCH ,4,5,0,0
5/13/2019, 05/26/2019 , BATCH ,4,6,0,0
5/13/2019, 05/26/2019 , OTHER_INCOMING_DOCS ,4,0,0,0
5/13/2019, 05/26/2019 , OTHER_INCOMING_DOCS ,4,1,0,0
5/13/2019, 05/26/2019 , OTHER_INCOMING_DOCS ,4,2,0,0
5/13/2019, 05/26/2019 , OTHER_INCOMING_DOCS ,4,3,0,0
5/13/2019, 05/26/2019 , OTHER_INCOMING_DOCS ,4,4,0,0
5/13/2019, 05/26/2019 , OTHER_INCOMING_DOCS ,4,5,0,0
5/13/2019, 05/26/2019 , OTHER_INCOMING_DOCS ,4,6,0,0
5/13/2019, 05/26/2019 , QC ,4,0,45,0
5/13/2019, 05/26/2019 , QC ,4,1,0,0
5/13/2019, 05/26/2019 , QC ,4,2,0,0
5/13/2019, 05/26/2019 , QC ,4,3,0,0
5/13/2019, 05/26/2019 , QC ,4,4,0,0
5/13/2019, 05/26/2019 , QC ,4,5,0,0
5/13/2019, 05/26/2019 , QC ,4,6,0,0
5/13/2019, 05/26/2019 , ENROLLMENT ,4,0,22,0
5/13/2019, 05/26/2019 , ENROLLMENT ,4,1,0,0
5/13/2019, 05/26/2019 , ENROLLMENT ,4,2,0,0
5/13/2019, 05/26/2019 , ENROLLMENT ,4,3,0,0
5/13/2019, 05/26/2019 , ENROLLMENT ,4,4,0,0
5/13/2019, 05/26/2019 , ENROLLMENT ,4,5,0,0
5/13/2019, 05/26/2019 , ENROLLMENT ,4,6,0,0
5/13/2019, 05/26/2019 , LINK_CLASSIFY ,4,0,31,0
5/13/2019, 05/26/2019 , LINK_CLASSIFY ,4,1,0,0
5/13/2019, 05/26/2019 , LINK_CLASSIFY ,4,2,0,0
5/13/2019, 05/26/2019 , LINK_CLASSIFY ,4,3,0,0
5/13/2019, 05/26/2019 , LINK_CLASSIFY ,4,4,0,0
5/13/2019, 05/26/2019 , LINK_CLASSIFY ,4,5,0,0
5/13/2019, 05/26/2019 , LINK_CLASSIFY ,4,6,0,0
5/13/2019, 05/26/2019 , DE_NEW_APP ,5,0,189,0
5/13/2019, 05/26/2019 , DE_NEW_APP ,5,1,142,0
5/13/2019, 05/26/2019 , DE_NEW_APP ,5,2,0,0
5/13/2019, 05/26/2019 , DE_NEW_APP ,5,3,0,0
5/13/2019, 05/26/2019 , DE_NEW_APP ,5,4,0,0
5/13/2019, 05/26/2019 , DE_NEW_APP ,5,5,0,0
5/13/2019, 05/26/2019 , DE_NEW_APP ,5,6,0,0
5/13/2019, 05/26/2019 , DE_APP_RENEWAL ,5,0,13,0
5/13/2019, 05/26/2019 , DE_APP_RENEWAL ,5,1,0,0
5/13/2019, 05/26/2019 , DE_APP_RENEWAL ,5,2,0,0
5/13/2019, 05/26/2019 , DE_APP_RENEWAL ,5,3,0,0
5/13/2019, 05/26/2019 , DE_APP_RENEWAL ,5,4,0,0
5/13/2019, 05/26/2019 , DE_APP_RENEWAL ,5,5,0,0
5/13/2019, 05/26/2019 , DE_APP_RENEWAL ,5,6,0,0
5/13/2019, 05/26/2019 , DE_APPEAL ,5,0,8,0
5/13/2019, 05/26/2019 , DE_APPEAL ,5,1,0,0
5/13/2019, 05/26/2019 , DE_APPEAL ,5,2,0,0
5/13/2019, 05/26/2019 , DE_APPEAL ,5,3,0,0
5/13/2019, 05/26/2019 , DE_APPEAL ,5,4,0,0
5/13/2019, 05/26/2019 , DE_APPEAL ,5,5,0,0
5/13/2019, 05/26/2019 , DE_APPEAL ,5,6,0,0
5/13/2019, 05/26/2019 , ELIG_NEW_APP ,5,0,220,0
5/13/2019, 05/26/2019 , ELIG_NEW_APP ,5,1,96,0
5/13/2019, 05/26/2019 , ELIG_NEW_APP ,5,2,0,0
5/13/2019, 05/26/2019 , ELIG_NEW_APP ,5,3,0,0
5/13/2019, 05/26/2019 , ELIG_NEW_APP ,5,4,0,0
5/13/2019, 05/26/2019 , ELIG_NEW_APP ,5,5,0,0
5/13/2019, 05/26/2019 , ELIG_NEW_APP ,5,6,0,0
5/13/2019, 05/26/2019 , ELIG_RENEWAL ,5,0,37,0
5/13/2019, 05/26/2019 , ELIG_RENEWAL ,5,1,0,0
5/13/2019, 05/26/2019 , ELIG_RENEWAL ,5,2,0,0
5/13/2019, 05/26/2019 , ELIG_RENEWAL ,5,3,0,0
5/13/2019, 05/26/2019 , ELIG_RENEWAL ,5,4,0,0
5/13/2019, 05/26/2019 , ELIG_RENEWAL ,5,5,0,0
5/13/2019, 05/26/2019 , ELIG_RENEWAL ,5,6,0,0
5/13/2019, 05/26/2019 , BATCH ,5,0,0,0
5/13/2019, 05/26/2019 , BATCH ,5,1,0,0
5/13/2019, 05/26/2019 , BATCH ,5,2,0,0
5/13/2019, 05/26/2019 , BATCH ,5,3,0,0
5/13/2019, 05/26/2019 , BATCH ,5,4,0,0
5/13/2019, 05/26/2019 , BATCH ,5,5,0,0
5/13/2019, 05/26/2019 , BATCH ,5,6,0,0
5/13/2019, 05/26/2019 , OTHER_INCOMING_DOCS ,5,0,10,0
5/13/2019, 05/26/2019 , OTHER_INCOMING_DOCS ,5,1,0,0
5/13/2019, 05/26/2019 , OTHER_INCOMING_DOCS ,5,2,0,0
5/13/2019, 05/26/2019 , OTHER_INCOMING_DOCS ,5,3,0,0
5/13/2019, 05/26/2019 , OTHER_INCOMING_DOCS ,5,4,0,0
5/13/2019, 05/26/2019 , OTHER_INCOMING_DOCS ,5,5,0,0
5/13/2019, 05/26/2019 , OTHER_INCOMING_DOCS ,5,6,0,0
5/13/2019, 05/26/2019 , QC ,5,0,38,0
5/13/2019, 05/26/2019 , QC ,5,1,0,0
5/13/2019, 05/26/2019 , QC ,5,2,0,0
5/13/2019, 05/26/2019 , QC ,5,3,0,0
5/13/2019, 05/26/2019 , QC ,5,4,0,0
5/13/2019, 05/26/2019 , QC ,5,5,0,0
5/13/2019, 05/26/2019 , QC ,5,6,0,0
5/13/2019, 05/26/2019 , ENROLLMENT ,5,0,19,0
5/13/2019, 05/26/2019 , ENROLLMENT ,5,1,0,0
5/13/2019, 05/26/2019 , ENROLLMENT ,5,2,0,0
5/13/2019, 05/26/2019 , ENROLLMENT ,5,3,0,0
5/13/2019, 05/26/2019 , ENROLLMENT ,5,4,0,0
5/13/2019, 05/26/2019 , ENROLLMENT ,5,5,0,0
5/13/2019, 05/26/2019 , ENROLLMENT ,5,6,0,0
5/13/2019, 05/26/2019 , LINK_CLASSIFY ,5,0,67,0
5/13/2019, 05/26/2019 , LINK_CLASSIFY ,5,1,0,0
5/13/2019, 05/26/2019 , LINK_CLASSIFY ,5,2,0,0
5/13/2019, 05/26/2019 , LINK_CLASSIFY ,5,3,0,0
5/13/2019, 05/26/2019 , LINK_CLASSIFY ,5,4,0,0
5/13/2019, 05/26/2019 , LINK_CLASSIFY ,5,5,0,0
5/13/2019, 05/26/2019 , LINK_CLASSIFY ,5,6,0,0
5/13/2019, 05/26/2019 , DE_NEW_APP ,6,0,189,0
5/13/2019, 05/26/2019 , DE_NEW_APP ,6,1,142,0
5/13/2019, 05/26/2019 , DE_NEW_APP ,6,2,0,0
5/13/2019, 05/26/2019 , DE_NEW_APP ,6,3,0,0
5/13/2019, 05/26/2019 , DE_NEW_APP ,6,4,0,0
5/13/2019, 05/26/2019 , DE_NEW_APP ,6,5,0,0
5/13/2019, 05/26/2019 , DE_NEW_APP ,6,6,0,0
5/13/2019, 05/26/2019 , DE_APP_RENEWAL ,6,0,0,0
5/13/2019, 05/26/2019 , DE_APP_RENEWAL ,6,1,13,0
5/13/2019, 05/26/2019 , DE_APP_RENEWAL ,6,2,0,0
5/13/2019, 05/26/2019 , DE_APP_RENEWAL ,6,3,0,0
5/13/2019, 05/26/2019 , DE_APP_RENEWAL ,6,4,0,0
5/13/2019, 05/26/2019 , DE_APP_RENEWAL ,6,5,0,0
5/13/2019, 05/26/2019 , DE_APP_RENEWAL ,6,6,0,0
5/13/2019, 05/26/2019 , DE_APPEAL ,6,0,0,0
5/13/2019, 05/26/2019 , DE_APPEAL ,6,1,8,0
5/13/2019, 05/26/2019 , DE_APPEAL ,6,2,0,0
5/13/2019, 05/26/2019 , DE_APPEAL ,6,3,0,0
5/13/2019, 05/26/2019 , DE_APPEAL ,6,4,0,0
5/13/2019, 05/26/2019 , DE_APPEAL ,6,5,0,0
5/13/2019, 05/26/2019 , DE_APPEAL ,6,6,0,0
5/13/2019, 05/26/2019 , ELIG_NEW_APP ,6,0,0,0
5/13/2019, 05/26/2019 , ELIG_NEW_APP ,6,1,220,0
5/13/2019, 05/26/2019 , ELIG_NEW_APP ,6,2,67,0
5/13/2019, 05/26/2019 , ELIG_NEW_APP ,6,3,0,0
5/13/2019, 05/26/2019 , ELIG_NEW_APP ,6,4,0,0
5/13/2019, 05/26/2019 , ELIG_NEW_APP ,6,5,0,0
5/13/2019, 05/26/2019 , ELIG_NEW_APP ,6,6,0,0
5/13/2019, 05/26/2019 , ELIG_RENEWAL ,6,0,0,0
5/13/2019, 05/26/2019 , ELIG_RENEWAL ,6,1,0,0
5/13/2019, 05/26/2019 , ELIG_RENEWAL ,6,2,0,0
5/13/2019, 05/26/2019 , ELIG_RENEWAL ,6,3,0,0
5/13/2019, 05/26/2019 , ELIG_RENEWAL ,6,4,0,0
5/13/2019, 05/26/2019 , ELIG_RENEWAL ,6,5,0,0
5/13/2019, 05/26/2019 , ELIG_RENEWAL ,6,6,0,0
5/13/2019, 05/26/2019 , BATCH ,6,0,0,0
5/13/2019, 05/26/2019 , BATCH ,6,1,0,0
5/13/2019, 05/26/2019 , BATCH ,6,2,0,0
5/13/2019, 05/26/2019 , BATCH ,6,3,0,0
5/13/2019, 05/26/2019 , BATCH ,6,4,0,0
5/13/2019, 05/26/2019 , BATCH ,6,5,0,0
5/13/2019, 05/26/2019 , BATCH ,6,6,0,0
5/13/2019, 05/26/2019 , OTHER_INCOMING_DOCS ,6,0,0,0
5/13/2019, 05/26/2019 , OTHER_INCOMING_DOCS ,6,1,10,0
5/13/2019, 05/26/2019 , OTHER_INCOMING_DOCS ,6,2,0,0
5/13/2019, 05/26/2019 , OTHER_INCOMING_DOCS ,6,3,0,0
5/13/2019, 05/26/2019 , OTHER_INCOMING_DOCS ,6,4,0,0
5/13/2019, 05/26/2019 , OTHER_INCOMING_DOCS ,6,5,0,0
5/13/2019, 05/26/2019 , OTHER_INCOMING_DOCS ,6,6,0,0
5/13/2019, 05/26/2019 , QC ,6,0,18,0
5/13/2019, 05/26/2019 , QC ,6,1,30,0
5/13/2019, 05/26/2019 , QC ,6,2,0,0
5/13/2019, 05/26/2019 , QC ,6,3,0,0
5/13/2019, 05/26/2019 , QC ,6,4,0,0
5/13/2019, 05/26/2019 , QC ,6,5,0,0
5/13/2019, 05/26/2019 , QC ,6,6,0,0
5/13/2019, 05/26/2019 , ENROLLMENT ,6,0,0,0
5/13/2019, 05/26/2019 , ENROLLMENT ,6,1,19,0
5/13/2019, 05/26/2019 , ENROLLMENT ,6,2,0,0
5/13/2019, 05/26/2019 , ENROLLMENT ,6,3,0,0
5/13/2019, 05/26/2019 , ENROLLMENT ,6,4,0,0
5/13/2019, 05/26/2019 , ENROLLMENT ,6,5,0,0
5/13/2019, 05/26/2019 , ENROLLMENT ,6,6,0,0
5/13/2019, 05/26/2019 , LINK_CLASSIFY ,6,0,0,0
5/13/2019, 05/26/2019 , LINK_CLASSIFY ,6,1,67,0
5/13/2019, 05/26/2019 , LINK_CLASSIFY ,6,2,0,0
5/13/2019, 05/26/2019 , LINK_CLASSIFY ,6,3,0,0
5/13/2019, 05/26/2019 , LINK_CLASSIFY ,6,4,0,0
5/13/2019, 05/26/2019 , LINK_CLASSIFY ,6,5,0,0
5/13/2019, 05/26/2019 , LINK_CLASSIFY ,6,6,0,0
5/13/2019, 05/26/2019 , DE_NEW_APP ,7,0,189,0
5/13/2019, 05/26/2019 , DE_NEW_APP ,7,1,142,0
5/13/2019, 05/26/2019 , DE_NEW_APP ,7,2,0,0
5/13/2019, 05/26/2019 , DE_NEW_APP ,7,3,0,0
5/13/2019, 05/26/2019 , DE_NEW_APP ,7,4,0,0
5/13/2019, 05/26/2019 , DE_NEW_APP ,7,5,0,0
5/13/2019, 05/26/2019 , DE_NEW_APP ,7,6,0,0
5/13/2019, 05/26/2019 , DE_APP_RENEWAL ,7,0,0,0
5/13/2019, 05/26/2019 , DE_APP_RENEWAL ,7,1,13,0
5/13/2019, 05/26/2019 , DE_APP_RENEWAL ,7,2,0,0
5/13/2019, 05/26/2019 , DE_APP_RENEWAL ,7,3,0,0
5/13/2019, 05/26/2019 , DE_APP_RENEWAL ,7,4,0,0
5/13/2019, 05/26/2019 , DE_APP_RENEWAL ,7,5,0,0
5/13/2019, 05/26/2019 , DE_APP_RENEWAL ,7,6,0,0
5/13/2019, 05/26/2019 , DE_APPEAL ,7,0,0,0
5/13/2019, 05/26/2019 , DE_APPEAL ,7,1,8,0
5/13/2019, 05/26/2019 , DE_APPEAL ,7,2,0,0
5/13/2019, 05/26/2019 , DE_APPEAL ,7,3,0,0
5/13/2019, 05/26/2019 , DE_APPEAL ,7,4,0,0
5/13/2019, 05/26/2019 , DE_APPEAL ,7,5,0,0
5/13/2019, 05/26/2019 , DE_APPEAL ,7,6,0,0
5/13/2019, 05/26/2019 , ELIG_NEW_APP ,7,0,0,0
5/13/2019, 05/26/2019 , ELIG_NEW_APP ,7,1,220,0
5/13/2019, 05/26/2019 , ELIG_NEW_APP ,7,2,67,0
5/13/2019, 05/26/2019 , ELIG_NEW_APP ,7,3,0,0
5/13/2019, 05/26/2019 , ELIG_NEW_APP ,7,4,0,0
5/13/2019, 05/26/2019 , ELIG_NEW_APP ,7,5,0,0
5/13/2019, 05/26/2019 , ELIG_NEW_APP ,7,6,0,0
5/13/2019, 05/26/2019 , ELIG_RENEWAL ,7,0,0,0
5/13/2019, 05/26/2019 , ELIG_RENEWAL ,7,1,0,0
5/13/2019, 05/26/2019 , ELIG_RENEWAL ,7,2,0,0
5/13/2019, 05/26/2019 , ELIG_RENEWAL ,7,3,0,0
5/13/2019, 05/26/2019 , ELIG_RENEWAL ,7,4,0,0
5/13/2019, 05/26/2019 , ELIG_RENEWAL ,7,5,0,0
5/13/2019, 05/26/2019 , ELIG_RENEWAL ,7,6,0,0
5/13/2019, 05/26/2019 , BATCH ,7,0,0,0
5/13/2019, 05/26/2019 , BATCH ,7,1,0,0
5/13/2019, 05/26/2019 , BATCH ,7,2,0,0
5/13/2019, 05/26/2019 , BATCH ,7,3,0,0
5/13/2019, 05/26/2019 , BATCH ,7,4,0,0
5/13/2019, 05/26/2019 , BATCH ,7,5,0,0
5/13/2019, 05/26/2019 , BATCH ,7,6,0,0
5/13/2019, 05/26/2019 , OTHER_INCOMING_DOCS ,7,0,0,0
5/13/2019, 05/26/2019 , OTHER_INCOMING_DOCS ,7,1,10,0
5/13/2019, 05/26/2019 , OTHER_INCOMING_DOCS ,7,2,0,0
5/13/2019, 05/26/2019 , OTHER_INCOMING_DOCS ,7,3,0,0
5/13/2019, 05/26/2019 , OTHER_INCOMING_DOCS ,7,4,0,0
5/13/2019, 05/26/2019 , OTHER_INCOMING_DOCS ,7,5,0,0
5/13/2019, 05/26/2019 , OTHER_INCOMING_DOCS ,7,6,0,0
5/13/2019, 05/26/2019 , QC ,7,0,18,0
5/13/2019, 05/26/2019 , QC ,7,1,30,0
5/13/2019, 05/26/2019 , QC ,7,2,0,0
5/13/2019, 05/26/2019 , QC ,7,3,0,0
5/13/2019, 05/26/2019 , QC ,7,4,0,0
5/13/2019, 05/26/2019 , QC ,7,5,0,0
5/13/2019, 05/26/2019 , QC ,7,6,0,0
5/13/2019, 05/26/2019 , ENROLLMENT ,7,0,0,0
5/13/2019, 05/26/2019 , ENROLLMENT ,7,1,19,0
5/13/2019, 05/26/2019 , ENROLLMENT ,7,2,0,0
5/13/2019, 05/26/2019 , ENROLLMENT ,7,3,0,0
5/13/2019, 05/26/2019 , ENROLLMENT ,7,4,0,0
5/13/2019, 05/26/2019 , ENROLLMENT ,7,5,0,0
5/13/2019, 05/26/2019 , ENROLLMENT ,7,6,0,0
5/13/2019, 05/26/2019 , LINK_CLASSIFY ,7,0,0,0
5/13/2019, 05/26/2019 , LINK_CLASSIFY ,7,1,67,0
5/13/2019, 05/26/2019 , LINK_CLASSIFY ,7,2,0,0
5/13/2019, 05/26/2019 , LINK_CLASSIFY ,7,3,0,0
5/13/2019, 05/26/2019 , LINK_CLASSIFY ,7,4,0,0
5/13/2019, 05/26/2019 , LINK_CLASSIFY ,7,5,0,0
5/13/2019, 05/26/2019 , LINK_CLASSIFY ,7,6,0,0
5/13/2019, 05/26/2019 , DE_NEW_APP ,8,0,233,0
5/13/2019, 05/26/2019 , DE_NEW_APP ,8,1,80,0
5/13/2019, 05/26/2019 , DE_NEW_APP ,8,2,0,0
5/13/2019, 05/26/2019 , DE_NEW_APP ,8,3,0,0
5/13/2019, 05/26/2019 , DE_NEW_APP ,8,4,0,0
5/13/2019, 05/26/2019 , DE_NEW_APP ,8,5,0,0
5/13/2019, 05/26/2019 , DE_NEW_APP ,8,6,0,0
5/13/2019, 05/26/2019 , DE_APP_RENEWAL ,8,0,32,0
5/13/2019, 05/26/2019 , DE_APP_RENEWAL ,8,1,0,0
5/13/2019, 05/26/2019 , DE_APP_RENEWAL ,8,2,0,0
5/13/2019, 05/26/2019 , DE_APP_RENEWAL ,8,3,0,0
5/13/2019, 05/26/2019 , DE_APP_RENEWAL ,8,4,0,0
5/13/2019, 05/26/2019 , DE_APP_RENEWAL ,8,5,0,0
5/13/2019, 05/26/2019 , DE_APP_RENEWAL ,8,6,0,0
5/13/2019, 05/26/2019 , DE_APPEAL ,8,0,16,0
5/13/2019, 05/26/2019 , DE_APPEAL ,8,1,0,0
5/13/2019, 05/26/2019 , DE_APPEAL ,8,2,0,0
5/13/2019, 05/26/2019 , DE_APPEAL ,8,3,0,0
5/13/2019, 05/26/2019 , DE_APPEAL ,8,4,0,0
5/13/2019, 05/26/2019 , DE_APPEAL ,8,5,0,0
5/13/2019, 05/26/2019 , DE_APPEAL ,8,6,0,0
5/13/2019, 05/26/2019 , ELIG_NEW_APP ,8,0,251,0
5/13/2019, 05/26/2019 , ELIG_NEW_APP ,8,1,64,0
5/13/2019, 05/26/2019 , ELIG_NEW_APP ,8,2,0,0
5/13/2019, 05/26/2019 , ELIG_NEW_APP ,8,3,0,0
5/13/2019, 05/26/2019 , ELIG_NEW_APP ,8,4,0,0
5/13/2019, 05/26/2019 , ELIG_NEW_APP ,8,5,0,0
5/13/2019, 05/26/2019 , ELIG_NEW_APP ,8,6,0,0
5/13/2019, 05/26/2019 , ELIG_RENEWAL ,8,0,86,0
5/13/2019, 05/26/2019 , ELIG_RENEWAL ,8,1,0,0
5/13/2019, 05/26/2019 , ELIG_RENEWAL ,8,2,0,0
5/13/2019, 05/26/2019 , ELIG_RENEWAL ,8,3,0,0
5/13/2019, 05/26/2019 , ELIG_RENEWAL ,8,4,0,0
5/13/2019, 05/26/2019 , ELIG_RENEWAL ,8,5,0,0
5/13/2019, 05/26/2019 , ELIG_RENEWAL ,8,6,0,0
5/13/2019, 05/26/2019 , BATCH ,8,0,0,0
5/13/2019, 05/26/2019 , BATCH ,8,1,0,0
5/13/2019, 05/26/2019 , BATCH ,8,2,0,0
5/13/2019, 05/26/2019 , BATCH ,8,3,0,0
5/13/2019, 05/26/2019 , BATCH ,8,4,0,0
5/13/2019, 05/26/2019 , BATCH ,8,5,0,0
5/13/2019, 05/26/2019 , BATCH ,8,6,0,0
5/13/2019, 05/26/2019 , OTHER_INCOMING_DOCS ,8,0,5,0
5/13/2019, 05/26/2019 , OTHER_INCOMING_DOCS ,8,1,0,0
5/13/2019, 05/26/2019 , OTHER_INCOMING_DOCS ,8,2,0,0
5/13/2019, 05/26/2019 , OTHER_INCOMING_DOCS ,8,3,0,0
5/13/2019, 05/26/2019 , OTHER_INCOMING_DOCS ,8,4,0,0
5/13/2019, 05/26/2019 , OTHER_INCOMING_DOCS ,8,5,0,0
5/13/2019, 05/26/2019 , OTHER_INCOMING_DOCS ,8,6,0,0
5/13/2019, 05/26/2019 , QC ,8,0,37,0
5/13/2019, 05/26/2019 , QC ,8,1,0,0
5/13/2019, 05/26/2019 , QC ,8,2,0,0
5/13/2019, 05/26/2019 , QC ,8,3,0,0
5/13/2019, 05/26/2019 , QC ,8,4,0,0
5/13/2019, 05/26/2019 , QC ,8,5,0,0
5/13/2019, 05/26/2019 , QC ,8,6,0,0
5/13/2019, 05/26/2019 , ENROLLMENT ,8,0,12,0
5/13/2019, 05/26/2019 , ENROLLMENT ,8,1,0,0
5/13/2019, 05/26/2019 , ENROLLMENT ,8,2,0,0
5/13/2019, 05/26/2019 , ENROLLMENT ,8,3,0,0
5/13/2019, 05/26/2019 , ENROLLMENT ,8,4,0,0
5/13/2019, 05/26/2019 , ENROLLMENT ,8,5,0,0
5/13/2019, 05/26/2019 , ENROLLMENT ,8,6,0,0
5/13/2019, 05/26/2019 , LINK_CLASSIFY ,8,0,57,0
5/13/2019, 05/26/2019 , LINK_CLASSIFY ,8,1,0,0
5/13/2019, 05/26/2019 , LINK_CLASSIFY ,8,2,0,0
5/13/2019, 05/26/2019 , LINK_CLASSIFY ,8,3,0,0
5/13/2019, 05/26/2019 , LINK_CLASSIFY ,8,4,0,0
5/13/2019, 05/26/2019 , LINK_CLASSIFY ,8,5,0,0
5/13/2019, 05/26/2019 , LINK_CLASSIFY ,8,6,0,0
5/13/2019, 05/26/2019 , DE_NEW_APP ,9,0,243,0
5/13/2019, 05/26/2019 , DE_NEW_APP ,9,1,58,0
5/13/2019, 05/26/2019 , DE_NEW_APP ,9,2,0,0
5/13/2019, 05/26/2019 , DE_NEW_APP ,9,3,0,0
5/13/2019, 05/26/2019 , DE_NEW_APP ,9,4,0,0
5/13/2019, 05/26/2019 , DE_NEW_APP ,9,5,0,0
5/13/2019, 05/26/2019 , DE_NEW_APP ,9,6,0,0
5/13/2019, 05/26/2019 , DE_APP_RENEWAL ,9,0,46,0
5/13/2019, 05/26/2019 , DE_APP_RENEWAL ,9,1,0,0
5/13/2019, 05/26/2019 , DE_APP_RENEWAL ,9,2,0,0
5/13/2019, 05/26/2019 , DE_APP_RENEWAL ,9,3,0,0
5/13/2019, 05/26/2019 , DE_APP_RENEWAL ,9,4,0,0
5/13/2019, 05/26/2019 , DE_APP_RENEWAL ,9,5,0,0
5/13/2019, 05/26/2019 , DE_APP_RENEWAL ,9,6,0,0
5/13/2019, 05/26/2019 , DE_APPEAL ,9,0,9,0
5/13/2019, 05/26/2019 , DE_APPEAL ,9,1,0,0
5/13/2019, 05/26/2019 , DE_APPEAL ,9,2,0,0
5/13/2019, 05/26/2019 , DE_APPEAL ,9,3,0,0
5/13/2019, 05/26/2019 , DE_APPEAL ,9,4,0,0
5/13/2019, 05/26/2019 , DE_APPEAL ,9,5,0,0
5/13/2019, 05/26/2019 , DE_APPEAL ,9,6,0,0
5/13/2019, 05/26/2019 , ELIG_NEW_APP ,9,0,255,0
5/13/2019, 05/26/2019 , ELIG_NEW_APP ,9,1,70,0
5/13/2019, 05/26/2019 , ELIG_NEW_APP ,9,2,0,0
5/13/2019, 05/26/2019 , ELIG_NEW_APP ,9,3,0,0
5/13/2019, 05/26/2019 , ELIG_NEW_APP ,9,4,0,0
5/13/2019, 05/26/2019 , ELIG_NEW_APP ,9,5,0,0
5/13/2019, 05/26/2019 , ELIG_NEW_APP ,9,6,0,0
5/13/2019, 05/26/2019 , ELIG_RENEWAL ,9,0,94,0
5/13/2019, 05/26/2019 , ELIG_RENEWAL ,9,1,0,0
5/13/2019, 05/26/2019 , ELIG_RENEWAL ,9,2,0,0
5/13/2019, 05/26/2019 , ELIG_RENEWAL ,9,3,0,0
5/13/2019, 05/26/2019 , ELIG_RENEWAL ,9,4,0,0
5/13/2019, 05/26/2019 , ELIG_RENEWAL ,9,5,0,0
5/13/2019, 05/26/2019 , ELIG_RENEWAL ,9,6,0,0
5/13/2019, 05/26/2019 , BATCH ,9,0,0,0
5/13/2019, 05/26/2019 , BATCH ,9,1,0,0
5/13/2019, 05/26/2019 , BATCH ,9,2,0,0
5/13/2019, 05/26/2019 , BATCH ,9,3,0,0
5/13/2019, 05/26/2019 , BATCH ,9,4,0,0
5/13/2019, 05/26/2019 , BATCH ,9,5,0,0
5/13/2019, 05/26/2019 , BATCH ,9,6,0,0
5/13/2019, 05/26/2019 , OTHER_INCOMING_DOCS ,9,0,4,0
5/13/2019, 05/26/2019 , OTHER_INCOMING_DOCS ,9,1,0,0
5/13/2019, 05/26/2019 , OTHER_INCOMING_DOCS ,9,2,0,0
5/13/2019, 05/26/2019 , OTHER_INCOMING_DOCS ,9,3,0,0
5/13/2019, 05/26/2019 , OTHER_INCOMING_DOCS ,9,4,0,0
5/13/2019, 05/26/2019 , OTHER_INCOMING_DOCS ,9,5,0,0
5/13/2019, 05/26/2019 , OTHER_INCOMING_DOCS ,9,6,0,0
5/13/2019, 05/26/2019 , QC ,9,0,39,0
5/13/2019, 05/26/2019 , QC ,9,1,0,0
5/13/2019, 05/26/2019 , QC ,9,2,0,0
5/13/2019, 05/26/2019 , QC ,9,3,0,0
5/13/2019, 05/26/2019 , QC ,9,4,0,0
5/13/2019, 05/26/2019 , QC ,9,5,0,0
5/13/2019, 05/26/2019 , QC ,9,6,0,0
5/13/2019, 05/26/2019 , ENROLLMENT ,9,0,16,0
5/13/2019, 05/26/2019 , ENROLLMENT ,9,1,0,0
5/13/2019, 05/26/2019 , ENROLLMENT ,9,2,0,0
5/13/2019, 05/26/2019 , ENROLLMENT ,9,3,0,0
5/13/2019, 05/26/2019 , ENROLLMENT ,9,4,0,0
5/13/2019, 05/26/2019 , ENROLLMENT ,9,5,0,0
5/13/2019, 05/26/2019 , ENROLLMENT ,9,6,0,0
5/13/2019, 05/26/2019 , LINK_CLASSIFY ,9,0,44,0
5/13/2019, 05/26/2019 , LINK_CLASSIFY ,9,1,0,0
5/13/2019, 05/26/2019 , LINK_CLASSIFY ,9,2,0,0
5/13/2019, 05/26/2019 , LINK_CLASSIFY ,9,3,0,0
5/13/2019, 05/26/2019 , LINK_CLASSIFY ,9,4,0,0
5/13/2019, 05/26/2019 , LINK_CLASSIFY ,9,5,0,0
5/13/2019, 05/26/2019 , LINK_CLASSIFY ,9,6,0,0
5/13/2019, 05/26/2019 , DE_NEW_APP ,10,0,242,0
5/13/2019, 05/26/2019 , DE_NEW_APP ,10,1,62,0
5/13/2019, 05/26/2019 , DE_NEW_APP ,10,2,0,0
5/13/2019, 05/26/2019 , DE_NEW_APP ,10,3,0,0
5/13/2019, 05/26/2019 , DE_NEW_APP ,10,4,0,0
5/13/2019, 05/26/2019 , DE_NEW_APP ,10,5,0,0
5/13/2019, 05/26/2019 , DE_NEW_APP ,10,6,0,0
5/13/2019, 05/26/2019 , DE_APP_RENEWAL ,10,0,32,0
5/13/2019, 05/26/2019 , DE_APP_RENEWAL ,10,1,0,0
5/13/2019, 05/26/2019 , DE_APP_RENEWAL ,10,2,0,0
5/13/2019, 05/26/2019 , DE_APP_RENEWAL ,10,3,0,0
5/13/2019, 05/26/2019 , DE_APP_RENEWAL ,10,4,0,0
5/13/2019, 05/26/2019 , DE_APP_RENEWAL ,10,5,0,0
5/13/2019, 05/26/2019 , DE_APP_RENEWAL ,10,6,0,0
5/13/2019, 05/26/2019 , DE_APPEAL ,10,0,11,0
5/13/2019, 05/26/2019 , DE_APPEAL ,10,1,0,0
5/13/2019, 05/26/2019 , DE_APPEAL ,10,2,0,0
5/13/2019, 05/26/2019 , DE_APPEAL ,10,3,0,0
5/13/2019, 05/26/2019 , DE_APPEAL ,10,4,0,0
5/13/2019, 05/26/2019 , DE_APPEAL ,10,5,0,0
5/13/2019, 05/26/2019 , DE_APPEAL ,10,6,0,0
5/13/2019, 05/26/2019 , ELIG_NEW_APP ,10,0,239,0
5/13/2019, 05/26/2019 , ELIG_NEW_APP ,10,1,119,0
5/13/2019, 05/26/2019 , ELIG_NEW_APP ,10,2,0,0
5/13/2019, 05/26/2019 , ELIG_NEW_APP ,10,3,0,0
5/13/2019, 05/26/2019 , ELIG_NEW_APP ,10,4,0,0
5/13/2019, 05/26/2019 , ELIG_NEW_APP ,10,5,0,0
5/13/2019, 05/26/2019 , ELIG_NEW_APP ,10,6,0,0
5/13/2019, 05/26/2019 , ELIG_RENEWAL ,10,0,90,0
5/13/2019, 05/26/2019 , ELIG_RENEWAL ,10,1,0,0
5/13/2019, 05/26/2019 , ELIG_RENEWAL ,10,2,0,0
5/13/2019, 05/26/2019 , ELIG_RENEWAL ,10,3,0,0
5/13/2019, 05/26/2019 , ELIG_RENEWAL ,10,4,0,0
5/13/2019, 05/26/2019 , ELIG_RENEWAL ,10,5,0,0
5/13/2019, 05/26/2019 , ELIG_RENEWAL ,10,6,0,0
5/13/2019, 05/26/2019 , BATCH ,10,0,0,0
5/13/2019, 05/26/2019 , BATCH ,10,1,0,0
5/13/2019, 05/26/2019 , BATCH ,10,2,0,0
5/13/2019, 05/26/2019 , BATCH ,10,3,0,0
5/13/2019, 05/26/2019 , BATCH ,10,4,0,0
5/13/2019, 05/26/2019 , BATCH ,10,5,0,0
5/13/2019, 05/26/2019 , BATCH ,10,6,0,0
5/13/2019, 05/26/2019 , OTHER_INCOMING_DOCS ,10,0,0,0
5/13/2019, 05/26/2019 , OTHER_INCOMING_DOCS ,10,1,0,0
5/13/2019, 05/26/2019 , OTHER_INCOMING_DOCS ,10,2,0,0
5/13/2019, 05/26/2019 , OTHER_INCOMING_DOCS ,10,3,0,0
5/13/2019, 05/26/2019 , OTHER_INCOMING_DOCS ,10,4,0,0
5/13/2019, 05/26/2019 , OTHER_INCOMING_DOCS ,10,5,0,0
5/13/2019, 05/26/2019 , OTHER_INCOMING_DOCS ,10,6,0,0
5/13/2019, 05/26/2019 , QC ,10,0,37,0
5/13/2019, 05/26/2019 , QC ,10,1,0,0
5/13/2019, 05/26/2019 , QC ,10,2,0,0
5/13/2019, 05/26/2019 , QC ,10,3,0,0
5/13/2019, 05/26/2019 , QC ,10,4,0,0
5/13/2019, 05/26/2019 , QC ,10,5,0,0
5/13/2019, 05/26/2019 , QC ,10,6,0,0
5/13/2019, 05/26/2019 , ENROLLMENT ,10,0,11,0
5/13/2019, 05/26/2019 , ENROLLMENT ,10,1,0,0
5/13/2019, 05/26/2019 , ENROLLMENT ,10,2,0,0
5/13/2019, 05/26/2019 , ENROLLMENT ,10,3,0,0
5/13/2019, 05/26/2019 , ENROLLMENT ,10,4,0,0
5/13/2019, 05/26/2019 , ENROLLMENT ,10,5,0,0
5/13/2019, 05/26/2019 , ENROLLMENT ,10,6,0,0
5/13/2019, 05/26/2019 , LINK_CLASSIFY ,10,0,53,0
5/13/2019, 05/26/2019 , LINK_CLASSIFY ,10,1,0,0
5/13/2019, 05/26/2019 , LINK_CLASSIFY ,10,2,0,0
5/13/2019, 05/26/2019 , LINK_CLASSIFY ,10,3,0,0
5/13/2019, 05/26/2019 , LINK_CLASSIFY ,10,4,0,0
5/13/2019, 05/26/2019 , LINK_CLASSIFY ,10,5,0,0
5/13/2019, 05/26/2019 , LINK_CLASSIFY ,10,6,0,0
5/13/2019, 05/26/2019 , DE_NEW_APP ,11,0,227,0
5/13/2019, 05/26/2019 , DE_NEW_APP ,11,1,81,0
5/13/2019, 05/26/2019 , DE_NEW_APP ,11,2,0,0
5/13/2019, 05/26/2019 , DE_NEW_APP ,11,3,0,0
5/13/2019, 05/26/2019 , DE_NEW_APP ,11,4,0,0
5/13/2019, 05/26/2019 , DE_NEW_APP ,11,5,0,0
5/13/2019, 05/26/2019 , DE_NEW_APP ,11,6,0,0
5/13/2019, 05/26/2019 , DE_APP_RENEWAL ,11,0,29,0
5/13/2019, 05/26/2019 , DE_APP_RENEWAL ,11,1,0,0
5/13/2019, 05/26/2019 , DE_APP_RENEWAL ,11,2,0,0
5/13/2019, 05/26/2019 , DE_APP_RENEWAL ,11,3,0,0
5/13/2019, 05/26/2019 , DE_APP_RENEWAL ,11,4,0,0
5/13/2019, 05/26/2019 , DE_APP_RENEWAL ,11,5,0,0
5/13/2019, 05/26/2019 , DE_APP_RENEWAL ,11,6,0,0
5/13/2019, 05/26/2019 , DE_APPEAL ,11,0,5,0
5/13/2019, 05/26/2019 , DE_APPEAL ,11,1,0,0
5/13/2019, 05/26/2019 , DE_APPEAL ,11,2,0,0
5/13/2019, 05/26/2019 , DE_APPEAL ,11,3,0,0
5/13/2019, 05/26/2019 , DE_APPEAL ,11,4,0,0
5/13/2019, 05/26/2019 , DE_APPEAL ,11,5,0,0
5/13/2019, 05/26/2019 , DE_APPEAL ,11,6,0,0
5/13/2019, 05/26/2019 , ELIG_NEW_APP ,11,0,223,0
5/13/2019, 05/26/2019 , ELIG_NEW_APP ,11,1,117,0
5/13/2019, 05/26/2019 , ELIG_NEW_APP ,11,2,0,0
5/13/2019, 05/26/2019 , ELIG_NEW_APP ,11,3,0,0
5/13/2019, 05/26/2019 , ELIG_NEW_APP ,11,4,0,0
5/13/2019, 05/26/2019 , ELIG_NEW_APP ,11,5,0,0
5/13/2019, 05/26/2019 , ELIG_NEW_APP ,11,6,0,0
5/13/2019, 05/26/2019 , ELIG_RENEWAL ,11,0,93,0
5/13/2019, 05/26/2019 , ELIG_RENEWAL ,11,1,0,0
5/13/2019, 05/26/2019 , ELIG_RENEWAL ,11,2,0,0
5/13/2019, 05/26/2019 , ELIG_RENEWAL ,11,3,0,0
5/13/2019, 05/26/2019 , ELIG_RENEWAL ,11,4,0,0
5/13/2019, 05/26/2019 , ELIG_RENEWAL ,11,5,0,0
5/13/2019, 05/26/2019 , ELIG_RENEWAL ,11,6,0,0
5/13/2019, 05/26/2019 , BATCH ,11,0,0,0
5/13/2019, 05/26/2019 , BATCH ,11,1,0,0
5/13/2019, 05/26/2019 , BATCH ,11,2,0,0
5/13/2019, 05/26/2019 , BATCH ,11,3,0,0
5/13/2019, 05/26/2019 , BATCH ,11,4,0,0
5/13/2019, 05/26/2019 , BATCH ,11,5,0,0
5/13/2019, 05/26/2019 , BATCH ,11,6,0,0
5/13/2019, 05/26/2019 , OTHER_INCOMING_DOCS ,11,0,2,0
5/13/2019, 05/26/2019 , OTHER_INCOMING_DOCS ,11,1,0,0
5/13/2019, 05/26/2019 , OTHER_INCOMING_DOCS ,11,2,0,0
5/13/2019, 05/26/2019 , OTHER_INCOMING_DOCS ,11,3,0,0
5/13/2019, 05/26/2019 , OTHER_INCOMING_DOCS ,11,4,0,0
5/13/2019, 05/26/2019 , OTHER_INCOMING_DOCS ,11,5,0,0
5/13/2019, 05/26/2019 , OTHER_INCOMING_DOCS ,11,6,0,0
5/13/2019, 05/26/2019 , QC ,11,0,40,0
5/13/2019, 05/26/2019 , QC ,11,1,0,0
5/13/2019, 05/26/2019 , QC ,11,2,0,0
5/13/2019, 05/26/2019 , QC ,11,3,0,0
5/13/2019, 05/26/2019 , QC ,11,4,0,0
5/13/2019, 05/26/2019 , QC ,11,5,0,0
5/13/2019, 05/26/2019 , QC ,11,6,0,0
5/13/2019, 05/26/2019 , ENROLLMENT ,11,0,16,0
5/13/2019, 05/26/2019 , ENROLLMENT ,11,1,0,0
5/13/2019, 05/26/2019 , ENROLLMENT ,11,2,0,0
5/13/2019, 05/26/2019 , ENROLLMENT ,11,3,0,0
5/13/2019, 05/26/2019 , ENROLLMENT ,11,4,0,0
5/13/2019, 05/26/2019 , ENROLLMENT ,11,5,0,0
5/13/2019, 05/26/2019 , ENROLLMENT ,11,6,0,0
5/13/2019, 05/26/2019 , LINK_CLASSIFY ,11,0,49,0
5/13/2019, 05/26/2019 , LINK_CLASSIFY ,11,1,0,0
5/13/2019, 05/26/2019 , LINK_CLASSIFY ,11,2,0,0
5/13/2019, 05/26/2019 , LINK_CLASSIFY ,11,3,0,0
5/13/2019, 05/26/2019 , LINK_CLASSIFY ,11,4,0,0
5/13/2019, 05/26/2019 , LINK_CLASSIFY ,11,5,0,0
5/13/2019, 05/26/2019 , LINK_CLASSIFY ,11,6,0,0
5/13/2019, 05/26/2019 , DE_NEW_APP ,12,0,220,0
5/13/2019, 05/26/2019 , DE_NEW_APP ,12,1,89,0
5/13/2019, 05/26/2019 , DE_NEW_APP ,12,2,0,0
5/13/2019, 05/26/2019 , DE_NEW_APP ,12,3,0,0
5/13/2019, 05/26/2019 , DE_NEW_APP ,12,4,0,0
5/13/2019, 05/26/2019 , DE_NEW_APP ,12,5,0,0
5/13/2019, 05/26/2019 , DE_NEW_APP ,12,6,0,0
5/13/2019, 05/26/2019 , DE_APP_RENEWAL ,12,0,10,0
5/13/2019, 05/26/2019 , DE_APP_RENEWAL ,12,1,0,0
5/13/2019, 05/26/2019 , DE_APP_RENEWAL ,12,2,0,0
5/13/2019, 05/26/2019 , DE_APP_RENEWAL ,12,3,0,0
5/13/2019, 05/26/2019 , DE_APP_RENEWAL ,12,4,0,0
5/13/2019, 05/26/2019 , DE_APP_RENEWAL ,12,5,0,0
5/13/2019, 05/26/2019 , DE_APP_RENEWAL ,12,6,0,0
5/13/2019, 05/26/2019 , DE_APPEAL ,12,0,6,0
5/13/2019, 05/26/2019 , DE_APPEAL ,12,1,0,0
5/13/2019, 05/26/2019 , DE_APPEAL ,12,2,0,0
5/13/2019, 05/26/2019 , DE_APPEAL ,12,3,0,0
5/13/2019, 05/26/2019 , DE_APPEAL ,12,4,0,0
5/13/2019, 05/26/2019 , DE_APPEAL ,12,5,0,0
5/13/2019, 05/26/2019 , DE_APPEAL ,12,6,0,0
5/13/2019, 05/26/2019 , ELIG_NEW_APP ,12,0,219,0
5/13/2019, 05/26/2019 , ELIG_NEW_APP ,12,1,122,0
5/13/2019, 05/26/2019 , ELIG_NEW_APP ,12,2,0,0
5/13/2019, 05/26/2019 , ELIG_NEW_APP ,12,3,0,0
5/13/2019, 05/26/2019 , ELIG_NEW_APP ,12,4,0,0
5/13/2019, 05/26/2019 , ELIG_NEW_APP ,12,5,0,0
5/13/2019, 05/26/2019 , ELIG_NEW_APP ,12,6,0,0
5/13/2019, 05/26/2019 , ELIG_RENEWAL ,12,0,91,0
5/13/2019, 05/26/2019 , ELIG_RENEWAL ,12,1,0,0
5/13/2019, 05/26/2019 , ELIG_RENEWAL ,12,2,0,0
5/13/2019, 05/26/2019 , ELIG_RENEWAL ,12,3,0,0
5/13/2019, 05/26/2019 , ELIG_RENEWAL ,12,4,0,0
5/13/2019, 05/26/2019 , ELIG_RENEWAL ,12,5,0,0
5/13/2019, 05/26/2019 , ELIG_RENEWAL ,12,6,0,0
5/13/2019, 05/26/2019 , BATCH ,12,0,1,0
5/13/2019, 05/26/2019 , BATCH ,12,1,0,0
5/13/2019, 05/26/2019 , BATCH ,12,2,0,0
5/13/2019, 05/26/2019 , BATCH ,12,3,0,0
5/13/2019, 05/26/2019 , BATCH ,12,4,0,0
5/13/2019, 05/26/2019 , BATCH ,12,5,0,0
5/13/2019, 05/26/2019 , BATCH ,12,6,0,0
5/13/2019, 05/26/2019 , OTHER_INCOMING_DOCS ,12,0,2,0
5/13/2019, 05/26/2019 , OTHER_INCOMING_DOCS ,12,1,0,0
5/13/2019, 05/26/2019 , OTHER_INCOMING_DOCS ,12,2,0,0
5/13/2019, 05/26/2019 , OTHER_INCOMING_DOCS ,12,3,0,0
5/13/2019, 05/26/2019 , OTHER_INCOMING_DOCS ,12,4,0,0
5/13/2019, 05/26/2019 , OTHER_INCOMING_DOCS ,12,5,0,0
5/13/2019, 05/26/2019 , OTHER_INCOMING_DOCS ,12,6,0,0
5/13/2019, 05/26/2019 , QC ,12,0,52,0
5/13/2019, 05/26/2019 , QC ,12,1,0,0
5/13/2019, 05/26/2019 , QC ,12,2,0,0
5/13/2019, 05/26/2019 , QC ,12,3,0,0
5/13/2019, 05/26/2019 , QC ,12,4,0,0
5/13/2019, 05/26/2019 , QC ,12,5,0,0
5/13/2019, 05/26/2019 , QC ,12,6,0,0
5/13/2019, 05/26/2019 , ENROLLMENT ,12,0,11,0
5/13/2019, 05/26/2019 , ENROLLMENT ,12,1,0,0
5/13/2019, 05/26/2019 , ENROLLMENT ,12,2,0,0
5/13/2019, 05/26/2019 , ENROLLMENT ,12,3,0,0
5/13/2019, 05/26/2019 , ENROLLMENT ,12,4,0,0
5/13/2019, 05/26/2019 , ENROLLMENT ,12,5,0,0
5/13/2019, 05/26/2019 , ENROLLMENT ,12,6,0,0
5/13/2019, 05/26/2019 , LINK_CLASSIFY ,12,0,74,0
5/13/2019, 05/26/2019 , LINK_CLASSIFY ,12,1,0,0
5/13/2019, 05/26/2019 , LINK_CLASSIFY ,12,2,0,0
5/13/2019, 05/26/2019 , LINK_CLASSIFY ,12,3,0,0
5/13/2019, 05/26/2019 , LINK_CLASSIFY ,12,4,0,0
5/13/2019, 05/26/2019 , LINK_CLASSIFY ,12,5,0,0
5/13/2019, 05/26/2019 , LINK_CLASSIFY ,12,6,0,0
5/13/2019, 05/26/2019 , DE_NEW_APP ,13,0,220,0
5/13/2019, 05/26/2019 , DE_NEW_APP ,13,1,89,0
5/13/2019, 05/26/2019 , DE_NEW_APP ,13,2,0,0
5/13/2019, 05/26/2019 , DE_NEW_APP ,13,3,0,0
5/13/2019, 05/26/2019 , DE_NEW_APP ,13,4,0,0
5/13/2019, 05/26/2019 , DE_NEW_APP ,13,5,0,0
5/13/2019, 05/26/2019 , DE_NEW_APP ,13,6,0,0
5/13/2019, 05/26/2019 , DE_APP_RENEWAL ,13,0,0,0
5/13/2019, 05/26/2019 , DE_APP_RENEWAL ,13,1,10,0
5/13/2019, 05/26/2019 , DE_APP_RENEWAL ,13,2,0,0
5/13/2019, 05/26/2019 , DE_APP_RENEWAL ,13,3,0,0
5/13/2019, 05/26/2019 , DE_APP_RENEWAL ,13,4,0,0
5/13/2019, 05/26/2019 , DE_APP_RENEWAL ,13,5,0,0
5/13/2019, 05/26/2019 , DE_APP_RENEWAL ,13,6,0,0
5/13/2019, 05/26/2019 , DE_APPEAL ,13,0,0,0
5/13/2019, 05/26/2019 , DE_APPEAL ,13,1,6,0
5/13/2019, 05/26/2019 , DE_APPEAL ,13,2,0,0
5/13/2019, 05/26/2019 , DE_APPEAL ,13,3,0,0
5/13/2019, 05/26/2019 , DE_APPEAL ,13,4,0,0
5/13/2019, 05/26/2019 , DE_APPEAL ,13,5,0,0
5/13/2019, 05/26/2019 , DE_APPEAL ,13,6,0,0
5/13/2019, 05/26/2019 , ELIG_NEW_APP ,13,0,0,0
5/13/2019, 05/26/2019 , ELIG_NEW_APP ,13,1,219,0
5/13/2019, 05/26/2019 , ELIG_NEW_APP ,13,2,75,0
5/13/2019, 05/26/2019 , ELIG_NEW_APP ,13,3,0,0
5/13/2019, 05/26/2019 , ELIG_NEW_APP ,13,4,0,0
5/13/2019, 05/26/2019 , ELIG_NEW_APP ,13,5,0,0
5/13/2019, 05/26/2019 , ELIG_NEW_APP ,13,6,0,0
5/13/2019, 05/26/2019 , ELIG_RENEWAL ,13,0,0,0
5/13/2019, 05/26/2019 , ELIG_RENEWAL ,13,1,0,0
5/13/2019, 05/26/2019 , ELIG_RENEWAL ,13,2,0,0
5/13/2019, 05/26/2019 , ELIG_RENEWAL ,13,3,0,0
5/13/2019, 05/26/2019 , ELIG_RENEWAL ,13,4,0,0
5/13/2019, 05/26/2019 , ELIG_RENEWAL ,13,5,0,0
5/13/2019, 05/26/2019 , ELIG_RENEWAL ,13,6,0,0
5/13/2019, 05/26/2019 , BATCH ,13,0,0,0
5/13/2019, 05/26/2019 , BATCH ,13,1,0,0
5/13/2019, 05/26/2019 , BATCH ,13,2,0,0
5/13/2019, 05/26/2019 , BATCH ,13,3,0,0
5/13/2019, 05/26/2019 , BATCH ,13,4,0,0
5/13/2019, 05/26/2019 , BATCH ,13,5,0,0
5/13/2019, 05/26/2019 , BATCH ,13,6,0,0
5/13/2019, 05/26/2019 , OTHER_INCOMING_DOCS ,13,0,0,0
5/13/2019, 05/26/2019 , OTHER_INCOMING_DOCS ,13,1,2,0
5/13/2019, 05/26/2019 , OTHER_INCOMING_DOCS ,13,2,0,0
5/13/2019, 05/26/2019 , OTHER_INCOMING_DOCS ,13,3,0,0
5/13/2019, 05/26/2019 , OTHER_INCOMING_DOCS ,13,4,0,0
5/13/2019, 05/26/2019 , OTHER_INCOMING_DOCS ,13,5,0,0
5/13/2019, 05/26/2019 , OTHER_INCOMING_DOCS ,13,6,0,0
5/13/2019, 05/26/2019 , QC ,13,0,34,0
5/13/2019, 05/26/2019 , QC ,13,1,43,0
5/13/2019, 05/26/2019 , QC ,13,2,0,0
5/13/2019, 05/26/2019 , QC ,13,3,0,0
5/13/2019, 05/26/2019 , QC ,13,4,0,0
5/13/2019, 05/26/2019 , QC ,13,5,0,0
5/13/2019, 05/26/2019 , QC ,13,6,0,0
5/13/2019, 05/26/2019 , ENROLLMENT ,13,0,0,0
5/13/2019, 05/26/2019 , ENROLLMENT ,13,1,11,0
5/13/2019, 05/26/2019 , ENROLLMENT ,13,2,0,0
5/13/2019, 05/26/2019 , ENROLLMENT ,13,3,0,0
5/13/2019, 05/26/2019 , ENROLLMENT ,13,4,0,0
5/13/2019, 05/26/2019 , ENROLLMENT ,13,5,0,0
5/13/2019, 05/26/2019 , ENROLLMENT ,13,6,0,0
5/13/2019, 05/26/2019 , LINK_CLASSIFY ,13,0,1,0
5/13/2019, 05/26/2019 , LINK_CLASSIFY ,13,1,74,0
5/13/2019, 05/26/2019 , LINK_CLASSIFY ,13,2,0,0
5/13/2019, 05/26/2019 , LINK_CLASSIFY ,13,3,0,0
5/13/2019, 05/26/2019 , LINK_CLASSIFY ,13,4,0,0
5/13/2019, 05/26/2019 , LINK_CLASSIFY ,13,5,0,0
5/13/2019, 05/26/2019 , LINK_CLASSIFY ,13,6,0,0
5/13/2019, 05/26/2019 , DE_NEW_APP ,14,0,220,0
5/13/2019, 05/26/2019 , DE_NEW_APP ,14,1,89,0
5/13/2019, 05/26/2019 , DE_NEW_APP ,14,2,0,0
5/13/2019, 05/26/2019 , DE_NEW_APP ,14,3,0,0
5/13/2019, 05/26/2019 , DE_NEW_APP ,14,4,0,0
5/13/2019, 05/26/2019 , DE_NEW_APP ,14,5,0,0
5/13/2019, 05/26/2019 , DE_NEW_APP ,14,6,0,0
5/13/2019, 05/26/2019 , DE_APP_RENEWAL ,14,0,0,0
5/13/2019, 05/26/2019 , DE_APP_RENEWAL ,14,1,10,0
5/13/2019, 05/26/2019 , DE_APP_RENEWAL ,14,2,0,0
5/13/2019, 05/26/2019 , DE_APP_RENEWAL ,14,3,0,0
5/13/2019, 05/26/2019 , DE_APP_RENEWAL ,14,4,0,0
5/13/2019, 05/26/2019 , DE_APP_RENEWAL ,14,5,0,0
5/13/2019, 05/26/2019 , DE_APP_RENEWAL ,14,6,0,0
5/13/2019, 05/26/2019 , DE_APPEAL ,14,0,0,0
5/13/2019, 05/26/2019 , DE_APPEAL ,14,1,6,0
5/13/2019, 05/26/2019 , DE_APPEAL ,14,2,0,0
5/13/2019, 05/26/2019 , DE_APPEAL ,14,3,0,0
5/13/2019, 05/26/2019 , DE_APPEAL ,14,4,0,0
5/13/2019, 05/26/2019 , DE_APPEAL ,14,5,0,0
5/13/2019, 05/26/2019 , DE_APPEAL ,14,6,0,0
5/13/2019, 05/26/2019 , ELIG_NEW_APP ,14,0,0,0
5/13/2019, 05/26/2019 , ELIG_NEW_APP ,14,1,219,0
5/13/2019, 05/26/2019 , ELIG_NEW_APP ,14,2,75,0
5/13/2019, 05/26/2019 , ELIG_NEW_APP ,14,3,0,0
5/13/2019, 05/26/2019 , ELIG_NEW_APP ,14,4,0,0
5/13/2019, 05/26/2019 , ELIG_NEW_APP ,14,5,0,0
5/13/2019, 05/26/2019 , ELIG_NEW_APP ,14,6,0,0
5/13/2019, 05/26/2019 , ELIG_RENEWAL ,14,0,0,0
5/13/2019, 05/26/2019 , ELIG_RENEWAL ,14,1,0,0
5/13/2019, 05/26/2019 , ELIG_RENEWAL ,14,2,0,0
5/13/2019, 05/26/2019 , ELIG_RENEWAL ,14,3,0,0
5/13/2019, 05/26/2019 , ELIG_RENEWAL ,14,4,0,0
5/13/2019, 05/26/2019 , ELIG_RENEWAL ,14,5,0,0
5/13/2019, 05/26/2019 , ELIG_RENEWAL ,14,6,0,0
5/13/2019, 05/26/2019 , BATCH ,14,0,0,0
5/13/2019, 05/26/2019 , BATCH ,14,1,0,0
5/13/2019, 05/26/2019 , BATCH ,14,2,0,0
5/13/2019, 05/26/2019 , BATCH ,14,3,0,0
5/13/2019, 05/26/2019 , BATCH ,14,4,0,0
5/13/2019, 05/26/2019 , BATCH ,14,5,0,0
5/13/2019, 05/26/2019 , BATCH ,14,6,0,0
5/13/2019, 05/26/2019 , OTHER_INCOMING_DOCS ,14,0,0,0
5/13/2019, 05/26/2019 , OTHER_INCOMING_DOCS ,14,1,2,0
5/13/2019, 05/26/2019 , OTHER_INCOMING_DOCS ,14,2,0,0
5/13/2019, 05/26/2019 , OTHER_INCOMING_DOCS ,14,3,0,0
5/13/2019, 05/26/2019 , OTHER_INCOMING_DOCS ,14,4,0,0
5/13/2019, 05/26/2019 , OTHER_INCOMING_DOCS ,14,5,0,0
5/13/2019, 05/26/2019 , OTHER_INCOMING_DOCS ,14,6,0,0
5/13/2019, 05/26/2019 , QC ,14,0,34,0
5/13/2019, 05/26/2019 , QC ,14,1,43,0
5/13/2019, 05/26/2019 , QC ,14,2,0,0
5/13/2019, 05/26/2019 , QC ,14,3,0,0
5/13/2019, 05/26/2019 , QC ,14,4,0,0
5/13/2019, 05/26/2019 , QC ,14,5,0,0
5/13/2019, 05/26/2019 , QC ,14,6,0,0
5/13/2019, 05/26/2019 , ENROLLMENT ,14,0,0,0
5/13/2019, 05/26/2019 , ENROLLMENT ,14,1,11,0
5/13/2019, 05/26/2019 , ENROLLMENT ,14,2,0,0
5/13/2019, 05/26/2019 , ENROLLMENT ,14,3,0,0
5/13/2019, 05/26/2019 , ENROLLMENT ,14,4,0,0
5/13/2019, 05/26/2019 , ENROLLMENT ,14,5,0,0
5/13/2019, 05/26/2019 , ENROLLMENT ,14,6,0,0
5/13/2019, 05/26/2019 , LINK_CLASSIFY ,14,0,1,0
5/13/2019, 05/26/2019 , LINK_CLASSIFY ,14,1,74,0
5/13/2019, 05/26/2019 , LINK_CLASSIFY ,14,2,0,0
5/13/2019, 05/26/2019 , LINK_CLASSIFY ,14,3,0,0
5/13/2019, 05/26/2019 , LINK_CLASSIFY ,14,4,0,0
5/13/2019, 05/26/2019 , LINK_CLASSIFY ,14,5,0,0
5/13/2019, 05/26/2019 , LINK_CLASSIFY ,14,6,0,0
