QUEUE_NUMBER,QUEUE_NAME,UNIT_OF_WORK_NAME,SERVICE_PERCENT,SERVICE_SECONDS,INTERVAL_MINUTES,QUEUE_TYPE,PROJECT_NAME,PROGRAM_NAME,SITE_NAME,REGION_NAME,STATE_NAME,PROVINCE_NAME,DISTRICT_NAME,COUNTRY_NAME,RECORD_EFF_DT,RECORD_END_DT
5011,THS_INBOUND,N/A,N/A,N/A,30,N/A,TX Enrollment Broker,THS,Austin,Central,Texas,N/A,N/A,USA,1/1/1900,12/31/2999
5012,EBS_INBOUND,N/A,N/A,N/A,30,N/A,TX Enrollment Broker,EB,Austin,Central,Texas,N/A,N/A,USA,1/1/1900,12/31/2999
5014,THS_SUPV,N/A,N/A,N/A,30,N/A,TX Enrollment Broker,THS,Austin,Central,Texas,N/A,N/A,USA,1/1/1900,12/31/2999
5015,EBS_SUPV,N/A,N/A,N/A,30,N/A,TX Enrollment Broker,EB,Austin,Central,Texas,N/A,N/A,USA,1/1/1900,12/31/2999
5017,THS_TRANSFER,N/A,N/A,N/A,30,N/A,TX Enrollment Broker,THS,Austin,Central,Texas,N/A,N/A,USA,1/1/1900,12/31/2999
5020,EBS_OUTBOUND,N/A,N/A,N/A,30,N/A,TX Enrollment Broker,EB,Austin,Central,Texas,N/A,N/A,USA,1/1/1900,12/31/2999
5021,THS_OUTBOUND,N/A,N/A,N/A,30,N/A,TX Enrollment Broker,THS,Austin,Central,Texas,N/A,N/A,USA,1/1/1900,12/31/2999
5022,EBS_TRANSFER,N/A,N/A,N/A,30,N/A,TX Enrollment Broker,EB,Austin,Central,Texas,N/A,N/A,USA,1/1/1900,12/31/2999
5025,THS_EN,N/A,N/A,N/A,30,N/A,TX Enrollment Broker,THS,Austin,Central,Texas,N/A,N/A,USA,1/1/1900,12/31/2999
5026,THS_SP,N/A,N/A,N/A,30,N/A,TX Enrollment Broker,THS,Austin,Central,Texas,N/A,N/A,USA,1/1/1900,12/31/2999
5027,THS_OUTREACH,N/A,N/A,N/A,30,N/A,TX Enrollment Broker,THS,Austin,Central,Texas,N/A,N/A,USA,1/1/1900,12/31/2999
5028,THS_EMPIRIX,N/A,N/A,N/A,30,N/A,TX Enrollment Broker,THS,Austin,Central,Texas,N/A,N/A,USA,1/1/1900,12/31/2999
5050,THS_INB_EN_Q,THS FREW ENG,98.5,15,30,Inbound,TX Enrollment Broker,THS,Austin,Central,Texas,N/A,N/A,USA,1/1/1900,12/31/2999
5051,THS_INB_EN_VM,THS ENG VM,N/A,N/A,30,Inbound,TX Enrollment Broker,THS,Austin,Central,Texas,N/A,N/A,USA,1/1/1900,12/31/2999
5052,THS_INB_OUTREACH_Q,THS OUTREACH,N/A,N/A,30,Inbound,TX Enrollment Broker,THS,Austin,Central,Texas,N/A,N/A,USA,1/1/1900,12/31/2999
5053,THS_INB_Rotary,N/A,N/A,N/A,30,N/A,TX Enrollment Broker,THS,Austin,Central,Texas,N/A,N/A,USA,1/1/1900,12/31/2999
5054,THS_END_SS,N/A,N/A,N/A,30,N/A,TX Enrollment Broker,THS,Austin,Central,Texas,N/A,N/A,USA,1/1/1900,12/31/2999
5055,THS_INB_SP_Q,THS FREW SPN,98.5,15,30,Inbound,TX Enrollment Broker,THS,Austin,Central,Texas,N/A,N/A,USA,1/1/1900,12/31/2999
5056,THS_INB_SP_VM,THS SPN VM,N/A,N/A,30,Inbound,TX Enrollment Broker,THS,Austin,Central,Texas,N/A,N/A,USA,1/1/1900,12/31/2999
5057,THS_INB_EXT,N/A,N/A,N/A,30,N/A,TX Enrollment Broker,THS,Austin,Central,Texas,N/A,N/A,USA,1/1/1900,12/31/2999
5084,IEES_211_INB_EBS,N/A,N/A,N/A,30,N/A,TX Enrollment Broker,EB,Austin,Central,Texas,N/A,N/A,USA,1/1/1900,12/31/2999
5086,IEES_211_INB_THS,N/A,N/A,N/A,30,N/A,TX Enrollment Broker,THS,Austin,Central,Texas,N/A,N/A,USA,1/1/1900,12/31/2999
5094,CHIP_INB_EN_ENROLL_Q,CHIP FREW ENG,90,90,30,Inbound,TX Enrollment Broker,CHIP,Austin,Central,Texas,N/A,N/A,USA,1/1/1900,12/31/2999
5102,CHIP_INB_SP_ENROLL_Q,CHIP FREW SPN,90,90,30,Inbound,TX Enrollment Broker,CHIP,Austin,Central,Texas,N/A,N/A,USA,1/1/1900,12/31/2999
5132,THS_INB_DEFAULT,N/A,N/A,N/A,30,N/A,TX Enrollment Broker,THS,Austin,Central,Texas,N/A,N/A,USA,1/1/1900,12/31/2999
5133,THS_INB_DN_5125335091,N/A,N/A,N/A,30,N/A,TX Enrollment Broker,THS,Austin,Central,Texas,N/A,N/A,USA,1/1/1900,12/31/2999
5134,THS_INB_DN_8667788537,N/A,N/A,N/A,30,N/A,TX Enrollment Broker,THS,Austin,Central,Texas,N/A,N/A,USA,1/1/1900,12/31/2999
5135,THS_INB_DN_8778478377,N/A,N/A,N/A,30,N/A,TX Enrollment Broker,THS,Austin,Central,Texas,N/A,N/A,USA,1/1/1900,12/31/2999
5137,THS_INB_DN_DEFAULT,N/A,N/A,N/A,30,N/A,TX Enrollment Broker,THS,Austin,Central,Texas,N/A,N/A,USA,1/1/1900,12/31/2999
5138,THS_INB_IVR_APP,N/A,N/A,N/A,30,N/A,TX Enrollment Broker,THS,Austin,Central,Texas,N/A,N/A,USA,1/1/1900,12/31/2999
5139,EBS_INB_DN_5125335090,N/A,N/A,N/A,30,N/A,TX Enrollment Broker,EB,Austin,Central,Texas,N/A,N/A,USA,1/1/1900,12/31/2999
5140,EBS_INB_DN_8009642777,N/A,N/A,N/A,30,N/A,TX Enrollment Broker,EB,Austin,Central,Texas,N/A,N/A,USA,1/1/1900,12/31/2999
5141,EBS_INB_DN_8666131134,N/A,N/A,N/A,30,N/A,TX Enrollment Broker,EB,Austin,Central,Texas,N/A,N/A,USA,1/1/1900,12/31/2999
5142,EBS_INB_DN_8667788536,N/A,N/A,N/A,30,N/A,TX Enrollment Broker,EB,Austin,Central,Texas,N/A,N/A,USA,1/1/1900,12/31/2999
5143,EBS_INB_DN_8884850808,N/A,N/A,N/A,30,N/A,TX Enrollment Broker,EB,Austin,Central,Texas,N/A,N/A,USA,1/1/1900,12/31/2999
5144,EBS_INB_IVR_APP,N/A,N/A,N/A,30,N/A,TX Enrollment Broker,EB,Austin,Central,Texas,N/A,N/A,USA,1/1/1900,12/31/2999
5145,EBS_INB_EN_Q,EB NONFREW ENG,90,90,30,Inbound,TX Enrollment Broker,EB,Austin,Central,Texas,N/A,N/A,USA,1/1/1900,12/31/2999
5146,EBS_INB_SP_Q,EB NONFREW SPN,90,90,30,Inbound,TX Enrollment Broker,EB,Austin,Central,Texas,N/A,N/A,USA,1/1/1900,12/31/2999
5147,EBS_INB_OUTREACH_Q,EB OUTREACH,N/A,N/A,30,Inbound,TX Enrollment Broker,EB,Austin,Central,Texas,N/A,N/A,USA,1/1/1900,12/31/2999
5148,EBS_INB_END_SS,N/A,N/A,N/A,30,N/A,TX Enrollment Broker,EB,Austin,Central,Texas,N/A,N/A,USA,1/1/1900,12/31/2999
5149,EBS_INB_EN_VM,N/A,N/A,N/A,30,N/A,TX Enrollment Broker,EB,Austin,Central,Texas,N/A,N/A,USA,1/1/1900,12/31/2999
5150,EBS_INB_Default,N/A,N/A,N/A,30,N/A,TX Enrollment Broker,EB,Austin,Central,Texas,N/A,N/A,USA,1/1/1900,12/31/2999
5151,EBS_INB_EXT,N/A,N/A,N/A,30,N/A,TX Enrollment Broker,EB,Austin,Central,Texas,N/A,N/A,USA,1/1/1900,12/31/2999
5152,EBS_INB_FW_Rotary,N/A,N/A,N/A,30,N/A,TX Enrollment Broker,EB,Austin,Central,Texas,N/A,N/A,USA,1/1/1900,12/31/2999
5153,EBS_INB_SP_VM,N/A,N/A,N/A,30,N/A,TX Enrollment Broker,EB,Austin,Central,Texas,N/A,N/A,USA,1/1/1900,12/31/2999
5186,THS_INBOUND_TEST,N/A,N/A,N/A,30,N/A,TX Enrollment Broker,THS,Austin,Central,Texas,N/A,N/A,USA,1/1/1900,12/31/2999
5187,EBS_INBOUND_TEST,N/A,N/A,N/A,30,N/A,TX Enrollment Broker,EB,Austin,Central,Texas,N/A,N/A,USA,1/1/1900,12/31/2999
5188,EBS_INB_PROVIDER_Q,EB PROVIDER,0,0,30,Inbound,TX Enrollment Broker,EB,Austin,Central,Texas,N/A,N/A,USA,1/1/1900,12/31/2999
5189,EBS_INB_DN_Default,N/A,N/A,N/A,30,N/A,TX Enrollment Broker,EB,Austin,Central,Texas,N/A,N/A,USA,1/1/1900,12/31/2999
5190,EBS_INB_EN_OTHER_PROG,N/A,N/A,N/A,30,N/A,TX Enrollment Broker,EB,Austin,Central,Texas,N/A,N/A,USA,1/1/1900,12/31/2999
5191,EBS_INB_LANG,N/A,N/A,N/A,30,N/A,TX Enrollment Broker,EB,Austin,Central,Texas,N/A,N/A,USA,1/1/1900,12/31/2999
5192,EBS_INB_SP_OTHER_PROG,N/A,N/A,N/A,30,N/A,TX Enrollment Broker,EB,Austin,Central,Texas,N/A,N/A,USA,1/1/1900,12/31/2999
5197,CHIP_INB_PROVIDER_Q,CHIP PROVIDER,0,0,30,Inbound,TX Enrollment Broker,CHIP,Austin,Central,Texas,N/A,N/A,USA,1/1/1900,12/31/2999
5204,EBS_INB_EN_NSTAR,N/A,N/A,N/A,30,N/A,TX Enrollment Broker,EB,Austin,Central,Texas,N/A,N/A,USA,1/1/1900,12/31/2999
5205,EBS_INB_EN_STAR,N/A,N/A,N/A,30,N/A,TX Enrollment Broker,EB,Austin,Central,Texas,N/A,N/A,USA,1/1/1900,12/31/2999
5206,EBS_INB_EN_STARPLUS,N/A,N/A,N/A,30,N/A,TX Enrollment Broker,EB,Austin,Central,Texas,N/A,N/A,USA,1/1/1900,12/31/2999
5207,EBS_INB_EN_TP40,N/A,N/A,N/A,30,N/A,TX Enrollment Broker,EB,Austin,Central,Texas,N/A,N/A,USA,1/1/1900,12/31/2999
5208,EBS_INB_SP_NSTAR,N/A,N/A,N/A,30,N/A,TX Enrollment Broker,EB,Austin,Central,Texas,N/A,N/A,USA,1/1/1900,12/31/2999
5209,EBS_INB_SP_STAR,N/A,N/A,N/A,30,N/A,TX Enrollment Broker,EB,Austin,Central,Texas,N/A,N/A,USA,1/1/1900,12/31/2999
5210,EBS_INB_SP_STARPLUS,N/A,N/A,N/A,30,N/A,TX Enrollment Broker,EB,Austin,Central,Texas,N/A,N/A,USA,1/1/1900,12/31/2999
5211,EBS_INB_SP_TP40,N/A,N/A,N/A,30,N/A,TX Enrollment Broker,EB,Austin,Central,Texas,N/A,N/A,USA,1/1/1900,12/31/2999
5228,TXHeart_EN_EBINFO,N/A,N/A,N/A,30,N/A,TX Enrollment Broker,EB,Austin,Central,Texas,N/A,N/A,USA,1/1/1900,12/31/2999
5232,TXHeart_SP_EBINFO,N/A,N/A,N/A,30,N/A,TX Enrollment Broker,EB,Austin,Central,Texas,N/A,N/A,USA,1/1/1900,12/31/2999
5248,CHIP_XFER_SUPERVISOR_GBL_Q,CHIP SUPERVISOR,0,0,30,Inbound,TX Enrollment Broker,CHIP,Austin,Central,Texas,N/A,N/A,USA,1/1/1900,12/31/2999
5249,EBS_INB_EN_HEALTH,N/A,N/A,N/A,30,N/A,TX Enrollment Broker,EB,Austin,Central,Texas,N/A,N/A,USA,1/1/1900,12/31/2999
5250,EBS_INB_EN_HEALTH_ADDR,N/A,N/A,N/A,30,N/A,TX Enrollment Broker,EB,Austin,Central,Texas,N/A,N/A,USA,1/1/1900,12/31/2999
5251,EBS_INB_EN_HEALTH_MTP,N/A,N/A,N/A,30,N/A,TX Enrollment Broker,EB,Austin,Central,Texas,N/A,N/A,USA,1/1/1900,12/31/2999
5252,EBS_INB_EN_HEALTH_OTHER,N/A,N/A,N/A,30,N/A,TX Enrollment Broker,EB,Austin,Central,Texas,N/A,N/A,USA,1/1/1900,12/31/2999
5253,EBS_INB_EN_HEALTH_PCP,N/A,N/A,N/A,30,N/A,TX Enrollment Broker,EB,Austin,Central,Texas,N/A,N/A,USA,1/1/1900,12/31/2999
5254,EBS_INB_EN_ICM,N/A,N/A,N/A,30,N/A,TX Enrollment Broker,EB,Austin,Central,Texas,N/A,N/A,USA,1/1/1900,12/31/2999
5255,EBS_INB_EN_ICM_ADDR,N/A,N/A,N/A,30,N/A,TX Enrollment Broker,EB,Austin,Central,Texas,N/A,N/A,USA,1/1/1900,12/31/2999
5256,EBS_INB_EN_ICM_MTP,N/A,N/A,N/A,30,N/A,TX Enrollment Broker,EB,Austin,Central,Texas,N/A,N/A,USA,1/1/1900,12/31/2999
5257,EBS_INB_EN_ICM_OTHER,N/A,N/A,N/A,30,N/A,TX Enrollment Broker,EB,Austin,Central,Texas,N/A,N/A,USA,1/1/1900,12/31/2999
5258,EBS_INB_EN_ICM_PCP,N/A,N/A,N/A,30,N/A,TX Enrollment Broker,EB,Austin,Central,Texas,N/A,N/A,USA,1/1/1900,12/31/2999
5259,EBS_INB_EN_NSTAR_ADDR,N/A,N/A,N/A,30,N/A,TX Enrollment Broker,EB,Austin,Central,Texas,N/A,N/A,USA,1/1/1900,12/31/2999
5260,EBS_INB_EN_NSTAR_MTP,N/A,N/A,N/A,30,N/A,TX Enrollment Broker,EB,Austin,Central,Texas,N/A,N/A,USA,1/1/1900,12/31/2999
5261,EBS_INB_EN_NSTAR_OTHER,N/A,N/A,N/A,30,N/A,TX Enrollment Broker,EB,Austin,Central,Texas,N/A,N/A,USA,1/1/1900,12/31/2999
5262,EBS_INB_EN_NSTAR_PCP,N/A,N/A,N/A,30,N/A,TX Enrollment Broker,EB,Austin,Central,Texas,N/A,N/A,USA,1/1/1900,12/31/2999
5263,EBS_INB_EN_STAR_ADDR,N/A,N/A,N/A,30,N/A,TX Enrollment Broker,EB,Austin,Central,Texas,N/A,N/A,USA,1/1/1900,12/31/2999
5264,EBS_INB_EN_STAR_MTP,N/A,N/A,N/A,30,N/A,TX Enrollment Broker,EB,Austin,Central,Texas,N/A,N/A,USA,1/1/1900,12/31/2999
5265,EBS_INB_EN_STAR_OTHER,N/A,N/A,N/A,30,N/A,TX Enrollment Broker,EB,Austin,Central,Texas,N/A,N/A,USA,1/1/1900,12/31/2999
5266,EBS_INB_EN_STAR_PCP,N/A,N/A,N/A,30,N/A,TX Enrollment Broker,EB,Austin,Central,Texas,N/A,N/A,USA,1/1/1900,12/31/2999
5267,EBS_INB_EN_STARPLUS_ADDR,N/A,N/A,N/A,30,N/A,TX Enrollment Broker,EB,Austin,Central,Texas,N/A,N/A,USA,1/1/1900,12/31/2999
5268,EBS_INB_EN_STARPLUS_MTP,N/A,N/A,N/A,30,N/A,TX Enrollment Broker,EB,Austin,Central,Texas,N/A,N/A,USA,1/1/1900,12/31/2999
5269,EBS_INB_EN_STARPLUS_OTHER,N/A,N/A,N/A,30,N/A,TX Enrollment Broker,EB,Austin,Central,Texas,N/A,N/A,USA,1/1/1900,12/31/2999
5270,EBS_INB_EN_STARPLUS_PCP,N/A,N/A,N/A,30,N/A,TX Enrollment Broker,EB,Austin,Central,Texas,N/A,N/A,USA,1/1/1900,12/31/2999
5271,EBS_INB_EN_TP40_ADDR,N/A,N/A,N/A,30,N/A,TX Enrollment Broker,EB,Austin,Central,Texas,N/A,N/A,USA,1/1/1900,12/31/2999
5272,EBS_INB_EN_TP40_MTP,N/A,N/A,N/A,30,N/A,TX Enrollment Broker,EB,Austin,Central,Texas,N/A,N/A,USA,1/1/1900,12/31/2999
5273,EBS_INB_EN_TP40_OTHER,N/A,N/A,N/A,30,N/A,TX Enrollment Broker,EB,Austin,Central,Texas,N/A,N/A,USA,1/1/1900,12/31/2999
5274,EBS_INB_EN_TP40_PCP,N/A,N/A,N/A,30,N/A,TX Enrollment Broker,EB,Austin,Central,Texas,N/A,N/A,USA,1/1/1900,12/31/2999
5275,EBS_INB_SP_HEALTH,N/A,N/A,N/A,30,N/A,TX Enrollment Broker,EB,Austin,Central,Texas,N/A,N/A,USA,1/1/1900,12/31/2999
5276,EBS_INB_SP_HEALTH_ADDR,N/A,N/A,N/A,30,N/A,TX Enrollment Broker,EB,Austin,Central,Texas,N/A,N/A,USA,1/1/1900,12/31/2999
5277,EBS_INB_SP_HEALTH_MTP,N/A,N/A,N/A,30,N/A,TX Enrollment Broker,EB,Austin,Central,Texas,N/A,N/A,USA,1/1/1900,12/31/2999
5278,EBS_INB_SP_HEALTH_OTHER,N/A,N/A,N/A,30,N/A,TX Enrollment Broker,EB,Austin,Central,Texas,N/A,N/A,USA,1/1/1900,12/31/2999
5279,EBS_INB_SP_HEALTH_PCP,N/A,N/A,N/A,30,N/A,TX Enrollment Broker,EB,Austin,Central,Texas,N/A,N/A,USA,1/1/1900,12/31/2999
5280,EBS_INB_SP_ICM,N/A,N/A,N/A,30,N/A,TX Enrollment Broker,EB,Austin,Central,Texas,N/A,N/A,USA,1/1/1900,12/31/2999
5281,EBS_INB_SP_ICM_ADDR,N/A,N/A,N/A,30,N/A,TX Enrollment Broker,EB,Austin,Central,Texas,N/A,N/A,USA,1/1/1900,12/31/2999
5282,EBS_INB_SP_ICM_MTP,N/A,N/A,N/A,30,N/A,TX Enrollment Broker,EB,Austin,Central,Texas,N/A,N/A,USA,1/1/1900,12/31/2999
5283,EBS_INB_SP_ICM_OTHER,N/A,N/A,N/A,30,N/A,TX Enrollment Broker,EB,Austin,Central,Texas,N/A,N/A,USA,1/1/1900,12/31/2999
5284,EBS_INB_SP_ICM_PCP,N/A,N/A,N/A,30,N/A,TX Enrollment Broker,EB,Austin,Central,Texas,N/A,N/A,USA,1/1/1900,12/31/2999
5285,EBS_INB_SP_NSTAR_ADDR,N/A,N/A,N/A,30,N/A,TX Enrollment Broker,EB,Austin,Central,Texas,N/A,N/A,USA,1/1/1900,12/31/2999
5286,EBS_INB_SP_NSTAR_MTP,N/A,N/A,N/A,30,N/A,TX Enrollment Broker,EB,Austin,Central,Texas,N/A,N/A,USA,1/1/1900,12/31/2999
5287,EBS_INB_SP_NSTAR_OTHER,N/A,N/A,N/A,30,N/A,TX Enrollment Broker,EB,Austin,Central,Texas,N/A,N/A,USA,1/1/1900,12/31/2999
5288,EBS_INB_SP_NSTAR_PCP,N/A,N/A,N/A,30,N/A,TX Enrollment Broker,EB,Austin,Central,Texas,N/A,N/A,USA,1/1/1900,12/31/2999
5289,EBS_INB_SP_STAR_ADDR,N/A,N/A,N/A,30,N/A,TX Enrollment Broker,EB,Austin,Central,Texas,N/A,N/A,USA,1/1/1900,12/31/2999
5290,EBS_INB_SP_STAR_MTP,N/A,N/A,N/A,30,N/A,TX Enrollment Broker,EB,Austin,Central,Texas,N/A,N/A,USA,1/1/1900,12/31/2999
5291,EBS_INB_SP_STAR_OTHER,N/A,N/A,N/A,30,N/A,TX Enrollment Broker,EB,Austin,Central,Texas,N/A,N/A,USA,1/1/1900,12/31/2999
5292,EBS_INB_SP_STAR_PCP,N/A,N/A,N/A,30,N/A,TX Enrollment Broker,EB,Austin,Central,Texas,N/A,N/A,USA,1/1/1900,12/31/2999
5293,EBS_INB_SP_STARPLUS_ADDR,N/A,N/A,N/A,30,N/A,TX Enrollment Broker,EB,Austin,Central,Texas,N/A,N/A,USA,1/1/1900,12/31/2999
5294,EBS_INB_SP_STARPLUS_MTP,N/A,N/A,N/A,30,N/A,TX Enrollment Broker,EB,Austin,Central,Texas,N/A,N/A,USA,1/1/1900,12/31/2999
5295,EBS_INB_SP_STARPLUS_OTHER,N/A,N/A,N/A,30,N/A,TX Enrollment Broker,EB,Austin,Central,Texas,N/A,N/A,USA,1/1/1900,12/31/2999
5296,EBS_INB_SP_STARPLUS_PCP,N/A,N/A,N/A,30,N/A,TX Enrollment Broker,EB,Austin,Central,Texas,N/A,N/A,USA,1/1/1900,12/31/2999
5297,EBS_INB_SP_TP40_ADDR,N/A,N/A,N/A,30,N/A,TX Enrollment Broker,EB,Austin,Central,Texas,N/A,N/A,USA,1/1/1900,12/31/2999
5298,EBS_INB_SP_TP40_MTP,N/A,N/A,N/A,30,N/A,TX Enrollment Broker,EB,Austin,Central,Texas,N/A,N/A,USA,1/1/1900,12/31/2999
5299,EBS_INB_SP_TP40_OTHER,N/A,N/A,N/A,30,N/A,TX Enrollment Broker,EB,Austin,Central,Texas,N/A,N/A,USA,1/1/1900,12/31/2999
5300,EBS_INB_SP_TP40_PCP,N/A,N/A,N/A,30,N/A,TX Enrollment Broker,EB,Austin,Central,Texas,N/A,N/A,USA,1/1/1900,12/31/2999
5301,EBS_INB_ERROR,N/A,N/A,N/A,30,N/A,TX Enrollment Broker,EB,Austin,Central,Texas,N/A,N/A,USA,1/1/1900,12/31/2999
5302,EBS_INB_EN_Default,N/A,N/A,N/A,30,N/A,TX Enrollment Broker,EB,Austin,Central,Texas,N/A,N/A,USA,1/1/1900,12/31/2999
5303,EBS_INB_SP_Default,N/A,N/A,N/A,30,N/A,TX Enrollment Broker,EB,Austin,Central,Texas,N/A,N/A,USA,1/1/1900,12/31/2999
5304,EBS_INB_EN_HEALTH_VM,N/A,N/A,N/A,30,N/A,TX Enrollment Broker,EB,Austin,Central,Texas,N/A,N/A,USA,1/1/1900,12/31/2999
5305,EBS_INB_EN_ICMVM,N/A,N/A,N/A,30,N/A,TX Enrollment Broker,EB,Austin,Central,Texas,N/A,N/A,USA,1/1/1900,12/31/2999
5306,EBS_INB_SP_HEALTH_VM,N/A,N/A,N/A,30,N/A,TX Enrollment Broker,EB,Austin,Central,Texas,N/A,N/A,USA,1/1/1900,12/31/2999
5307,EBS_INB_SP_ICMVM,N/A,N/A,N/A,30,N/A,TX Enrollment Broker,EB,Austin,Central,Texas,N/A,N/A,USA,1/1/1900,12/31/2999
5308,EBS_INB_EN_NSTARVM,N/A,N/A,N/A,30,N/A,TX Enrollment Broker,EB,Austin,Central,Texas,N/A,N/A,USA,1/1/1900,12/31/2999
5309,EBS_INB_EN_STARPLUS_VM,N/A,N/A,N/A,30,N/A,TX Enrollment Broker,EB,Austin,Central,Texas,N/A,N/A,USA,1/1/1900,12/31/2999
5310,EBS_INB_EN_STAR_VM,N/A,N/A,N/A,30,N/A,TX Enrollment Broker,EB,Austin,Central,Texas,N/A,N/A,USA,1/1/1900,12/31/2999
5311,EBS_INB_EN_TP40_VM,N/A,N/A,N/A,30,N/A,TX Enrollment Broker,EB,Austin,Central,Texas,N/A,N/A,USA,1/1/1900,12/31/2999
5312,EBS_INB_SP_NSTARVM,N/A,N/A,N/A,30,N/A,TX Enrollment Broker,EB,Austin,Central,Texas,N/A,N/A,USA,1/1/1900,12/31/2999
5313,EBS_INB_SP_STARPLUS_VM,N/A,N/A,N/A,30,N/A,TX Enrollment Broker,EB,Austin,Central,Texas,N/A,N/A,USA,1/1/1900,12/31/2999
5314,EBS_INB_SP_STAR_VM,N/A,N/A,N/A,30,N/A,TX Enrollment Broker,EB,Austin,Central,Texas,N/A,N/A,USA,1/1/1900,12/31/2999
5315,EBS_INB_SP_TP40_VM,N/A,N/A,N/A,30,N/A,TX Enrollment Broker,EB,Austin,Central,Texas,N/A,N/A,USA,1/1/1900,12/31/2999
5318,EBS_INB_EN_DISCO_NALO,N/A,N/A,N/A,30,N/A,TX Enrollment Broker,EB,Austin,Central,Texas,N/A,N/A,USA,1/1/1900,12/31/2999
5319,EBS_INB_EN_DISCO_QERR,N/A,N/A,N/A,30,N/A,TX Enrollment Broker,EB,Austin,Central,Texas,N/A,N/A,USA,1/1/1900,12/31/2999
5320,EBS_INB_SP_DISCO_NALO,N/A,N/A,N/A,30,N/A,TX Enrollment Broker,EB,Austin,Central,Texas,N/A,N/A,USA,1/1/1900,12/31/2999
5321,EBS_INB_SP_DISCO_QERR,N/A,N/A,N/A,30,N/A,TX Enrollment Broker,EB,Austin,Central,Texas,N/A,N/A,USA,1/1/1900,12/31/2999
5322,EBS_INB_OR_DISCO_QERR,N/A,N/A,N/A,30,N/A,TX Enrollment Broker,EB,Austin,Central,Texas,N/A,N/A,USA,1/1/1900,12/31/2999
5323,EBS_INB_PV_DISCO_QERR,N/A,N/A,N/A,30,N/A,TX Enrollment Broker,EB,Austin,Central,Texas,N/A,N/A,USA,1/1/1900,12/31/2999
5324,EBS_INB_OR_DISCO_NALO,N/A,N/A,N/A,30,N/A,TX Enrollment Broker,EB,Austin,Central,Texas,N/A,N/A,USA,1/1/1900,12/31/2999
5325,EBS_INB_PV_DISCO_NALO,N/A,N/A,N/A,30,N/A,TX Enrollment Broker,EB,Austin,Central,Texas,N/A,N/A,USA,1/1/1900,12/31/2999
5370,EBS_INB_IVR_ERR,N/A,N/A,N/A,30,N/A,TX Enrollment Broker,EB,Austin,Central,Texas,N/A,N/A,USA,1/1/1900,12/31/2999
5371,EBS_INB_IVR_OUT,N/A,N/A,N/A,30,N/A,TX Enrollment Broker,EB,Austin,Central,Texas,N/A,N/A,USA,1/1/1900,12/31/2999
5374,THS_INB_IVR_ERR,N/A,N/A,N/A,30,N/A,TX Enrollment Broker,THS,Austin,Central,Texas,N/A,N/A,USA,1/1/1900,12/31/2999
5375,THS_INB_IVR_OUT,N/A,N/A,N/A,30,N/A,TX Enrollment Broker,THS,Austin,Central,Texas,N/A,N/A,USA,1/1/1900,12/31/2999
5390,THS_INB_EN_DISCO_QERROR,N/A,N/A,N/A,30,N/A,TX Enrollment Broker,THS,Austin,Central,Texas,N/A,N/A,USA,1/1/1900,12/31/2999
5391,THS_INB_EN_VM_NALO,N/A,N/A,N/A,30,N/A,TX Enrollment Broker,THS,Austin,Central,Texas,N/A,N/A,USA,1/1/1900,12/31/2999
5392,THS_INB_SP_DISCO_QERROR,N/A,N/A,N/A,30,N/A,TX Enrollment Broker,THS,Austin,Central,Texas,N/A,N/A,USA,1/1/1900,12/31/2999
5393,THS_INB_SP_VM_NALO,N/A,N/A,N/A,30,N/A,TX Enrollment Broker,THS,Austin,Central,Texas,N/A,N/A,USA,1/1/1900,12/31/2999
5394,THS_INB_OUTREACH_DISCO_QERROR,N/A,N/A,N/A,30,N/A,TX Enrollment Broker,THS,Austin,Central,Texas,N/A,N/A,USA,1/1/1900,12/31/2999
5395,THS_INB_OUTREACH_VM_NALO,N/A,N/A,N/A,30,N/A,TX Enrollment Broker,THS,Austin,Central,Texas,N/A,N/A,USA,1/1/1900,12/31/2999
5400,EBS_211_INBOUND_TDD,N/A,N/A,N/A,30,N/A,TX Enrollment Broker,EB,Austin,Central,Texas,N/A,N/A,USA,1/1/1900,12/31/2999
5401,EBS_800_INBOUND_TDD,N/A,N/A,N/A,30,N/A,TX Enrollment Broker,EB,Austin,Central,Texas,N/A,N/A,USA,1/1/1900,12/31/2999
5402,EBS_INB_EN_TDD_Q,N/A,N/A,N/A,30,N/A,TX Enrollment Broker,EB,Austin,Central,Texas,N/A,N/A,USA,1/1/1900,12/31/2999
5403,EBS_INB_SP_TDD_Q,N/A,N/A,N/A,30,N/A,TX Enrollment Broker,EB,Austin,Central,Texas,N/A,N/A,USA,1/1/1900,12/31/2999
5408,THS_211_INBOUND_TDD,N/A,N/A,N/A,30,N/A,TX Enrollment Broker,THS,Austin,Central,Texas,N/A,N/A,USA,1/1/1900,12/31/2999
5409,THS_800_INBOUND_TDD,N/A,N/A,N/A,30,N/A,TX Enrollment Broker,THS,Austin,Central,Texas,N/A,N/A,USA,1/1/1900,12/31/2999
5410,THS_INB_EN_TDD_Q,N/A,N/A,N/A,30,N/A,TX Enrollment Broker,THS,Austin,Central,Texas,N/A,N/A,USA,1/1/1900,12/31/2999
5411,THS_INB_SP_TDD_Q,N/A,N/A,N/A,30,N/A,TX Enrollment Broker,THS,Austin,Central,Texas,N/A,N/A,USA,1/1/1900,12/31/2999
5415,EBS_INB_TDD_EN_DISCO_EMERG,N/A,N/A,N/A,30,N/A,TX Enrollment Broker,EB,Austin,Central,Texas,N/A,N/A,USA,1/1/1900,12/31/2999
5416,EBS_INB_TDD_EN_DISCO_NALO,N/A,N/A,N/A,30,N/A,TX Enrollment Broker,EB,Austin,Central,Texas,N/A,N/A,USA,1/1/1900,12/31/2999
5417,EBS_INB_TDD_EN_DISCO_QERROR,N/A,N/A,N/A,30,N/A,TX Enrollment Broker,EB,Austin,Central,Texas,N/A,N/A,USA,1/1/1900,12/31/2999
5418,EBS_INB_TDD_SP_DISCO_EMERG,N/A,N/A,N/A,30,N/A,TX Enrollment Broker,EB,Austin,Central,Texas,N/A,N/A,USA,1/1/1900,12/31/2999
5419,EBS_INB_TDD_SP_DISCO_NALO,N/A,N/A,N/A,30,N/A,TX Enrollment Broker,EB,Austin,Central,Texas,N/A,N/A,USA,1/1/1900,12/31/2999
5420,EBS_INB_TDD_SP_DISCO_QERROR,N/A,N/A,N/A,30,N/A,TX Enrollment Broker,EB,Austin,Central,Texas,N/A,N/A,USA,1/1/1900,12/31/2999
5421,THS_INB_TDD_EN_DISCO_EMERG,N/A,N/A,N/A,30,N/A,TX Enrollment Broker,THS,Austin,Central,Texas,N/A,N/A,USA,1/1/1900,12/31/2999
5422,THS_INB_TDD_EN_DISCO_NALO,N/A,N/A,N/A,30,N/A,TX Enrollment Broker,THS,Austin,Central,Texas,N/A,N/A,USA,1/1/1900,12/31/2999
5423,THS_INB_TDD_EN_DISCO_QERROR,N/A,N/A,N/A,30,N/A,TX Enrollment Broker,THS,Austin,Central,Texas,N/A,N/A,USA,1/1/1900,12/31/2999
5424,THS_INB_TDD_SP_DISCO_EMERG,N/A,N/A,N/A,30,N/A,TX Enrollment Broker,THS,Austin,Central,Texas,N/A,N/A,USA,1/1/1900,12/31/2999
5425,THS_INB_TDD_SP_DISCO_NALO,N/A,N/A,N/A,30,N/A,TX Enrollment Broker,THS,Austin,Central,Texas,N/A,N/A,USA,1/1/1900,12/31/2999
5426,THS_INB_TDD_SP_DISCO_QERROR,N/A,N/A,N/A,30,N/A,TX Enrollment Broker,THS,Austin,Central,Texas,N/A,N/A,USA,1/1/1900,12/31/2999
5450,EB_XFER_EN,N/A,N/A,N/A,30,N/A,TX Enrollment Broker,EB,Austin,Central,Texas,N/A,N/A,USA,1/1/1900,12/31/2999
5451,EB_XFER_SP,N/A,N/A,N/A,30,N/A,TX Enrollment Broker,EB,Austin,Central,Texas,N/A,N/A,USA,1/1/1900,12/31/2999
5452,EBS_XFER_EN_Newborn_Plan_Change,N/A,N/A,N/A,30,N/A,TX Enrollment Broker,EB,Austin,Central,Texas,N/A,N/A,USA,1/1/1900,12/31/2999
5453,EBS_XFER_OUTREACH,N/A,N/A,N/A,30,N/A,TX Enrollment Broker,EB,Austin,Central,Texas,N/A,N/A,USA,1/1/1900,12/31/2999
5454,EBS_XFER_PROVIDER,N/A,N/A,N/A,30,N/A,TX Enrollment Broker,EB,Austin,Central,Texas,N/A,N/A,USA,1/1/1900,12/31/2999
5455,EBS_XFER_SP_Newborn_Plan_Change,N/A,N/A,N/A,30,N/A,TX Enrollment Broker,EB,Austin,Central,Texas,N/A,N/A,USA,1/1/1900,12/31/2999
5456,THS_XFER_EN_CMI_SRU,N/A,N/A,N/A,30,N/A,TX Enrollment Broker,THS,Austin,Central,Texas,N/A,N/A,USA,1/1/1900,12/31/2999
5457,THS_XFER_EN,N/A,N/A,N/A,30,N/A,TX Enrollment Broker,THS,Austin,Central,Texas,N/A,N/A,USA,1/1/1900,12/31/2999
5458,THS_SP_CMI_SRU_XFER,N/A,N/A,N/A,30,N/A,TX Enrollment Broker,THS,Austin,Central,Texas,N/A,N/A,USA,1/1/1900,12/31/2999
5459,THS_XFER_SP,N/A,N/A,N/A,30,N/A,TX Enrollment Broker,THS,Austin,Central,Texas,N/A,N/A,USA,1/1/1900,12/31/2999
5474,CHIP_XFER_EN_SEU_Q,CHIP SEU ENG,85,180,30,Inbound,TX Enrollment Broker,CHIP,Austin,Central,Texas,N/A,N/A,USA,1/1/1900,12/31/2999
5480,CHIP_XFER_SP_SEU_Q,CHIP SEU SPN,85,180,30,Inbound,TX Enrollment Broker,CHIP,Austin,Central,Texas,N/A,N/A,USA,1/1/1900,12/31/2999
5481,THS_XFER_SP_CMI_SRU,N/A,N/A,N/A,30,N/A,TX Enrollment Broker,THS,Austin,Central,Texas,N/A,N/A,USA,1/1/1900,12/31/2999
5482,THS_EN_CMI_SRU_XFER_DISCO_QERROR,N/A,N/A,N/A,30,N/A,TX Enrollment Broker,THS,Austin,Central,Texas,N/A,N/A,USA,1/1/1900,12/31/2999
5483,THS_EN_CMI_SRU_XFER_Q,THS SSU ENG,0,0,30,Inbound,TX Enrollment Broker,THS,Austin,Central,Texas,N/A,N/A,USA,1/1/1900,12/31/2999
5484,THS_XFER_SP_CMI_SRU_DISCO_NALO,N/A,N/A,N/A,30,N/A,TX Enrollment Broker,THS,Austin,Central,Texas,N/A,N/A,USA,1/1/1900,12/31/2999
5485,THS_SP_CMI_SRU_XFER_DISCO_QERROR,N/A,N/A,N/A,30,N/A,TX Enrollment Broker,THS,Austin,Central,Texas,N/A,N/A,USA,1/1/1900,12/31/2999
5486,THS_SP_CMI_SRU_XFER_Q,THS SSU SPN,0,0,30,Inbound,TX Enrollment Broker,THS,Austin,Central,Texas,N/A,N/A,USA,1/1/1900,12/31/2999
5487,EBS_XFER_EN_NPC_DISCO_NALO,N/A,N/A,N/A,30,N/A,TX Enrollment Broker,EB,Austin,Central,Texas,N/A,N/A,USA,1/1/1900,12/31/2999
5488,EBS_EN_NPC_XFER_DISCO_QERROR,N/A,N/A,N/A,30,N/A,TX Enrollment Broker,EB,Austin,Central,Texas,N/A,N/A,USA,1/1/1900,12/31/2999
5489,EBS_EN_NPC_XFER_Q,N/A,N/A,N/A,30,N/A,TX Enrollment Broker,EB,Austin,Central,Texas,N/A,N/A,USA,1/1/1900,12/31/2999
5490,EBS_XFER_SP_NPC_DISCO_NALO,N/A,N/A,N/A,30,N/A,TX Enrollment Broker,EB,Austin,Central,Texas,N/A,N/A,USA,1/1/1900,12/31/2999
5491,EBS_SP_NPC_XFER_DISCO_QERROR,N/A,N/A,N/A,30,N/A,TX Enrollment Broker,EB,Austin,Central,Texas,N/A,N/A,USA,1/1/1900,12/31/2999
5492,EBS_SP_NPC_XFER_Q,N/A,N/A,N/A,30,N/A,TX Enrollment Broker,EB,Austin,Central,Texas,N/A,N/A,USA,1/1/1900,12/31/2999
5549,EBS_XFER_SUPERVISOR,N/A,N/A,N/A,30,N/A,TX Enrollment Broker,EB,Austin,Central,Texas,N/A,N/A,USA,1/1/1900,12/31/2999
5550,EBS_XFER_SUP_DISCO_NALO,N/A,N/A,N/A,30,N/A,TX Enrollment Broker,EB,Austin,Central,Texas,N/A,N/A,USA,1/1/1900,12/31/2999
5551,EBS_SUPERVISOR_XFER_DISCO_QERROR,N/A,N/A,N/A,30,N/A,TX Enrollment Broker,EB,Austin,Central,Texas,N/A,N/A,USA,1/1/1900,12/31/2999
5552,EBS_SUPERVISOR_XFER_Q,EB SUPERVISOR,N/A,N/A,30,Inbound,TX Enrollment Broker,EB,Austin,Central,Texas,N/A,N/A,USA,1/1/1900,12/31/2999
5568,CHIP_XFER_EN_SEU_ADD_Q ,CHIP SEU ENG,85,180,30,Inbound,TX Enrollment Broker,CHIP,Austin,Central,Texas,N/A,N/A,USA,1/1/1900,12/31/2999
5571,CHIP_XFER_SP_SEU_ADD_Q ,CHIP SEU SPN,85,180,30,Inbound,TX Enrollment Broker,CHIP,Austin,Central,Texas,N/A,N/A,USA,1/1/1900,12/31/2999
6131,EBS_INB_EN_EWT,N/A,N/A,N/A,30,N/A,TX Enrollment Broker,EB,Austin,Central,Texas,N/A,N/A,USA,1/1/1900,12/31/2999
6132,EBS_INB_PV_EWT,N/A,N/A,N/A,30,N/A,TX Enrollment Broker,EB,Austin,Central,Texas,N/A,N/A,USA,1/1/1900,12/31/2999
6133,EBS_INB_SP_EWT,N/A,N/A,N/A,30,N/A,TX Enrollment Broker,EB,Austin,Central,Texas,N/A,N/A,USA,1/1/1900,12/31/2999
6135,THS_INB_EN_EWT,N/A,N/A,N/A,30,N/A,TX Enrollment Broker,THS,Austin,Central,Texas,N/A,N/A,USA,1/1/1900,12/31/2999
6136,THS_INB_SP_EWT,N/A,N/A,N/A,30,N/A,TX Enrollment Broker,THS,Austin,Central,Texas,N/A,N/A,USA,1/1/1900,12/31/2999
6139,EBS_INB_EN_ALL,N/A,N/A,N/A,30,N/A,TX Enrollment Broker,EB,Austin,Central,Texas,N/A,N/A,USA,1/1/1900,12/31/2999
6140,EBS_INB_PV_ALL,N/A,N/A,N/A,30,N/A,TX Enrollment Broker,EB,Austin,Central,Texas,N/A,N/A,USA,1/1/1900,12/31/2999
6141,EBS_INB_SP_ALL,N/A,N/A,N/A,30,N/A,TX Enrollment Broker,EB,Austin,Central,Texas,N/A,N/A,USA,1/1/1900,12/31/2999
6552,THS_XFER_EN_CMI_SRU_DISCO_NALO,N/A,N/A,N/A,30,N/A,TX Enrollment Broker,THS,Austin,Central,Texas,N/A,N/A,USA,1/1/1900,12/31/2999
6558,EBS_XFER_MBIC_EN_DISCO_NALO,N/A,N/A,N/A,30,N/A,TX Enrollment Broker,EB,Austin,Central,Texas,N/A,N/A,USA,1/1/1900,12/31/2999
6559,EBS_XFER_MBIC_SP_DISCO_NALO,N/A,N/A,N/A,30,N/A,TX Enrollment Broker,EB,Austin,Central,Texas,N/A,N/A,USA,1/1/1900,12/31/2999
6560,EBS_XFER__EN_MBIC,N/A,N/A,N/A,30,N/A,TX Enrollment Broker,EB,Austin,Central,Texas,N/A,N/A,USA,1/1/1900,12/31/2999
6561,EBS_XFER__EN_MBIC_Q,EB MBIC ENG,0,0,30,Inbound,TX Enrollment Broker,EB,Austin,Central,Texas,N/A,N/A,USA,1/1/1900,12/31/2999
6562,EBS_XFER__SP_MBIC_Q,EB MBIC SPN,0,0,30,Inbound,TX Enrollment Broker,EB,Austin,Central,Texas,N/A,N/A,USA,1/1/1900,12/31/2999
6563,EBS_XFER__SP_MBIC,N/A,N/A,N/A,30,N/A,TX Enrollment Broker,EB,Austin,Central,Texas,N/A,N/A,USA,1/1/1900,12/31/2999
6680,EBS_XFER_TR_ERR,N/A,N/A,N/A,30,N/A,TX Enrollment Broker,EB,Austin,Central,Texas,N/A,N/A,USA,1/1/1900,12/31/2999
6683,CHIP_XFER_SP_ENROLL_Q,CHIP FREW SPN,90,90,30,Inbound,TX Enrollment Broker,CHIP,Austin,Central,Texas,N/A,N/A,USA,1/1/1900,12/31/2999
6684,CHIP_XFER_EN_ENROLL_Q,CHIP FREW ENG,90,90,30,Inbound,TX Enrollment Broker,CHIP,Austin,Central,Texas,N/A,N/A,USA,1/1/1900,12/31/2999
6691,CHIP_XFER_PROVIDER_Q,CHIP PROVIDER,0,0,30,Inbound,TX Enrollment Broker,CHIP,Austin,Central,Texas,N/A,N/A,USA,1/1/1900,12/31/2999
6693,EBS_XFER_EN_DISCO_NALO,N/A,N/A,N/A,30,N/A,TX Enrollment Broker,EB,Austin,Central,Texas,N/A,N/A,USA,1/1/1900,12/31/2999
6694,EBS_XFER_EN_DISCO_QERR,N/A,N/A,N/A,30,N/A,TX Enrollment Broker,EB,Austin,Central,Texas,N/A,N/A,USA,1/1/1900,12/31/2999
6695,EBS_XFER_EN_Q,EB NONFREW ENG,90,90,30,Inbound,TX Enrollment Broker,EB,Austin,Central,Texas,N/A,N/A,USA,1/1/1900,12/31/2999
6696,EBS_XFER_SP_DISCO_NALO,N/A,N/A,N/A,30,N/A,TX Enrollment Broker,EB,Austin,Central,Texas,N/A,N/A,USA,1/1/1900,12/31/2999
6697,EBS_XFER_SP_DISCO_QERR,N/A,N/A,N/A,30,N/A,TX Enrollment Broker,EB,Austin,Central,Texas,N/A,N/A,USA,1/1/1900,12/31/2999
6698,EBS_XFER_SP_Q,EB NONFREW SPN,90,90,30,Inbound,TX Enrollment Broker,EB,Austin,Central,Texas,N/A,N/A,USA,1/1/1900,12/31/2999
6699,EBS_XFER_OR_DISCO_NALO,N/A,N/A,N/A,30,N/A,TX Enrollment Broker,EB,Austin,Central,Texas,N/A,N/A,USA,1/1/1900,12/31/2999
6700,EBS_XFER_OR_DISCO_QERR,N/A,N/A,N/A,30,N/A,TX Enrollment Broker,EB,Austin,Central,Texas,N/A,N/A,USA,1/1/1900,12/31/2999
6701,EBS_XFER_OR_Q,N/A,N/A,N/A,30,N/A,TX Enrollment Broker,EB,Austin,Central,Texas,N/A,N/A,USA,1/1/1900,12/31/2999
6702,EBS_XFER_PROVIDER_DISCO_NALO,N/A,N/A,N/A,30,N/A,TX Enrollment Broker,EB,Austin,Central,Texas,N/A,N/A,USA,1/1/1900,12/31/2999
6703,EBS_XFER_PROVIDER_DISCO_QERR,N/A,N/A,N/A,30,N/A,TX Enrollment Broker,EB,Austin,Central,Texas,N/A,N/A,USA,1/1/1900,12/31/2999
6704,EBS_XFER_PROVIDER_Q,EB PROVIDER,0,0,30,Inbound,TX Enrollment Broker,EB,Austin,Central,Texas,N/A,N/A,USA,1/1/1900,12/31/2999
6717,THS_XFER_EN_DISCO_QERR,N/A,N/A,N/A,30,N/A,TX Enrollment Broker,THS,Austin,Central,Texas,N/A,N/A,USA,1/1/1900,12/31/2999
6718,THS_XFER_EN_Q,THS FREW ENG,98.5,15,30,Inbound,TX Enrollment Broker,THS,Austin,Central,Texas,N/A,N/A,USA,1/1/1900,12/31/2999
6719,THS_XFER_EN_VM_NALO,N/A,N/A,N/A,30,N/A,TX Enrollment Broker,THS,Austin,Central,Texas,N/A,N/A,USA,1/1/1900,12/31/2999
6720,THS_XFER_SP_DISCO_QERR,N/A,N/A,N/A,30,N/A,TX Enrollment Broker,THS,Austin,Central,Texas,N/A,N/A,USA,1/1/1900,12/31/2999
6721,THS_XFER_SP_Q,THS FREW SPN,98.5,15,30,Inbound,TX Enrollment Broker,THS,Austin,Central,Texas,N/A,N/A,USA,1/1/1900,12/31/2999
6722,THS_XFER_SP_VM_NALO,N/A,N/A,N/A,30,N/A,TX Enrollment Broker,THS,Austin,Central,Texas,N/A,N/A,USA,1/1/1900,12/31/2999
6780,EBS_INB_EN_DENTAL_ADDR,N/A,N/A,N/A,30,N/A,TX Enrollment Broker,EB,Austin,Central,Texas,N/A,N/A,USA,1/1/1900,12/31/2999
6781,EBS_INB_EN_DENTAL_OTHER,N/A,N/A,N/A,30,N/A,TX Enrollment Broker,EB,Austin,Central,Texas,N/A,N/A,USA,1/1/1900,12/31/2999
6782,EBS_INB_EN_DENTAL_PCP,N/A,N/A,N/A,30,N/A,TX Enrollment Broker,EB,Austin,Central,Texas,N/A,N/A,USA,1/1/1900,12/31/2999
6783,EBS_INB_SP_DENTAL_ADDR,N/A,N/A,N/A,30,N/A,TX Enrollment Broker,EB,Austin,Central,Texas,N/A,N/A,USA,1/1/1900,12/31/2999
6784,EBS_INB_SP_DENTAL_OTHER,N/A,N/A,N/A,30,N/A,TX Enrollment Broker,EB,Austin,Central,Texas,N/A,N/A,USA,1/1/1900,12/31/2999
6785,EBS_INB_SP_DENTAL_PCP,N/A,N/A,N/A,30,N/A,TX Enrollment Broker,EB,Austin,Central,Texas,N/A,N/A,USA,1/1/1900,12/31/2999
6786,EBS_INB_EN_DENTAL,N/A,N/A,N/A,30,N/A,TX Enrollment Broker,EB,Austin,Central,Texas,N/A,N/A,USA,1/1/1900,12/31/2999
6787,EBS_INB_SP_DENTAL,N/A,N/A,N/A,30,N/A,TX Enrollment Broker,EB,Austin,Central,Texas,N/A,N/A,USA,1/1/1900,12/31/2999
6791,ESS_TO_EB,N/A,N/A,N/A,30,N/A,TX Enrollment Broker,EB,Austin,Central,Texas,N/A,N/A,USA,1/1/1900,12/31/2999
6792,EBS_INB_FREW_IVR_APP,N/A,N/A,N/A,30,N/A,TX Enrollment Broker,EB,Austin,Central,Texas,N/A,N/A,USA,1/1/1900,12/31/2999
6793,EBS_INB_FREW_IVR_ERR,N/A,N/A,N/A,30,N/A,TX Enrollment Broker,EB,Austin,Central,Texas,N/A,N/A,USA,1/1/1900,12/31/2999
6794,EBS_INB_FREW_IVR_OUT,N/A,N/A,N/A,30,N/A,TX Enrollment Broker,EB,Austin,Central,Texas,N/A,N/A,USA,1/1/1900,12/31/2999
6795,EBS_INB_REG_IVR_APP,N/A,N/A,N/A,30,N/A,TX Enrollment Broker,EB,Austin,Central,Texas,N/A,N/A,USA,1/1/1900,12/31/2999
6796,EBS_INB_REG_IVR_ERR,N/A,N/A,N/A,30,N/A,TX Enrollment Broker,EB,Austin,Central,Texas,N/A,N/A,USA,1/1/1900,12/31/2999
6797,EBS_INB_REG_IVR_OUT,N/A,N/A,N/A,30,N/A,TX Enrollment Broker,EB,Austin,Central,Texas,N/A,N/A,USA,1/1/1900,12/31/2999
6798,EBS_INB_EN_FREW_NoIVRMatch,N/A,N/A,N/A,30,N/A,TX Enrollment Broker,EB,Austin,Central,Texas,N/A,N/A,USA,1/1/1900,12/31/2999
6799,EBS_INB_EN_NoIVRMatch,N/A,N/A,N/A,30,N/A,TX Enrollment Broker,EB,Austin,Central,Texas,N/A,N/A,USA,1/1/1900,12/31/2999
6800,EBS_INB_SP_FREW_NoIVRMatch,N/A,N/A,N/A,30,N/A,TX Enrollment Broker,EB,Austin,Central,Texas,N/A,N/A,USA,1/1/1900,12/31/2999
6801,EBS_INB_SP_NoIVRMatch,N/A,N/A,N/A,30,N/A,TX Enrollment Broker,EB,Austin,Central,Texas,N/A,N/A,USA,1/1/1900,12/31/2999
6802,EBS_INB_EN_FW_ALL,N/A,N/A,N/A,30,N/A,TX Enrollment Broker,EB,Austin,Central,Texas,N/A,N/A,USA,1/1/1900,12/31/2999
6803,EBS_INB_EN_FW_Default,N/A,N/A,N/A,30,N/A,TX Enrollment Broker,EB,Austin,Central,Texas,N/A,N/A,USA,1/1/1900,12/31/2999
6804,EBS_INB_EN_FW_DENTAL,N/A,N/A,N/A,30,N/A,TX Enrollment Broker,EB,Austin,Central,Texas,N/A,N/A,USA,1/1/1900,12/31/2999
6805,EBS_INB_EN_FW_DENTAL_ADDR,N/A,N/A,N/A,30,N/A,TX Enrollment Broker,EB,Austin,Central,Texas,N/A,N/A,USA,1/1/1900,12/31/2999
6806,EBS_INB_EN_FW_DENTAL_OTHER,N/A,N/A,N/A,30,N/A,TX Enrollment Broker,EB,Austin,Central,Texas,N/A,N/A,USA,1/1/1900,12/31/2999
6807,EBS_INB_EN_FW_DENTAL_PCP,N/A,N/A,N/A,30,N/A,TX Enrollment Broker,EB,Austin,Central,Texas,N/A,N/A,USA,1/1/1900,12/31/2999
6808,EBS_INB_EN_FW_DISCO_NALO,N/A,N/A,N/A,30,N/A,TX Enrollment Broker,EB,Austin,Central,Texas,N/A,N/A,USA,1/1/1900,12/31/2999
6809,EBS_INB_EN_FW_DISCO_QERR,N/A,N/A,N/A,30,N/A,TX Enrollment Broker,EB,Austin,Central,Texas,N/A,N/A,USA,1/1/1900,12/31/2999
6810,EBS_INB_EN_FW_EWT,N/A,N/A,N/A,30,N/A,TX Enrollment Broker,EB,Austin,Central,Texas,N/A,N/A,USA,1/1/1900,12/31/2999
6811,EBS_INB_EN_FW_HEALTH,N/A,N/A,N/A,30,N/A,TX Enrollment Broker,EB,Austin,Central,Texas,N/A,N/A,USA,1/1/1900,12/31/2999
6812,EBS_INB_EN_FW_HEALTH_ADDR,N/A,N/A,N/A,30,N/A,TX Enrollment Broker,EB,Austin,Central,Texas,N/A,N/A,USA,1/1/1900,12/31/2999
6813,EBS_INB_EN_FW_HEALTH_OTHER,N/A,N/A,N/A,30,N/A,TX Enrollment Broker,EB,Austin,Central,Texas,N/A,N/A,USA,1/1/1900,12/31/2999
6814,EBS_INB_EN_FW_HEALTH_PCP,N/A,N/A,N/A,30,N/A,TX Enrollment Broker,EB,Austin,Central,Texas,N/A,N/A,USA,1/1/1900,12/31/2999
6815,EBS_INB_EN_FW_NoIVRMatch,N/A,N/A,N/A,30,N/A,TX Enrollment Broker,EB,Austin,Central,Texas,N/A,N/A,USA,1/1/1900,12/31/2999
6816,EBS_INB_EN_FW_NSTAR,N/A,N/A,N/A,30,N/A,TX Enrollment Broker,EB,Austin,Central,Texas,N/A,N/A,USA,1/1/1900,12/31/2999
6817,EBS_INB_EN_FW_NSTAR_ADDR,N/A,N/A,N/A,30,N/A,TX Enrollment Broker,EB,Austin,Central,Texas,N/A,N/A,USA,1/1/1900,12/31/2999
6818,EBS_INB_EN_FW_NSTAR_OTHER,N/A,N/A,N/A,30,N/A,TX Enrollment Broker,EB,Austin,Central,Texas,N/A,N/A,USA,1/1/1900,12/31/2999
6819,EBS_INB_EN_FW_NSTAR_PCP,N/A,N/A,N/A,30,N/A,TX Enrollment Broker,EB,Austin,Central,Texas,N/A,N/A,USA,1/1/1900,12/31/2999
6820,EBS_INB_EN_FW_OTHER_PROGS,N/A,N/A,N/A,30,N/A,TX Enrollment Broker,EB,Austin,Central,Texas,N/A,N/A,USA,1/1/1900,12/31/2999
6821,EBS_INB_EN_FW_Q,EB FREW ENG,98.5,15,30,Inbound,TX Enrollment Broker,EB,Austin,Central,Texas,N/A,N/A,USA,1/1/1900,12/31/2999
6822,EBS_INB_EN_FW_STAR,N/A,N/A,N/A,30,N/A,TX Enrollment Broker,EB,Austin,Central,Texas,N/A,N/A,USA,1/1/1900,12/31/2999
6823,EBS_INB_EN_FW_STAR_ADDR,N/A,N/A,N/A,30,N/A,TX Enrollment Broker,EB,Austin,Central,Texas,N/A,N/A,USA,1/1/1900,12/31/2999
6824,EBS_INB_EN_FW_STAR_OTHER,N/A,N/A,N/A,30,N/A,TX Enrollment Broker,EB,Austin,Central,Texas,N/A,N/A,USA,1/1/1900,12/31/2999
6825,EBS_INB_EN_FW_STAR_PCP,N/A,N/A,N/A,30,N/A,TX Enrollment Broker,EB,Austin,Central,Texas,N/A,N/A,USA,1/1/1900,12/31/2999
6826,EBS_INB_EN_FW_STARPLUS,N/A,N/A,N/A,30,N/A,TX Enrollment Broker,EB,Austin,Central,Texas,N/A,N/A,USA,1/1/1900,12/31/2999
6827,EBS_INB_EN_FW_STARPLUS_ADDR,N/A,N/A,N/A,30,N/A,TX Enrollment Broker,EB,Austin,Central,Texas,N/A,N/A,USA,1/1/1900,12/31/2999
6828,EBS_INB_EN_FW_STARPLUS_OTHER,N/A,N/A,N/A,30,N/A,TX Enrollment Broker,EB,Austin,Central,Texas,N/A,N/A,USA,1/1/1900,12/31/2999
6829,EBS_INB_EN_FW_STARPLUS_PCP,N/A,N/A,N/A,30,N/A,TX Enrollment Broker,EB,Austin,Central,Texas,N/A,N/A,USA,1/1/1900,12/31/2999
6830,EBS_INB_EN_FW_TP40,N/A,N/A,N/A,30,N/A,TX Enrollment Broker,EB,Austin,Central,Texas,N/A,N/A,USA,1/1/1900,12/31/2999
6831,EBS_INB_EN_FW_TP40_ADDR,N/A,N/A,N/A,30,N/A,TX Enrollment Broker,EB,Austin,Central,Texas,N/A,N/A,USA,1/1/1900,12/31/2999
6832,EBS_INB_EN_FW_TP40_OTHER,N/A,N/A,N/A,30,N/A,TX Enrollment Broker,EB,Austin,Central,Texas,N/A,N/A,USA,1/1/1900,12/31/2999
6833,EBS_INB_EN_FW_TP40_PCP,N/A,N/A,N/A,30,N/A,TX Enrollment Broker,EB,Austin,Central,Texas,N/A,N/A,USA,1/1/1900,12/31/2999
6834,EBS_INB_SP_FW_ALL,N/A,N/A,N/A,30,N/A,TX Enrollment Broker,EB,Austin,Central,Texas,N/A,N/A,USA,1/1/1900,12/31/2999
6835,EBS_INB_SP_FW_Default,N/A,N/A,N/A,30,N/A,TX Enrollment Broker,EB,Austin,Central,Texas,N/A,N/A,USA,1/1/1900,12/31/2999
6836,EBS_INB_SP_FW_DENTAL,N/A,N/A,N/A,30,N/A,TX Enrollment Broker,EB,Austin,Central,Texas,N/A,N/A,USA,1/1/1900,12/31/2999
6837,EBS_INB_SP_FW_DENTAL_ADDR,N/A,N/A,N/A,30,N/A,TX Enrollment Broker,EB,Austin,Central,Texas,N/A,N/A,USA,1/1/1900,12/31/2999
6838,EBS_INB_SP_FW_DENTAL_OTHER,N/A,N/A,N/A,30,N/A,TX Enrollment Broker,EB,Austin,Central,Texas,N/A,N/A,USA,1/1/1900,12/31/2999
6839,EBS_INB_SP_FW_DENTAL_PCP,N/A,N/A,N/A,30,N/A,TX Enrollment Broker,EB,Austin,Central,Texas,N/A,N/A,USA,1/1/1900,12/31/2999
6840,EBS_INB_SP_FW_DISCO_NALO,N/A,N/A,N/A,30,N/A,TX Enrollment Broker,EB,Austin,Central,Texas,N/A,N/A,USA,1/1/1900,12/31/2999
6841,EBS_INB_SP_FW_DISCO_QERR,N/A,N/A,N/A,30,N/A,TX Enrollment Broker,EB,Austin,Central,Texas,N/A,N/A,USA,1/1/1900,12/31/2999
6842,EBS_INB_SP_FW_EWT,N/A,N/A,N/A,30,N/A,TX Enrollment Broker,EB,Austin,Central,Texas,N/A,N/A,USA,1/1/1900,12/31/2999
6843,EBS_INB_SP_FW_HEALTH,N/A,N/A,N/A,30,N/A,TX Enrollment Broker,EB,Austin,Central,Texas,N/A,N/A,USA,1/1/1900,12/31/2999
6844,EBS_INB_SP_FW_HEALTH_ADDR,N/A,N/A,N/A,30,N/A,TX Enrollment Broker,EB,Austin,Central,Texas,N/A,N/A,USA,1/1/1900,12/31/2999
6845,EBS_INB_SP_FW_HEALTH_OTHER,N/A,N/A,N/A,30,N/A,TX Enrollment Broker,EB,Austin,Central,Texas,N/A,N/A,USA,1/1/1900,12/31/2999
6846,EBS_INB_SP_FW_HEALTH_PCP,N/A,N/A,N/A,30,N/A,TX Enrollment Broker,EB,Austin,Central,Texas,N/A,N/A,USA,1/1/1900,12/31/2999
6847,EBS_INB_SP_FW_NoIVRMatch,N/A,N/A,N/A,30,N/A,TX Enrollment Broker,EB,Austin,Central,Texas,N/A,N/A,USA,1/1/1900,12/31/2999
6848,EBS_INB_SP_FW_NSTAR,N/A,N/A,N/A,30,N/A,TX Enrollment Broker,EB,Austin,Central,Texas,N/A,N/A,USA,1/1/1900,12/31/2999
6849,EBS_INB_SP_FW_NSTAR_ADDR,N/A,N/A,N/A,30,N/A,TX Enrollment Broker,EB,Austin,Central,Texas,N/A,N/A,USA,1/1/1900,12/31/2999
6850,EBS_INB_SP_FW_NSTAR_OTHER,N/A,N/A,N/A,30,N/A,TX Enrollment Broker,EB,Austin,Central,Texas,N/A,N/A,USA,1/1/1900,12/31/2999
6851,EBS_INB_SP_FW_NSTAR_PCP,N/A,N/A,N/A,30,N/A,TX Enrollment Broker,EB,Austin,Central,Texas,N/A,N/A,USA,1/1/1900,12/31/2999
6852,EBS_INB_SP_FW_OTHER_PROGS,N/A,N/A,N/A,30,N/A,TX Enrollment Broker,EB,Austin,Central,Texas,N/A,N/A,USA,1/1/1900,12/31/2999
6853,EBS_INB_SP_FW_Q,EB FREW SPN,98.5,15,30,Inbound,TX Enrollment Broker,EB,Austin,Central,Texas,N/A,N/A,USA,1/1/1900,12/31/2999
6854,EBS_INB_SP_FW_STAR,N/A,N/A,N/A,30,N/A,TX Enrollment Broker,EB,Austin,Central,Texas,N/A,N/A,USA,1/1/1900,12/31/2999
6855,EBS_INB_SP_FW_STAR_ADDR,N/A,N/A,N/A,30,N/A,TX Enrollment Broker,EB,Austin,Central,Texas,N/A,N/A,USA,1/1/1900,12/31/2999
6856,EBS_INB_SP_FW_STAR_OTHER,N/A,N/A,N/A,30,N/A,TX Enrollment Broker,EB,Austin,Central,Texas,N/A,N/A,USA,1/1/1900,12/31/2999
6857,EBS_INB_SP_FW_STAR_PCP,N/A,N/A,N/A,30,N/A,TX Enrollment Broker,EB,Austin,Central,Texas,N/A,N/A,USA,1/1/1900,12/31/2999
6858,EBS_INB_SP_FW_STARPLUS,N/A,N/A,N/A,30,N/A,TX Enrollment Broker,EB,Austin,Central,Texas,N/A,N/A,USA,1/1/1900,12/31/2999
6859,EBS_INB_SP_FW_STARPLUS_ADDR,N/A,N/A,N/A,30,N/A,TX Enrollment Broker,EB,Austin,Central,Texas,N/A,N/A,USA,1/1/1900,12/31/2999
6860,EBS_INB_SP_FW_STARPLUS_OTHER,N/A,N/A,N/A,30,N/A,TX Enrollment Broker,EB,Austin,Central,Texas,N/A,N/A,USA,1/1/1900,12/31/2999
6861,EBS_INB_SP_FW_STARPLUS_PCP,N/A,N/A,N/A,30,N/A,TX Enrollment Broker,EB,Austin,Central,Texas,N/A,N/A,USA,1/1/1900,12/31/2999
6862,EBS_INB_SP_FW_TP40,N/A,N/A,N/A,30,N/A,TX Enrollment Broker,EB,Austin,Central,Texas,N/A,N/A,USA,1/1/1900,12/31/2999
6863,EBS_INB_SP_FW_TP40_ADDR,N/A,N/A,N/A,30,N/A,TX Enrollment Broker,EB,Austin,Central,Texas,N/A,N/A,USA,1/1/1900,12/31/2999
6864,EBS_INB_SP_FW_TP40_OTHER,N/A,N/A,N/A,30,N/A,TX Enrollment Broker,EB,Austin,Central,Texas,N/A,N/A,USA,1/1/1900,12/31/2999
6865,EBS_INB_SP_FW_TP40_PCP,N/A,N/A,N/A,30,N/A,TX Enrollment Broker,EB,Austin,Central,Texas,N/A,N/A,USA,1/1/1900,12/31/2999
6866,EBS_INB_FW_ERROR,N/A,N/A,N/A,30,N/A,TX Enrollment Broker,EB,Austin,Central,Texas,N/A,N/A,USA,1/1/1900,12/31/2999
6868,EBS_INB_EN_FW_STARPLUS_VM,N/A,N/A,N/A,30,N/A,TX Enrollment Broker,EB,Austin,Central,Texas,N/A,N/A,USA,1/1/1900,12/31/2999
6869,EBS_INB_EN_FW_STAR_VM,N/A,N/A,N/A,30,N/A,TX Enrollment Broker,EB,Austin,Central,Texas,N/A,N/A,USA,1/1/1900,12/31/2999
6870,EBS_INB_EN_FW_TP40_VM,N/A,N/A,N/A,30,N/A,TX Enrollment Broker,EB,Austin,Central,Texas,N/A,N/A,USA,1/1/1900,12/31/2999
6871,EBS_INB_SP_FW_STARPLUS_VM,N/A,N/A,N/A,30,N/A,TX Enrollment Broker,EB,Austin,Central,Texas,N/A,N/A,USA,1/1/1900,12/31/2999
6872,EBS_INB_SP_FW_STAR_VM,N/A,N/A,N/A,30,N/A,TX Enrollment Broker,EB,Austin,Central,Texas,N/A,N/A,USA,1/1/1900,12/31/2999
6873,EBS_INB_SP_FW_TP40_VM,N/A,N/A,N/A,30,N/A,TX Enrollment Broker,EB,Austin,Central,Texas,N/A,N/A,USA,1/1/1900,12/31/2999
6874,EBS_INB_FW_END_SS,N/A,N/A,N/A,30,N/A,TX Enrollment Broker,EB,Austin,Central,Texas,N/A,N/A,USA,1/1/1900,12/31/2999
6876,EBS_INB_EN_DENTAL_VM,N/A,N/A,N/A,30,N/A,TX Enrollment Broker,EB,Austin,Central,Texas,N/A,N/A,USA,1/1/1900,12/31/2999
6877,EBS_INB_SP_DENTAL_VM,N/A,N/A,N/A,30,N/A,TX Enrollment Broker,EB,Austin,Central,Texas,N/A,N/A,USA,1/1/1900,12/31/2999
6883,EBS_INB_EN_FW_DENTAL_VM,N/A,N/A,N/A,30,N/A,TX Enrollment Broker,EB,Austin,Central,Texas,N/A,N/A,USA,1/1/1900,12/31/2999
6884,EBS_INB_SP_FW_DENTAL_VM,N/A,N/A,N/A,30,N/A,TX Enrollment Broker,EB,Austin,Central,Texas,N/A,N/A,USA,1/1/1900,12/31/2999
6885,EBS_INB_EN_FW_HEALTH_VM,N/A,N/A,N/A,30,N/A,TX Enrollment Broker,EB,Austin,Central,Texas,N/A,N/A,USA,1/1/1900,12/31/2999
6886,EBS_INB_SP_FW_HEALTH_VM,N/A,N/A,N/A,30,N/A,TX Enrollment Broker,EB,Austin,Central,Texas,N/A,N/A,USA,1/1/1900,12/31/2999
6887,EBS_XFER_EN_FREW,N/A,N/A,N/A,30,N/A,TX Enrollment Broker,EB,Austin,Central,Texas,N/A,N/A,USA,1/1/1900,12/31/2999
6888,EBS_XFER_EN_FREW_DISCO_NALO,N/A,N/A,N/A,30,N/A,TX Enrollment Broker,EB,Austin,Central,Texas,N/A,N/A,USA,1/1/1900,12/31/2999
6889,EBS_XFER_EN_FREW_DISCO_QERR,N/A,N/A,N/A,30,N/A,TX Enrollment Broker,EB,Austin,Central,Texas,N/A,N/A,USA,1/1/1900,12/31/2999
6890,EBS_XFER_EN_FREW_Q,EB FREW ENG,98.5,15,30,Inbound,TX Enrollment Broker,EB,Austin,Central,Texas,N/A,N/A,USA,1/1/1900,12/31/2999
6891,EBS_XFER_SP_FREW,N/A,N/A,N/A,30,N/A,TX Enrollment Broker,EB,Austin,Central,Texas,N/A,N/A,USA,1/1/1900,12/31/2999
6892,EBS_XFER_SP_FREW_DISCO_NALO,N/A,N/A,N/A,30,N/A,TX Enrollment Broker,EB,Austin,Central,Texas,N/A,N/A,USA,1/1/1900,12/31/2999
6893,EBS_XFER_SP_FREW_DISCO_QERR,N/A,N/A,N/A,30,N/A,TX Enrollment Broker,EB,Austin,Central,Texas,N/A,N/A,USA,1/1/1900,12/31/2999
6894,EBS_XFER_SP_FREW_Q,EB FREW SPN,98.5,15,30,Inbound,TX Enrollment Broker,EB,Austin,Central,Texas,N/A,N/A,USA,1/1/1900,12/31/2999
6919,EBS_INB_SP_FW_VM,EB FREW SPN VM,N/A,N/A,30,Inbound,TX Enrollment Broker,EB,Austin,Central,Texas,N/A,N/A,USA,1/1/1900,12/31/2999
6920,EBS_INB_EN_FW_VM,EB FREW ENG VM,N/A,N/A,30,Inbound,TX Enrollment Broker,EB,Austin,Central,Texas,N/A,N/A,USA,1/1/1900,12/31/2999
6939,ESS_TO_THS,N/A,N/A,N/A,30,N/A,TX Enrollment Broker,THS,Austin,Central,Texas,N/A,N/A,USA,1/1/1900,12/31/2999
6964,EBS_INB_EN_FW_GRP2_Q,EB FREW ENG,N/A,N/A,30,N/A,TX Enrollment Broker,EB,Austin,Central,Texas,N/A,N/A,USA,1/1/1900,12/31/2999
6965,EBS_INB_EN_FW_GRP3_Q,EB FREW ENG,N/A,N/A,30,N/A,TX Enrollment Broker,EB,Austin,Central,Texas,N/A,N/A,USA,1/1/1900,12/31/2999
6966,EBS_INB_EN_FW_GRP4_Q,EB FREW ENG,N/A,N/A,30,N/A,TX Enrollment Broker,EB,Austin,Central,Texas,N/A,N/A,USA,1/1/1900,12/31/2999
6967,EBS_INB_SP_FW_GRP2_Q,EB FREW SPN,N/A,N/A,30,N/A,TX Enrollment Broker,EB,Austin,Central,Texas,N/A,N/A,USA,1/1/1900,12/31/2999
6968,EBS_INB_SP_FW_GRP3_Q,EB FREW SPN,N/A,N/A,30,N/A,TX Enrollment Broker,EB,Austin,Central,Texas,N/A,N/A,USA,1/1/1900,12/31/2999
6969,EBS_INB_SP_FW_GRP4_Q,EB FREW SPN,N/A,N/A,30,N/A,TX Enrollment Broker,EB,Austin,Central,Texas,N/A,N/A,USA,1/1/1900,12/31/2999
6971,THS_INB_EN_GRP2_Q,THS FREW ENG,N/A,N/A,30,N/A,TX Enrollment Broker,THS,Austin,Central,Texas,N/A,N/A,USA,1/1/1900,12/31/2999
6972,THS_INB_EN_GRP3_Q,THS FREW ENG,N/A,N/A,30,N/A,TX Enrollment Broker,THS,Austin,Central,Texas,N/A,N/A,USA,1/1/1900,12/31/2999
6973,THS_INB_EN_GRP4_Q,THS FREW ENG,N/A,N/A,30,N/A,TX Enrollment Broker,THS,Austin,Central,Texas,N/A,N/A,USA,1/1/1900,12/31/2999
6974,THS_INB_SP_GRP2_Q,THS FREW SPN,N/A,N/A,30,N/A,TX Enrollment Broker,THS,Austin,Central,Texas,N/A,N/A,USA,1/1/1900,12/31/2999
6975,THS_INB_SP_GRP3_Q,THS FREW SPN,N/A,N/A,30,N/A,TX Enrollment Broker,THS,Austin,Central,Texas,N/A,N/A,USA,1/1/1900,12/31/2999
6976,THS_INB_SP_GRP4_Q,THS FREW SPN,N/A,N/A,30,N/A,TX Enrollment Broker,THS,Austin,Central,Texas,N/A,N/A,USA,1/1/1900,12/31/2999
6978,EBS_INB_EN_TO_FW_Q,N/A,N/A,N/A,30,N/A,TX Enrollment Broker,EB,Austin,Central,Texas,N/A,N/A,USA,1/1/1900,12/31/2999
6979,EBS_INB_SP_TO_FW_Q,N/A,N/A,N/A,30,N/A,TX Enrollment Broker,EB,Austin,Central,Texas,N/A,N/A,USA,1/1/1900,12/31/2999
6992,EBS_INB_EN_FW_OUT_GRP2_Q,N/A,N/A,N/A,30,N/A,TX Enrollment Broker,EB,Austin,Central,Texas,N/A,N/A,USA,1/1/1900,12/31/2999
6993,EBS_INB_EN_FW_OUT_GRP3_Q,N/A,N/A,N/A,30,N/A,TX Enrollment Broker,EB,Austin,Central,Texas,N/A,N/A,USA,1/1/1900,12/31/2999
6994,EBS_INB_EN_FW_OUT_GRP4_Q,N/A,N/A,N/A,30,N/A,TX Enrollment Broker,EB,Austin,Central,Texas,N/A,N/A,USA,1/1/1900,12/31/2999
6995,EBS_INB_EN_FW_OUT_Q,N/A,N/A,N/A,30,N/A,TX Enrollment Broker,EB,Austin,Central,Texas,N/A,N/A,USA,1/1/1900,12/31/2999
6996,EBS_INB_SP_FW_OUT_GRP2_Q,N/A,N/A,N/A,30,N/A,TX Enrollment Broker,EB,Austin,Central,Texas,N/A,N/A,USA,1/1/1900,12/31/2999
6997,EBS_INB_SP_FW_OUT_GRP3_Q,N/A,N/A,N/A,30,N/A,TX Enrollment Broker,EB,Austin,Central,Texas,N/A,N/A,USA,1/1/1900,12/31/2999
6998,EBS_INB_SP_FW_OUT_GRP4_Q,N/A,N/A,N/A,30,N/A,TX Enrollment Broker,EB,Austin,Central,Texas,N/A,N/A,USA,1/1/1900,12/31/2999
6999,EBS_INB_SP_FW_OUT_Q,N/A,N/A,N/A,30,N/A,TX Enrollment Broker,EB,Austin,Central,Texas,N/A,N/A,USA,1/1/1900,12/31/2999
7000,THS_INB_EN_OUT_GRP2_Q,N/A,N/A,N/A,30,N/A,TX Enrollment Broker,THS,Austin,Central,Texas,N/A,N/A,USA,1/1/1900,12/31/2999
7001,THS_INB_EN_OUT_GRP3_Q,N/A,N/A,N/A,30,N/A,TX Enrollment Broker,THS,Austin,Central,Texas,N/A,N/A,USA,1/1/1900,12/31/2999
7002,THS_INB_EN_OUT_GRP4_Q,N/A,N/A,N/A,30,N/A,TX Enrollment Broker,THS,Austin,Central,Texas,N/A,N/A,USA,1/1/1900,12/31/2999
7003,THS_INB_EN_OUT_Q,N/A,N/A,N/A,30,N/A,TX Enrollment Broker,THS,Austin,Central,Texas,N/A,N/A,USA,1/1/1900,12/31/2999
7004,THS_INB_SP_OUT_GRP2_Q,N/A,N/A,N/A,30,N/A,TX Enrollment Broker,THS,Austin,Central,Texas,N/A,N/A,USA,1/1/1900,12/31/2999
7005,THS_INB_SP_OUT_GRP3_Q,N/A,N/A,N/A,30,N/A,TX Enrollment Broker,THS,Austin,Central,Texas,N/A,N/A,USA,1/1/1900,12/31/2999
7006,THS_INB_SP_OUT_GRP4_Q,N/A,N/A,N/A,30,N/A,TX Enrollment Broker,THS,Austin,Central,Texas,N/A,N/A,USA,1/1/1900,12/31/2999
7007,THS_INB_SP_OUT_Q,N/A,N/A,N/A,30,N/A,TX Enrollment Broker,THS,Austin,Central,Texas,N/A,N/A,USA,1/1/1900,12/31/2999
5088,IEES_211_INB_EN_Q,ES EN,15,250,30,Inbound Voice,TX Eligibility Support,ES,Austin,Central,Texas,N/A,N/A,USA,1/1/1900,12/31/2999
5091,IEES_211_INB_SP_Q,ES SP,15,250,30,Inbound Voice,TX Eligibility Support,ES,Austin,Central,Texas,N/A,N/A,USA,1/1/1900,12/31/2999
5500,IEES_211_INB_EN_MEPD_Q,ES EN,15,250,30,Inbound Voice,TX Eligibility Support,ES,Austin,Central,Texas,N/A,N/A,USA,1/1/1900,12/31/2999
5501,IEES_211_INB_SP_MEPD_Q,ES SP,15,250,30,Inbound Voice,TX Eligibility Support,ES,Austin,Central,Texas,N/A,N/A,USA,1/1/1900,12/31/2999
6707,IEES_XFER_EN_Q,ES EN,15,250,30,Inbound Voice,TX Eligibility Support,ES,Austin,Central,Texas,N/A,N/A,USA,1/1/1900,12/31/2999
6710,IEES_XFER_SP_Q,ES SP,15,250,30,Inbound Voice,TX Eligibility Support,ES,Austin,Central,Texas,N/A,N/A,USA,1/1/1900,12/31/2999
6713,IEES_XFER_EN_MEPD_Q,ES EN,15,250,30,Inbound Voice,TX Eligibility Support,ES,Austin,Central,Texas,N/A,N/A,USA,1/1/1900,12/31/2999
6716,IEES_XFER_SP_MEPD_Q,ES SP,15,250,30,Inbound Voice,TX Eligibility Support,ES,Austin,Central,Texas,N/A,N/A,USA,1/1/1900,12/31/2999
5087,IEES_211_INB_EN_SEU_Q,ES SEU EN,10,N/A,30,Inbound Voice,TX Eligibility Support,ES,Austin,Central,Texas,N/A,N/A,USA,1/1/1900,12/31/2999
5090,IEES_211_INB_SP_SEU_Q,ES SEU SP,10,N/A,30,Inbound Voice,TX Eligibility Support,ES,Austin,Central,Texas,N/A,N/A,USA,1/1/1900,12/31/2999
5638,IEES_EN_SEU_XFER_Q,ES SEU EN,10,N/A,30,Inbound Voice,TX Eligibility Support,ES,Austin,Central,Texas,N/A,N/A,USA,1/1/1900,12/31/2999
5639,IEES_SP_SEU_XFER_Q,ES SEU SP,10,N/A,30,Inbound Voice,TX Eligibility Support,ES,Austin,Central,Texas,N/A,N/A,USA,1/1/1900,12/31/2999
5527,IEES_XFER_SUP_GBL_EN_Q,ES SEU  EN and ES SLAQ EN,10,N/A,30,Inbound Voice,TX Eligibility Support,ES,Austin,Central,Texas,N/A,N/A,USA,1/1/1900,12/31/2999
5528,IEES_XFER_SUP_GBL_SP_Q,ES SEU  SP and ES SLAQ SP,10,N/A,30,Inbound Voice,TX Eligibility Support,ES,Austin,Central,Texas,N/A,N/A,USA,1/1/1900,12/31/2999